ticker,exchange,signal,score,runup_pct,close,reason,as_of_utc
A,,PASS,30,30.2,143.12,Breakout seen but no run-up trigger (pullback/run-up thresholds not met),2026-09-11 03:51:51 UTC
AA,,PASS,39,38.5,48.3,Breakout seen but no run-up trigger (pullback/run-up thresholds not met),2026-09-11 03:51:51 UTC
AACB,,PASS,0,,10.59,Breakout seen but no run-up trigger (pullback/run-up thresholds not met),2026-09-11 03:51:51 UTC
AACI,,PASS,0,,10.04,Breakout seen but no run-up trigger (pullback/run-up thresholds not met),2026-09-11 03:51:51 UTC
AACO,,PASS,0,,,Not enough daily data,2026-09-11 03:51:51 UTC
AACOU,,PASS,0,,10.06,Breakout seen but no run-up trigger (pullback/run-up thresholds not met),2026-09-11 03:51:51 UTC
AACT,,PASS,43,43.3,3.8,"Triangle occurred on 2026-04-28, not within last 5 bars",2026-09-11 03:51:51 UTC
AAL,,PASS,41,41.2,12.85,"Triangle occurred on 2026-07-21, not within last 5 bars",2026-09-11 03:51:51 UTC
AAME,,PASS,0,,1.3,Price below minimum ($2.00),2026-09-11 03:51:51 UTC
AAMI,,PASS,35,34.8,92.05,Breakout seen but no run-up trigger (pullback/run-up thresholds not met),2026-09-11 03:51:51 UTC
AAOI,,PASS,112,111.8,103.29,Run-up triggered but EMA stack failed on run-up top (EMA10>EMA20>EMA50),2026-09-11 03:51:51 UTC
AAON,,PASS,74,74.0,76.52,"Triangle occurred on 2026-05-21, not within last 5 bars",2026-09-11 03:51:51 UTC
AAP,,PASS,63,63.3,43.31,Breakout seen but no run-up trigger (pullback/run-up thresholds not met),2026-09-11 03:51:51 UTC
AAPG,,PASS,47,46.8,16.67,Breakout seen but no run-up trigger (pullback/run-up thresholds not met),2026-09-11 03:51:51 UTC
AAPL,,PASS,0,,326.57,Breakout seen but no run-up trigger (pullback/run-up thresholds not met),2026-09-11 03:51:51 UTC
AAQC,,PASS,0,,10.12,Breakout seen but no run-up trigger (pullback/run-up thresholds not met),2026-09-11 03:51:51 UTC
AARD,,PASS,133,133.1,5.01,"Triangle occurred on 2026-07-20, not within last 5 bars",2026-09-11 03:51:51 UTC
AAT,,PASS,0,,21.38,Breakout seen but no run-up trigger (pullback/run-up thresholds not met),2026-09-11 03:51:51 UTC
AATC,,PASS,32,32.2,5.65,Breakout seen but no run-up trigger (pullback/run-up thresholds not met),2026-09-11 03:51:51 UTC
AAUC,,PASS,37,37.4,22.48,Breakout seen but no run-up trigger (pullback/run-up thresholds not met),2026-09-11 03:51:51 UTC
ABAT,,PASS,44,43.9,2.56,Breakout seen but no run-up trigger (pullback/run-up thresholds not met),2026-09-11 03:51:51 UTC
ABBV,,PASS,0,,255.0,Breakout seen but no run-up trigger (pullback/run-up thresholds not met),2026-09-11 03:51:51 UTC
ABCB,,PASS,33,32.5,84.62,Breakout seen but no run-up trigger (pullback/run-up thresholds not met),2026-09-11 03:51:51 UTC
ABCL,,PASS,153,152.6,10.46,"Triangle occurred on 2026-09-01, not within last 5 bars",2026-09-11 03:51:51 UTC
ABEO,,PASS,31,31.2,5.48,Triangle on 2026-09-04 but no higher low after triangle (last 10 bars),2026-09-11 03:51:51 UTC
ABEV,,PASS,0,,3.04,Breakout seen but no run-up trigger (pullback/run-up thresholds not met),2026-09-11 03:51:51 UTC
ABG,,PASS,34,33.7,208.81,Breakout seen but no run-up trigger (pullback/run-up thresholds not met),2026-09-11 03:51:51 UTC
ABL,,PASS,36,36.4,9.53,"Triangle occurred on 2026-07-14, not within last 5 bars",2026-09-11 03:51:51 UTC
ABM,,PASS,0,,49.07,Breakout seen but no run-up trigger (pullback/run-up thresholds not met),2026-09-11 03:51:51 UTC
ABNB,,PASS,0,,167.65,Breakout seen but no run-up trigger (pullback/run-up thresholds not met),2026-09-11 03:51:51 UTC
ABOS,,PASS,59,59.4,2.86,"Triangle occurred on 2026-03-11, not within last 5 bars",2026-09-11 03:51:51 UTC
ABR,,PASS,0,,4.81,Breakout seen but no run-up trigger (pullback/run-up thresholds not met),2026-09-11 03:51:51 UTC
ABR-D,,PASS,0,,15.46,Breakout seen but no run-up trigger (pullback/run-up thresholds not met),2026-09-11 03:51:51 UTC
ABSI,,PASS,50,49.9,8.24,"Triangle occurred on 2026-08-26, not within last 5 bars",2026-09-11 03:51:51 UTC
ABT,,PASS,0,,103.36,Breakout seen but no run-up trigger (pullback/run-up thresholds not met),2026-09-11 03:51:51 UTC
ABUS,,PASS,37,37.4,5.12,Breakout seen but no run-up trigger (pullback/run-up thresholds not met),2026-09-11 03:51:51 UTC
ABVX,,PASS,98,97.9,115.95,"Triangle occurred on 2026-07-17, not within last 5 bars",2026-09-11 03:51:51 UTC
ABX,,PASS,36,36.4,9.53,"Triangle occurred on 2026-07-14, not within last 5 bars",2026-09-11 03:51:51 UTC
ACA,,PASS,0,,145.25,Breakout seen but no run-up trigger (pullback/run-up thresholds not met),2026-09-11 03:51:51 UTC
ACAA,,PASS,0,,,Not enough daily data,2026-09-11 03:51:51 UTC
ACAD,,PASS,31,31.0,27.74,Breakout seen but no run-up trigger (pullback/run-up thresholds not met),2026-09-11 03:51:51 UTC
ACB,,PASS,46,45.7,3.73,Triangle on 2026-09-08 but no higher low after triangle (last 10 bars),2026-09-11 03:51:51 UTC
ACCO,,PASS,34,34.4,4.2,Breakout seen but no run-up trigger (pullback/run-up thresholds not met),2026-09-11 03:51:51 UTC
ACCS,,PASS,37,36.9,5.02,Breakout seen but no run-up trigger (pullback/run-up thresholds not met),2026-09-11 03:51:51 UTC
ACDC,,PASS,36,35.9,5.19,"Triangle occurred on 2026-05-26, not within last 5 bars",2026-09-11 03:51:51 UTC
ACEL,,PASS,32,32.1,11.53,Breakout seen but no run-up trigger (pullback/run-up thresholds not met),2026-09-11 03:51:51 UTC
ACET,,PASS,34,33.6,9.53,"Triangle occurred on 2026-06-04, not within last 5 bars",2026-09-11 03:51:51 UTC
ACFN,,PASS,31,31.2,20.97,"Triangle occurred on 2026-09-02, not within last 5 bars",2026-09-11 03:51:51 UTC
ACGL,,PASS,0,,96.2,Breakout seen but no run-up trigger (pullback/run-up thresholds not met),2026-09-11 03:51:51 UTC
ACH,,PASS,0,,1.08,Price below minimum ($2.00),2026-09-11 03:51:51 UTC
ACHC,,PASS,40,40.1,28.53,Breakout seen but no run-up trigger (pullback/run-up thresholds not met),2026-09-11 03:51:51 UTC
ACHR,,PASS,58,58.4,5.45,Run-up triggered but EMA stack failed on run-up top (EMA10>EMA20>EMA50),2026-09-11 03:51:51 UTC
ACHV,,PASS,46,45.7,7.28,"Triangle occurred on 2026-07-10, not within last 5 bars",2026-09-11 03:51:51 UTC
ACI,,PASS,0,,11.7,Breakout seen but no run-up trigger (pullback/run-up thresholds not met),2026-09-11 03:51:51 UTC
ACIC,,PASS,34,34.1,9.35,Breakout seen but no run-up trigger (pullback/run-up thresholds not met),2026-09-11 03:51:51 UTC
ACIU,,PASS,38,37.6,2.69,"Triangle occurred on 2026-08-31, not within last 5 bars",2026-09-11 03:51:51 UTC
ACIW,,PASS,41,41.4,51.97,"Triangle occurred on 2026-08-03, not within last 5 bars",2026-09-11 03:51:51 UTC
ACLS,,PASS,32,31.8,113.3,"Triangle occurred on 2026-06-26, not within last 5 bars",2026-09-11 03:51:51 UTC
ACLX,,PASS,0,,,**symbol** not found: ACLX. Please specify it correctly according to API Documentation.,2026-09-11 03:51:51 UTC
ACM,,PASS,0,,62.89,Breakout seen but no run-up trigger (pullback/run-up thresholds not met),2026-09-11 03:51:51 UTC
ACMR,,PASS,37,36.6,72.39,"Triangle occurred on 2026-08-06, not within last 5 bars",2026-09-11 03:51:51 UTC
ACN,,PASS,0,,177.91,Breakout seen but no run-up trigger (pullback/run-up thresholds not met),2026-09-11 03:51:51 UTC
ACNB,,PASS,0,,65.02,Breakout seen but no run-up trigger (pullback/run-up thresholds not met),2026-09-11 03:51:51 UTC
ACNT,,PASS,35,34.9,14.78,Breakout seen but no run-up trigger (pullback/run-up thresholds not met),2026-09-11 03:51:51 UTC
ACOG,,PASS,41,40.8,8.9,"Triangle occurred on 2026-07-23, not within last 5 bars",2026-09-11 03:51:51 UTC
ACON,,PASS,46,46.1,2.54,Breakout seen but no run-up trigger (pullback/run-up thresholds not met),2026-09-11 03:51:51 UTC
ACR,,PASS,35,35.4,13.66,Breakout seen but no run-up trigger (pullback/run-up thresholds not met),2026-09-11 03:51:51 UTC
ACR-D,,PASS,0,,19.97,Breakout seen but no run-up trigger (pullback/run-up thresholds not met),2026-09-11 03:51:51 UTC
ACRE,,PASS,44,44.3,4.37,Breakout seen but no run-up trigger (pullback/run-up thresholds not met),2026-09-11 03:51:51 UTC
ACRS,,PASS,30,30.0,5.5,Breakout seen but no run-up trigger (pullback/run-up thresholds not met),2026-09-11 03:51:51 UTC
ACRV,,PASS,70,69.5,2.04,"Triangle occurred on 2026-08-28, not within last 5 bars",2026-09-11 03:51:51 UTC
ACST,,PASS,30,30.3,2.26,Breakout seen but no run-up trigger (pullback/run-up thresholds not met),2026-09-11 03:51:51 UTC
ACT,,PASS,0,,49.5,Breakout seen but no run-up trigger (pullback/run-up thresholds not met),2026-09-11 03:51:51 UTC
ACTG,,PASS,31,30.6,4.57,Breakout seen but no run-up trigger (pullback/run-up thresholds not met),2026-09-11 03:51:51 UTC
ACTU,,PASS,0,,1.16,Price below minimum ($2.00),2026-09-11 03:51:51 UTC
ACU,,PASS,33,32.6,61.35,Breakout seen but no run-up trigger (pullback/run-up thresholds not met),2026-09-11 03:51:51 UTC
ACVA,,PASS,37,37.0,7.22,Breakout seen but no run-up trigger (pullback/run-up thresholds not met),2026-09-11 03:51:51 UTC
ACXP,,PASS,0,,1.4,Price below minimum ($2.00),2026-09-11 03:51:51 UTC
AD,,PASS,352,351.9,38.05,Breakout seen but no run-up trigger (pullback/run-up thresholds not met),2026-09-11 03:51:51 UTC
ADAG,,PASS,37,36.9,3.31,"Triangle occurred on 2026-08-13, not within last 5 bars",2026-09-11 03:51:51 UTC
ADAM,,PASS,0,,9.16,Breakout seen but no run-up trigger (pullback/run-up thresholds not met),2026-09-11 03:51:51 UTC
ADAMH,,PASS,0,,25.65,Breakout seen but no run-up trigger (pullback/run-up thresholds not met),2026-09-11 03:51:51 UTC
ADAML,,PASS,0,,24.94,Breakout seen but no run-up trigger (pullback/run-up thresholds not met),2026-09-11 03:51:51 UTC
ADAMM,,PASS,0,,25.6,Breakout seen but no run-up trigger (pullback/run-up thresholds not met),2026-09-11 03:51:51 UTC
ADAMN,,PASS,0,,24.55,Breakout seen but no run-up trigger (pullback/run-up thresholds not met),2026-09-11 03:51:51 UTC
ADAMZ,,PASS,0,,17.8,Breakout seen but no run-up trigger (pullback/run-up thresholds not met),2026-09-11 03:51:51 UTC
ADBE,,PASS,0,,248.83,Breakout seen but no run-up trigger (pullback/run-up thresholds not met),2026-09-11 03:51:51 UTC
ADC,,PASS,0,,71.49,Breakout seen but no run-up trigger (pullback/run-up thresholds not met),2026-09-11 03:51:51 UTC
ADCT,,PASS,0,,1.11,Price below minimum ($2.00),2026-09-11 03:51:51 UTC
ADD,,PASS,0,,0.01,Price below minimum ($2.00),2026-09-11 03:51:51 UTC
ADEA,,PASS,40,39.9,26.3,Run-up triggered but EMA stack failed on run-up top (EMA10>EMA20>EMA50),2026-09-11 03:51:51 UTC
ADI,,PASS,0,,361.25,Breakout seen but no run-up trigger (pullback/run-up thresholds not met),2026-09-11 03:51:51 UTC
ADIL,,PASS,36,35.8,6.0,"Triangle occurred on 2026-08-31, not within last 5 bars",2026-09-11 03:51:51 UTC
ADM,,PASS,0,,86.91,Breakout seen but no run-up trigger (pullback/run-up thresholds not met),2026-09-11 03:51:51 UTC
ADMA,,PASS,37,36.5,9.39,Breakout seen but no run-up trigger (pullback/run-up thresholds not met),2026-09-11 03:51:51 UTC
ADNT,,PASS,34,34.4,18.86,Breakout seen but no run-up trigger (pullback/run-up thresholds not met),2026-09-11 03:51:51 UTC
ADP,,PASS,0,,267.33,Breakout seen but no run-up trigger (pullback/run-up thresholds not met),2026-09-11 03:51:51 UTC
ADPT,,PASS,43,43.4,24.23,Breakout seen but no run-up trigger (pullback/run-up thresholds not met),2026-09-11 03:51:51 UTC
ADSE,,PASS,31,30.5,11.31,Breakout seen but no run-up trigger (pullback/run-up thresholds not met),2026-09-11 03:51:51 UTC
ADSK,,PASS,0,,211.61,Breakout seen but no run-up trigger (pullback/run-up thresholds not met),2026-09-11 03:51:51 UTC
ADT,,PASS,0,,7.01,Breakout seen but no run-up trigger (pullback/run-up thresholds not met),2026-09-11 03:51:51 UTC
ADTN,,PASS,42,41.7,7.18,"Triangle occurred on 2026-06-08, not within last 5 bars",2026-09-11 03:51:51 UTC
ADUR,,PASS,40,40.0,12.97,"Triangle occurred on 2026-08-19, not within last 5 bars",2026-09-11 03:51:51 UTC
ADUS,,PASS,0,,118.52,Breakout seen but no run-up trigger (pullback/run-up thresholds not met),2026-09-11 03:51:51 UTC
ADV,,PASS,39,38.8,32.63,"Triangle occurred on 2026-07-07, not within last 5 bars",2026-09-11 03:51:51 UTC
ADVB,,PASS,50,50.0,8.85,"Triangle occurred on 2026-09-02, not within last 5 bars",2026-09-11 03:51:51 UTC
ADXN,,PASS,40,40.5,3.39,"Triangle occurred on 2025-10-21, not within last 5 bars",2026-09-11 03:51:51 UTC
AEAQ,,PASS,0,,10.08,Breakout seen but no run-up trigger (pullback/run-up thresholds not met),2026-09-11 03:51:51 UTC
AEBI,,PASS,35,34.6,11.99,"Triangle occurred on 2026-08-27, not within last 5 bars",2026-09-11 03:51:51 UTC
AEC,,PASS,74,73.6,4.11,Breakout seen but no run-up trigger (pullback/run-up thresholds not met),2026-09-11 03:51:51 UTC
AEE,,PASS,0,,104.95,Breakout seen but no run-up trigger (pullback/run-up thresholds not met),2026-09-11 03:51:51 UTC
AEG,,PASS,0,,9.05,Breakout seen but no run-up trigger (pullback/run-up thresholds not met),2026-09-11 03:51:51 UTC
AEHL,,PASS,1974,1974.4,7.63,Run-up triggered but EMA stack failed on run-up top (EMA10>EMA20>EMA50),2026-09-11 03:51:51 UTC
AEHR,,PASS,131,131.0,93.81,"Triangle occurred on 2026-08-21, not within last 5 bars",2026-09-11 03:51:51 UTC
AEIS,,PASS,41,41.0,273.74,Run-up triggered but EMA stack failed on run-up top (EMA10>EMA20>EMA50),2026-09-11 03:51:51 UTC
AEM,,WATCH,60,60.4,196.68,"Triangle on 2026-09-08 (last 5 bars) + higher low after; EMA10 touched 3 bars; breakout 2026-08-25, top 2026-08-25, pullback-trigger 2026-08-28",2026-09-11 03:51:51 UTC
AEMD,,PASS,0,,1.56,Price below minimum ($2.00),2026-09-11 03:51:51 UTC
AENT,,PASS,34,34.1,5.51,Breakout seen but no run-up trigger (pullback/run-up thresholds not met),2026-09-11 03:51:51 UTC
AEO,,PASS,33,32.6,14.53,Breakout seen but no run-up trigger (pullback/run-up thresholds not met),2026-09-11 03:51:51 UTC
AEP,,PASS,0,,123.47,Breakout seen but no run-up trigger (pullback/run-up thresholds not met),2026-09-11 03:51:51 UTC
AER,,PASS,0,,140.43,Breakout seen but no run-up trigger (pullback/run-up thresholds not met),2026-09-11 03:51:51 UTC
AES,,PASS,40,39.7,14.8,Breakout seen but no run-up trigger (pullback/run-up thresholds not met),2026-09-11 03:51:51 UTC
AESI,,PASS,86,86.4,13.87,Breakout seen but no run-up trigger (pullback/run-up thresholds not met),2026-09-11 03:51:51 UTC
AEVA,,PASS,110,110.4,14.97,Run-up triggered but EMA stack failed on run-up top (EMA10>EMA20>EMA50),2026-09-11 03:51:51 UTC
AEXA,,PASS,0,,11.38,Breakout seen but no run-up trigger (pullback/run-up thresholds not met),2026-09-11 03:51:51 UTC
AEYE,,PASS,53,53.2,7.5,Run-up triggered but EMA stack failed on run-up top (EMA10>EMA20>EMA50),2026-09-11 03:51:51 UTC
AFBI,,PASS,0,,,**symbol** not found: AFBI. Please specify it correctly according to API Documentation.,2026-09-11 03:51:51 UTC
AFCG,,PASS,33,32.6,3.4,Run-up triggered but EMA stack failed on run-up top (EMA10>EMA20>EMA50),2026-09-11 03:51:51 UTC
AFG,,PASS,0,,141.65,Breakout seen but no run-up trigger (pullback/run-up thresholds not met),2026-09-11 03:51:51 UTC
AFJK,,PASS,249,248.8,12.6,Run-up triggered but EMA stack failed on run-up top (EMA10>EMA20>EMA50),2026-09-11 03:51:51 UTC
AFL,,PASS,0,,114.47,Breakout seen but no run-up trigger (pullback/run-up thresholds not met),2026-09-11 03:51:51 UTC
AFRI,,PASS,0,,11.21,Breakout seen but no run-up trigger (pullback/run-up thresholds not met),2026-09-11 03:51:51 UTC
AFRM,,PASS,63,63.3,67.99,Breakout seen but no run-up trigger (pullback/run-up thresholds not met),2026-09-11 03:51:51 UTC
AFYA,,PASS,0,,13.57,Breakout seen but no run-up trigger (pullback/run-up thresholds not met),2026-09-11 03:51:51 UTC
AG,,PASS,56,56.1,20.15,"Triangle occurred on 2026-09-01, not within last 5 bars",2026-09-11 03:51:51 UTC
AGBK,,PASS,0,,6.77,No breakout run-up cycle found,2026-09-11 03:51:51 UTC
AGCC,,PASS,97,96.8,13.64,"Triangle occurred on 2026-04-29, not within last 5 bars",2026-09-11 03:51:51 UTC
AGCO,,PASS,38,37.6,121.93,"Triangle occurred on 2026-02-25, not within last 5 bars",2026-09-11 03:51:51 UTC
AGEN,,PASS,205,205.3,6.89,"Triangle occurred on 2026-08-18, not within last 5 bars",2026-09-11 03:51:51 UTC
AGFY,,PASS,47,47.4,23.16,Breakout seen but no run-up trigger (pullback/run-up thresholds not met),2026-09-11 03:51:51 UTC
AGH,,PASS,50,49.5,65.62,Run-up triggered but no 3-consecutive EMA touch afterwards,2026-09-11 03:51:51 UTC
AGI,,PASS,34,33.5,35.67,Breakout seen but no run-up trigger (pullback/run-up thresholds not met),2026-09-11 03:51:51 UTC
AGIO,,PASS,64,64.0,33.64,"Triangle occurred on 2026-07-15, not within last 5 bars",2026-09-11 03:51:51 UTC
AGL,,PASS,30,30.0,92.6,"Triangle occurred on 2026-07-20, not within last 5 bars",2026-09-11 03:51:51 UTC
AGM,,PASS,32,32.3,224.6,Breakout seen but no run-up trigger (pullback/run-up thresholds not met),2026-09-11 03:51:51 UTC
AGM-E,,PASS,0,,20.5,Breakout seen but no run-up trigger (pullback/run-up thresholds not met),2026-09-11 03:51:51 UTC
AGM.A,,PASS,0,,155.0,Breakout seen but no run-up trigger (pullback/run-up thresholds not met),2026-09-11 03:51:51 UTC
AGMB,,PASS,31,30.7,13.94,"Triangle occurred on 2026-08-14, not within last 5 bars",2026-09-11 03:51:51 UTC
AGNC,,PASS,0,,10.19,Breakout seen but no run-up trigger (pullback/run-up thresholds not met),2026-09-11 03:51:51 UTC
AGNCZ,,PASS,0,,25.3,Breakout seen but no run-up trigger (pullback/run-up thresholds not met),2026-09-11 03:51:51 UTC
AGNT,,PASS,31,30.6,3.75,Breakout seen but no run-up trigger (pullback/run-up thresholds not met),2026-09-11 03:51:51 UTC
AGO,,PASS,0,,73.07,Breakout seen but no run-up trigger (pullback/run-up thresholds not met),2026-09-11 03:51:51 UTC
AGPU,,PASS,52,51.7,10.58,"Triangle occurred on 2026-09-02, not within last 5 bars",2026-09-11 03:51:51 UTC
AGRO,,PASS,30,30.1,12.33,Breakout seen but no run-up trigger (pullback/run-up thresholds not met),2026-09-11 03:51:51 UTC
AGX,,PASS,40,39.8,396.33,"Triangle occurred on 2026-07-06, not within last 5 bars",2026-09-11 03:51:51 UTC
AGYS,,PASS,37,36.8,105.47,Breakout seen but no run-up trigger (pullback/run-up thresholds not met),2026-09-11 03:51:51 UTC
AHCO,,PASS,0,,5.85,Breakout seen but no run-up trigger (pullback/run-up thresholds not met),2026-09-11 03:51:51 UTC
AHG,,PASS,0,,0.73,Price below minimum ($2.00),2026-09-11 03:51:51 UTC
AHH,,PASS,0,,6.33,Breakout seen but no run-up trigger (pullback/run-up thresholds not met),2026-09-11 03:51:51 UTC
AHL.PR.F,,PASS,0,,23.45,Breakout seen but no run-up trigger (pullback/run-up thresholds not met),2026-09-11 03:51:51 UTC
AHPA,,PASS,186,185.8,4.01,"Triangle occurred on 2026-06-08, not within last 5 bars",2026-09-11 03:51:51 UTC
AHR,,PASS,33,32.9,54.06,Breakout seen but no run-up trigger (pullback/run-up thresholds not met),2026-09-11 03:51:51 UTC
AHRT-A,,PASS,0,,21.32,Breakout seen but no run-up trigger (pullback/run-up thresholds not met),2026-09-11 03:51:51 UTC
AHT,,PASS,66,65.5,3.14,Breakout seen but no run-up trigger (pullback/run-up thresholds not met),2026-09-11 03:51:51 UTC
AI,,PASS,36,35.7,10.47,Breakout seen but no run-up trigger (pullback/run-up thresholds not met),2026-09-11 03:51:51 UTC
AIAI,,PASS,0,,,Not enough daily data,2026-09-11 03:51:51 UTC
AIB,,PASS,0,,1.37,Price below minimum ($2.00),2026-09-11 03:51:51 UTC
AIFF,,PASS,0,,1.07,Price below minimum ($2.00),2026-09-11 03:51:51 UTC
AIFU,,PASS,2746,2745.8,12.4,"Triangle occurred on 2026-07-09, not within last 5 bars",2026-09-11 03:51:51 UTC
AIG,,PASS,0,,75.03,Breakout seen but no run-up trigger (pullback/run-up thresholds not met),2026-09-11 03:51:51 UTC
AII,,PASS,34,34.2,25.41,Triangle on 2026-09-09 but no higher low after triangle (last 10 bars),2026-09-11 03:51:51 UTC
AIIA,,PASS,0,,10.24,Breakout seen but no run-up trigger (pullback/run-up thresholds not met),2026-09-11 03:51:51 UTC
AIIA.UN,,PASS,0,,10.36,Breakout seen but no run-up trigger (pullback/run-up thresholds not met),2026-09-11 03:51:51 UTC
AIIO,,PASS,0,,1.8,Price below minimum ($2.00),2026-09-11 03:51:51 UTC
AIIR,,PASS,49,49.2,7.68,Run-up triggered but EMA stack failed on run-up top (EMA10>EMA20>EMA50),2026-09-11 03:51:51 UTC
AIMD,,PASS,0,,1.43,Price below minimum ($2.00),2026-09-11 03:51:51 UTC
AIN,,PASS,0,,59.9,Breakout seen but no run-up trigger (pullback/run-up thresholds not met),2026-09-11 03:51:51 UTC
AIOS,,PASS,55,55.3,12.7,"Triangle occurred on 2025-02-25, not within last 5 bars",2026-09-11 03:51:51 UTC
AIOT,,PASS,37,37.2,2.95,"Triangle occurred on 2026-06-23, not within last 5 bars",2026-09-11 03:51:51 UTC
AIP,,PASS,41,40.8,22.41,Breakout seen but no run-up trigger (pullback/run-up thresholds not met),2026-09-11 03:51:51 UTC
AIR,,PASS,36,36.5,124.47,Breakout seen but no run-up trigger (pullback/run-up thresholds not met),2026-09-11 03:51:51 UTC
AIRE,,PASS,0,,1.49,Price below minimum ($2.00),2026-09-11 03:51:51 UTC
AIRG,,PASS,36,35.8,5.37,Breakout seen but no run-up trigger (pullback/run-up thresholds not met),2026-09-11 03:51:51 UTC
AIRI,,PASS,41,41.2,2.62,"Triangle occurred on 2026-03-06, not within last 5 bars",2026-09-11 03:51:51 UTC
AIRJ,,PASS,61,60.7,4.26,"Triangle occurred on 2026-08-18, not within last 5 bars",2026-09-11 03:51:51 UTC
AIRO,,PASS,92,92.5,6.94,"Triangle occurred on 2026-08-24, not within last 5 bars",2026-09-11 03:51:51 UTC
AIRS,,PASS,71,71.3,2.4,"Triangle occurred on 2026-06-05, not within last 5 bars",2026-09-11 03:51:51 UTC
AIRT,,PASS,56,56.0,29.2,Breakout seen but no run-up trigger (pullback/run-up thresholds not met),2026-09-11 03:51:51 UTC
AISP,,PASS,50,49.7,2.01,Breakout seen but no run-up trigger (pullback/run-up thresholds not met),2026-09-11 03:51:51 UTC
AIT,,PASS,0,,318.58,Breakout seen but no run-up trigger (pullback/run-up thresholds not met),2026-09-11 03:51:51 UTC
AIV,,PASS,0,,2.44,Breakout seen but no run-up trigger (pullback/run-up thresholds not met),2026-09-11 03:51:51 UTC
AIXI,,PASS,744,743.7,3.1,Run-up triggered but EMA stack failed on run-up top (EMA10>EMA20>EMA50),2026-09-11 03:51:51 UTC
AIZ,,PASS,0,,280.97,Breakout seen but no run-up trigger (pullback/run-up thresholds not met),2026-09-11 03:51:51 UTC
AJG,,PASS,0,,243.31,Breakout seen but no run-up trigger (pullback/run-up thresholds not met),2026-09-11 03:51:51 UTC
AKA,,PASS,34,33.9,10.92,Run-up triggered but EMA stack failed on run-up top (EMA10>EMA20>EMA50),2026-09-11 03:51:51 UTC
AKAM,,PASS,77,76.9,107.13,"Triangle occurred on 2026-05-21, not within last 5 bars",2026-09-11 03:51:51 UTC
AKAN,,PASS,2769,2769.1,3.0,"Triangle occurred on 2026-05-14, not within last 5 bars",2026-09-11 03:51:51 UTC
AKO.A,,PASS,0,,24.35,Breakout seen but no run-up trigger (pullback/run-up thresholds not met),2026-09-11 03:51:51 UTC
AKO.B,,PASS,33,32.6,29.11,"Triangle occurred on 2026-06-23, not within last 5 bars",2026-09-11 03:51:51 UTC
AKR,,PASS,0,,19.92,Breakout seen but no run-up trigger (pullback/run-up thresholds not met),2026-09-11 03:51:51 UTC
AKTS,,PASS,84,83.7,23.94,Breakout seen but no run-up trigger (pullback/run-up thresholds not met),2026-09-11 03:51:51 UTC
AKTX,,PASS,65,65.2,10.88,"Triangle occurred on 2026-06-11, not within last 5 bars",2026-09-11 03:51:51 UTC
ALAB,,PASS,65,64.8,284.53,"Triangle occurred on 2026-07-07, not within last 5 bars",2026-09-11 03:51:51 UTC
ALAR,,PASS,0,,1.78,Price below minimum ($2.00),2026-09-11 03:51:51 UTC
ALB,,PASS,31,31.4,122.11,Breakout seen but no run-up trigger (pullback/run-up thresholds not met),2026-09-11 03:51:51 UTC
ALB.PR.A,,PASS,31,31.1,50.54,Breakout seen but no run-up trigger (pullback/run-up thresholds not met),2026-09-11 03:51:51 UTC
ALC,,PASS,0,,66.55,Breakout seen but no run-up trigger (pullback/run-up thresholds not met),2026-09-11 03:51:51 UTC
ALCO,,PASS,38,37.6,39.69,Breakout seen but no run-up trigger (pullback/run-up thresholds not met),2026-09-11 03:51:51 UTC
ALCY,,PASS,35,35.2,12.29,Breakout seen but no run-up trigger (pullback/run-up thresholds not met),2026-09-11 03:51:51 UTC
ALDF,,PASS,0,,10.8,Breakout seen but no run-up trigger (pullback/run-up thresholds not met),2026-09-11 03:51:51 UTC
ALDX,,PASS,0,,1.46,Price below minimum ($2.00),2026-09-11 03:51:51 UTC
ALEC,,PASS,45,45.3,2.14,"Triangle occurred on 2026-03-04, not within last 5 bars",2026-09-11 03:51:51 UTC
ALF,,PASS,0,,10.89,Breakout seen but no run-up trigger (pullback/run-up thresholds not met),2026-09-11 03:51:51 UTC
ALG,,PASS,0,,167.28,Breakout seen but no run-up trigger (pullback/run-up thresholds not met),2026-09-11 03:51:51 UTC
ALGM,,PASS,32,32.5,35.27,"Triangle occurred on 2026-07-15, not within last 5 bars",2026-09-11 03:51:51 UTC
ALGN,,PASS,31,31.4,150.72,Breakout seen but no run-up trigger (pullback/run-up thresholds not met),2026-09-11 03:51:51 UTC
ALGS,,PASS,96,96.5,5.33,Run-up triggered but EMA stack failed on run-up top (EMA10>EMA20>EMA50),2026-09-11 03:51:51 UTC
ALGT,,PASS,55,54.5,76.07,"Triangle occurred on 2026-07-13, not within last 5 bars",2026-09-11 03:51:51 UTC
ALH,,PASS,42,42.2,21.14,Breakout seen but no run-up trigger (pullback/run-up thresholds not met),2026-09-11 03:51:51 UTC
ALHC,,PASS,92,92.5,12.76,"Triangle occurred on 2026-07-10, not within last 5 bars",2026-09-11 03:51:51 UTC
ALIS,,PASS,0,,10.28,Breakout seen but no run-up trigger (pullback/run-up thresholds not met),2026-09-11 03:51:51 UTC
ALK,,PASS,32,31.6,40.11,Breakout seen but no run-up trigger (pullback/run-up thresholds not met),2026-09-11 03:51:51 UTC
ALKS,,PASS,35,35.1,46.11,Breakout seen but no run-up trigger (pullback/run-up thresholds not met),2026-09-11 03:51:51 UTC
ALKT,,PASS,37,37.0,19.06,Breakout seen but no run-up trigger (pullback/run-up thresholds not met),2026-09-11 03:51:51 UTC
ALL,,PASS,0,,251.79,Breakout seen but no run-up trigger (pullback/run-up thresholds not met),2026-09-11 03:51:51 UTC
ALLE,,PASS,0,,151.27,Breakout seen but no run-up trigger (pullback/run-up thresholds not met),2026-09-11 03:51:51 UTC
ALLO,,PASS,0,,1.76,Price below minimum ($2.00),2026-09-11 03:51:51 UTC
ALLR,,PASS,0,,1.25,Price below minimum ($2.00),2026-09-11 03:51:51 UTC
ALLT,,PASS,34,33.6,7.47,"Triangle occurred on 2026-07-20, not within last 5 bars",2026-09-11 03:51:51 UTC
ALLY,,PASS,0,,42.17,Breakout seen but no run-up trigger (pullback/run-up thresholds not met),2026-09-11 03:51:51 UTC
ALM,,PASS,50,50.4,16.57,Breakout seen but no run-up trigger (pullback/run-up thresholds not met),2026-09-11 03:51:51 UTC
ALMR,,PASS,0,,,Not enough daily data,2026-09-11 03:51:51 UTC
ALMS,,PASS,56,56.0,9.9,Breakout seen but no run-up trigger (pullback/run-up thresholds not met),2026-09-11 03:51:51 UTC
ALMU,,PASS,81,81.0,13.24,"Triangle occurred on 2026-05-18, not within last 5 bars",2026-09-11 03:51:51 UTC
ALNT,,PASS,51,51.4,94.18,"Triangle occurred on 2026-08-25, not within last 5 bars",2026-09-11 03:51:51 UTC
ALNY,,PASS,39,39.1,247.51,Breakout seen but no run-up trigger (pullback/run-up thresholds not met),2026-09-11 03:51:51 UTC
ALOT,,PASS,72,72.0,28.99,Breakout seen but no run-up trigger (pullback/run-up thresholds not met),2026-09-11 03:51:51 UTC
ALOV,,PASS,0,,9.98,Breakout seen but no run-up trigger (pullback/run-up thresholds not met),2026-09-11 03:51:51 UTC
ALOY,,PASS,125,124.9,8.79,Run-up triggered but EMA stack failed on run-up top (EMA10>EMA20>EMA50),2026-09-11 03:51:51 UTC
ALRM,,PASS,0,,55.17,Breakout seen but no run-up trigger (pullback/run-up thresholds not met),2026-09-11 03:51:51 UTC
ALRS,,PASS,43,42.8,32.93,Breakout seen but no run-up trigger (pullback/run-up thresholds not met),2026-09-11 03:51:51 UTC
ALSN,,PASS,0,,127.54,Breakout seen but no run-up trigger (pullback/run-up thresholds not met),2026-09-11 03:51:51 UTC
ALT,,PASS,63,62.6,3.29,Breakout seen but no run-up trigger (pullback/run-up thresholds not met),2026-09-11 03:51:51 UTC
ALTG,,PASS,36,35.5,5.73,"Triangle occurred on 2026-08-18, not within last 5 bars",2026-09-11 03:51:51 UTC
ALTI,,PASS,37,37.0,3.25,"Triangle occurred on 2026-08-18, not within last 5 bars",2026-09-11 03:51:51 UTC
ALTO,,PASS,117,117.3,3.96,Breakout seen but no run-up trigger (pullback/run-up thresholds not met),2026-09-11 03:51:51 UTC
ALUB,,PASS,0,,10.12,Breakout seen but no run-up trigger (pullback/run-up thresholds not met),2026-09-11 03:51:51 UTC
ALUB.UN,,PASS,0,,10.24,Breakout seen but no run-up trigger (pullback/run-up thresholds not met),2026-09-11 03:51:51 UTC
ALV,,PASS,0,,121.17,Breakout seen but no run-up trigger (pullback/run-up thresholds not met),2026-09-11 03:51:51 UTC
ALVO,,PASS,77,77.3,5.24,Run-up triggered but no 3-consecutive EMA touch afterwards,2026-09-11 03:51:51 UTC
ALVR,,PASS,36,35.9,3.3,"Triangle occurred on 2026-03-03, not within last 5 bars",2026-09-11 03:51:51 UTC
ALX,,PASS,0,,253.3,Breakout seen but no run-up trigger (pullback/run-up thresholds not met),2026-09-11 03:51:51 UTC
ALXO,,PASS,0,,1.9,Price below minimum ($2.00),2026-09-11 03:51:51 UTC
AM,,PASS,0,,22.27,Breakout seen but no run-up trigger (pullback/run-up thresholds not met),2026-09-11 03:51:51 UTC
AMAL,,PASS,0,,48.52,Breakout seen but no run-up trigger (pullback/run-up thresholds not met),2026-09-11 03:51:51 UTC
AMAN,,PASS,0,,,Not enough daily data,2026-09-11 03:51:51 UTC
AMAT,,PASS,48,47.8,454.01,Breakout seen but no run-up trigger (pullback/run-up thresholds not met),2026-09-11 03:51:51 UTC
AMBA,,PASS,52,52.1,67.87,"Triangle occurred on 2026-07-09, not within last 5 bars",2026-09-11 03:51:51 UTC
AMBC,,PASS,61,60.8,4.99,Breakout seen but no run-up trigger (pullback/run-up thresholds not met),2026-09-11 03:51:51 UTC
AMBO,,PASS,45,44.7,2.08,"Triangle occurred on 2026-05-29, not within last 5 bars",2026-09-11 03:51:51 UTC
AMBP,,PASS,40,39.9,4.81,"Triangle occurred on 2026-08-03, not within last 5 bars",2026-09-11 03:51:51 UTC
AMBQ,,PASS,31,31.1,60.66,Breakout seen but no run-up trigger (pullback/run-up thresholds not met),2026-09-11 03:51:51 UTC
AMBR,,PASS,0,,1.01,Price below minimum ($2.00),2026-09-11 03:51:51 UTC
AMC,,PASS,89,89.4,2.36,"Triangle occurred on 2026-08-07, not within last 5 bars",2026-09-11 03:51:51 UTC
AMCI,,PASS,52,52.4,3.18,"Triangle occurred on 2026-08-24, not within last 5 bars",2026-09-11 03:51:51 UTC
AMCR,,PASS,0,,43.0,Breakout seen but no run-up trigger (pullback/run-up thresholds not met),2026-09-11 03:51:51 UTC
AMCX,,PASS,40,39.6,12.07,Breakout seen but no run-up trigger (pullback/run-up thresholds not met),2026-09-11 03:51:51 UTC
AMD,,PASS,34,33.7,503.6,Breakout seen but no run-up trigger (pullback/run-up thresholds not met),2026-09-11 03:51:51 UTC
AME,,PASS,0,,234.24,Breakout seen but no run-up trigger (pullback/run-up thresholds not met),2026-09-11 03:51:51 UTC
AMG,,PASS,0,,354.53,Breakout seen but no run-up trigger (pullback/run-up thresholds not met),2026-09-11 03:51:51 UTC
AMGN,,PASS,0,,382.47,Breakout seen but no run-up trigger (pullback/run-up thresholds not met),2026-09-11 03:51:51 UTC
AMH,,PASS,0,,31.56,Breakout seen but no run-up trigger (pullback/run-up thresholds not met),2026-09-11 03:51:51 UTC
AMKR,,PASS,50,50.3,49.53,"Triangle occurred on 2026-06-25, not within last 5 bars",2026-09-11 03:51:51 UTC
AMLX,,PASS,93,93.3,32.09,Triangle on 2026-09-04 but no higher low after triangle (last 10 bars),2026-09-11 03:51:51 UTC
AMN,,PASS,60,60.2,33.05,Breakout seen but no run-up trigger (pullback/run-up thresholds not met),2026-09-11 03:51:51 UTC
AMP,,PASS,0,,553.53,Breakout seen but no run-up trigger (pullback/run-up thresholds not met),2026-09-11 03:51:51 UTC
AMPG,,PASS,141,141.3,3.45,"Triangle occurred on 2026-07-01, not within last 5 bars",2026-09-11 03:51:51 UTC
AMPH,,PASS,51,50.9,23.54,Breakout seen but no run-up trigger (pullback/run-up thresholds not met),2026-09-11 03:51:51 UTC
AMPL,,PASS,81,80.7,12.46,Breakout seen but no run-up trigger (pullback/run-up thresholds not met),2026-09-11 03:51:51 UTC
AMPX,,PASS,70,70.0,9.55,"Triangle occurred on 2026-06-09, not within last 5 bars",2026-09-11 03:51:51 UTC
AMPY,,PASS,39,39.2,4.96,Run-up triggered but EMA stack failed on run-up top (EMA10>EMA20>EMA50),2026-09-11 03:51:51 UTC
AMR,,PASS,81,81.5,217.73,"Triangle occurred on 2025-12-31, not within last 5 bars",2026-09-11 03:51:51 UTC
AMRC,,PASS,74,73.7,22.79,Run-up triggered but EMA stack failed on run-up top (EMA10>EMA20>EMA50),2026-09-11 03:51:51 UTC
AMRK,,PASS,40,39.8,49.33,Breakout seen but no run-up trigger (pullback/run-up thresholds not met),2026-09-11 03:51:51 UTC
AMRN,,PASS,32,31.9,14.04,Breakout seen but no run-up trigger (pullback/run-up thresholds not met),2026-09-11 03:51:51 UTC
AMRX,,PASS,43,43.0,16.87,Breakout seen but no run-up trigger (pullback/run-up thresholds not met),2026-09-11 03:51:51 UTC
AMRZ,,PASS,0,,40.44,Breakout seen but no run-up trigger (pullback/run-up thresholds not met),2026-09-11 03:51:51 UTC
AMSC,,PASS,95,94.9,28.66,"Triangle occurred on 2026-05-14, not within last 5 bars",2026-09-11 03:51:51 UTC
AMSF,,PASS,0,,24.66,Breakout seen but no run-up trigger (pullback/run-up thresholds not met),2026-09-11 03:51:51 UTC
AMSS,,PASS,0,,,Not enough daily data,2026-09-11 03:51:51 UTC
AMST,,PASS,0,,1.03,Price below minimum ($2.00),2026-09-11 03:51:51 UTC
AMT,,PASS,0,,172.98,Breakout seen but no run-up trigger (pullback/run-up thresholds not met),2026-09-11 03:51:51 UTC
AMTB,,PASS,0,,29.26,Breakout seen but no run-up trigger (pullback/run-up thresholds not met),2026-09-11 03:51:51 UTC
AMTM,,PASS,51,51.0,19.56,Breakout seen but no run-up trigger (pullback/run-up thresholds not met),2026-09-11 03:51:51 UTC
AMTX,,PASS,51,50.8,2.02,Breakout seen but no run-up trigger (pullback/run-up thresholds not met),2026-09-11 03:51:51 UTC
AMWD,,PASS,0,,,**symbol** not found: AMWD. Please specify it correctly according to API Documentation.,2026-09-11 03:51:51 UTC
AMWL,,PASS,55,55.5,12.79,"Triangle occurred on 2026-07-29, not within last 5 bars",2026-09-11 03:51:51 UTC
AMX,,PASS,37,37.3,22.82,Breakout seen but no run-up trigger (pullback/run-up thresholds not met),2026-09-11 03:51:51 UTC
AMZN,,PASS,40,39.9,251.89,Breakout seen but no run-up trigger (pullback/run-up thresholds not met),2026-09-11 03:51:51 UTC
AN,,PASS,0,,207.22,Breakout seen but no run-up trigger (pullback/run-up thresholds not met),2026-09-11 03:51:51 UTC
ANAB,,PASS,64,63.7,55.16,Breakout seen but no run-up trigger (pullback/run-up thresholds not met),2026-09-11 03:51:51 UTC
ANDE,,PASS,33,33.0,71.88,Breakout seen but no run-up trigger (pullback/run-up thresholds not met),2026-09-11 03:51:51 UTC
ANDG,,PASS,31,30.6,53.19,Triangle on 2026-09-10 but no higher low after triangle (last 10 bars),2026-09-11 03:51:51 UTC
ANET,,PASS,37,37.0,188.99,"Triangle occurred on 2026-08-25, not within last 5 bars",2026-09-11 03:51:51 UTC
ANF,,PASS,54,53.9,142.93,"Triangle occurred on 2026-08-19, not within last 5 bars",2026-09-11 03:51:51 UTC
ANG.PR.D,,PASS,0,,23.15,Breakout seen but no run-up trigger (pullback/run-up thresholds not met),2026-09-11 03:51:51 UTC
ANGH,,PASS,146,145.8,3.26,"Triangle occurred on 2026-06-24, not within last 5 bars",2026-09-11 03:51:51 UTC
ANGI,,PASS,30,30.2,4.65,Run-up triggered but EMA stack failed on run-up top (EMA10>EMA20>EMA50),2026-09-11 03:51:51 UTC
ANGIV,,PASS,0,,,Not enough daily data,2026-09-11 03:51:51 UTC
ANGO,,WATCH,32,32.3,15.24,"Triangle on 2026-09-03 (last 5 bars) + higher low after; EMA10 touched 3 bars; breakout 2026-08-10, top 2026-09-01, pullback-trigger 2026-09-03",2026-09-11 03:51:51 UTC
ANGX,,PASS,46,46.0,5.38,Breakout seen but no run-up trigger (pullback/run-up thresholds not met),2026-09-11 03:51:51 UTC
ANIK,,PASS,57,56.9,20.99,"Triangle occurred on 2026-08-28, not within last 5 bars",2026-09-11 03:51:51 UTC
ANIP,,PASS,59,58.9,71.46,Breakout seen but no run-up trigger (pullback/run-up thresholds not met),2026-09-11 03:51:51 UTC
ANIX,,PASS,65,64.8,2.75,"Triangle occurred on 2026-07-29, not within last 5 bars",2026-09-11 03:51:51 UTC
ANL,,PASS,52,52.0,15.09,Breakout seen but no run-up trigger (pullback/run-up thresholds not met),2026-09-11 03:51:51 UTC
ANNA,,PASS,242,242.1,3.47,Breakout seen but no run-up trigger (pullback/run-up thresholds not met),2026-09-11 03:51:51 UTC
ANNX,,PASS,46,46.0,4.14,"Triangle occurred on 2026-07-14, not within last 5 bars",2026-09-11 03:51:51 UTC
ANPA,,PASS,792,792.0,2.77,"Triangle occurred on 2026-01-22, not within last 5 bars",2026-09-11 03:51:51 UTC
ANRO,,PASS,45,45.3,31.68,"Triangle occurred on 2026-09-01, not within last 5 bars",2026-09-11 03:51:51 UTC
ANSC,,PASS,0,,11.46,Breakout seen but no run-up trigger (pullback/run-up thresholds not met),2026-09-11 03:51:51 UTC
ANTA,,PASS,63,63.3,3.89,Run-up triggered but EMA stack failed on run-up top (EMA10>EMA20>EMA50),2026-09-11 03:51:51 UTC
ANTX,,PASS,58,58.0,5.69,"Triangle occurred on 2026-08-19, not within last 5 bars",2026-09-11 03:51:51 UTC
ANVS,,PASS,0,,1.19,Price below minimum ($2.00),2026-09-11 03:51:51 UTC
ANY,,PASS,48,47.9,2.54,Run-up triggered but EMA stack failed on run-up top (EMA10>EMA20>EMA50),2026-09-11 03:51:51 UTC
AOMR,,PASS,40,40.5,8.1,Breakout seen but no run-up trigger (pullback/run-up thresholds not met),2026-09-11 03:51:51 UTC
AON,,PASS,0,,307.77,Breakout seen but no run-up trigger (pullback/run-up thresholds not met),2026-09-11 03:51:51 UTC
AORT,,PASS,0,,24.65,Breakout seen but no run-up trigger (pullback/run-up thresholds not met),2026-09-11 03:51:51 UTC
AOS,,PASS,0,,56.71,Breakout seen but no run-up trigger (pullback/run-up thresholds not met),2026-09-11 03:51:51 UTC
AOSL,,PASS,49,49.5,24.81,"Triangle occurred on 2026-06-08, not within last 5 bars",2026-09-11 03:51:51 UTC
AOUT,,PASS,31,31.4,15.03,Run-up triggered but EMA stack failed on run-up top (EMA10>EMA20>EMA50),2026-09-11 03:51:51 UTC
AP,,PASS,31,31.2,8.24,Run-up triggered but EMA stack failed on run-up top (EMA10>EMA20>EMA50),2026-09-11 03:51:51 UTC
APA,,PASS,30,30.4,44.53,"Triangle occurred on 2026-08-26, not within last 5 bars",2026-09-11 03:51:51 UTC
APAC,,PASS,169,168.8,10.25,Breakout seen but no run-up trigger (pullback/run-up thresholds not met),2026-09-11 03:51:51 UTC
APAD,,PASS,0,,,**symbol** not found: APAD. Please specify it correctly according to API Documentation.,2026-09-11 03:51:51 UTC
APAM,,PASS,0,,39.7,Breakout seen but no run-up trigger (pullback/run-up thresholds not met),2026-09-11 03:51:51 UTC
APC,,PASS,0,,18.74,Breakout seen but no run-up trigger (pullback/run-up thresholds not met),2026-09-11 03:51:51 UTC
APD,,PASS,0,,293.65,Breakout seen but no run-up trigger (pullback/run-up thresholds not met),2026-09-11 03:51:51 UTC
APEI,,PASS,36,36.2,44.86,Breakout seen but no run-up trigger (pullback/run-up thresholds not met),2026-09-11 03:51:51 UTC
APG,,PASS,31,31.0,37.38,Breakout seen but no run-up trigger (pullback/run-up thresholds not met),2026-09-11 03:51:51 UTC
APGE,,PASS,41,41.2,135.07,Breakout seen but no run-up trigger (pullback/run-up thresholds not met),2026-09-11 03:51:51 UTC
APH,,PASS,43,43.0,80.25,Breakout seen but no run-up trigger (pullback/run-up thresholds not met),2026-09-11 03:51:51 UTC
API,,PASS,57,56.6,4.04,Breakout seen but no run-up trigger (pullback/run-up thresholds not met),2026-09-11 03:51:51 UTC
APLD,,PASS,42,42.2,25.78,"Triangle occurred on 2026-06-11, not within last 5 bars",2026-09-11 03:51:51 UTC
APLE,,PASS,0,,15.56,Breakout seen but no run-up trigger (pullback/run-up thresholds not met),2026-09-11 03:51:51 UTC
APLM,,PASS,69,69.4,23.86,"Triangle occurred on 2026-07-01, not within last 5 bars",2026-09-11 03:51:51 UTC
APLS,,PASS,0,,3.29,Breakout seen but no run-up trigger (pullback/run-up thresholds not met),2026-09-11 03:51:51 UTC
APN,,PASS,0,,10.7,Breakout seen but no run-up trigger (pullback/run-up thresholds not met),2026-09-11 03:51:51 UTC
APO,,PASS,32,31.8,127.91,Breakout seen but no run-up trigger (pullback/run-up thresholds not met),2026-09-11 03:51:51 UTC
APOG,,PASS,38,38.2,37.53,Breakout seen but no run-up trigger (pullback/run-up thresholds not met),2026-09-11 03:51:51 UTC
APP,,PASS,35,34.9,314.49,"Triangle occurred on 2026-06-08, not within last 5 bars",2026-09-11 03:51:51 UTC
APPF,,PASS,33,32.8,205.76,Breakout seen but no run-up trigger (pullback/run-up thresholds not met),2026-09-11 03:51:51 UTC
APPN,,PASS,70,70.4,34.04,"Triangle occurred on 2025-12-01, not within last 5 bars",2026-09-11 03:51:51 UTC
APPS,,PASS,95,95.4,11.8,"Triangle occurred on 2026-08-19, not within last 5 bars",2026-09-11 03:51:51 UTC
APT,,PASS,67,66.7,5.22,Breakout seen but no run-up trigger (pullback/run-up thresholds not met),2026-09-11 03:51:51 UTC
APTV,,PASS,52,51.9,45.69,Run-up triggered but EMA stack failed on run-up top (EMA10>EMA20>EMA50),2026-09-11 03:51:51 UTC
APVO,,PASS,0,,1.83,Price below minimum ($2.00),2026-09-11 03:51:51 UTC
APXT,,PASS,71,70.6,10.14,Breakout seen but no run-up trigger (pullback/run-up thresholds not met),2026-09-11 03:51:51 UTC
APYX,,PASS,35,35.5,2.89,"Triangle occurred on 2026-06-23, not within last 5 bars",2026-09-11 03:51:51 UTC
AQMS,,PASS,31,30.9,2.22,"Triangle occurred on 2026-05-12, not within last 5 bars",2026-09-11 03:51:51 UTC
AQN,,PASS,0,,5.43,Breakout seen but no run-up trigger (pullback/run-up thresholds not met),2026-09-11 03:51:51 UTC
AQST,,PASS,35,34.7,4.99,"Triangle occurred on 2026-06-29, not within last 5 bars",2026-09-11 03:51:51 UTC
AR,,PASS,36,36.0,39.17,Breakout seen but no run-up trigger (pullback/run-up thresholds not met),2026-09-11 03:51:51 UTC
ARBB,,PASS,36,35.7,4.62,Run-up triggered but EMA stack failed on run-up top (EMA10>EMA20>EMA50),2026-09-11 03:51:51 UTC
ARBK,,PASS,42,42.4,2.9,Run-up triggered but EMA stack failed on run-up top (EMA10>EMA20>EMA50),2026-09-11 03:51:51 UTC
ARCB,,PASS,61,60.7,134.97,Breakout seen but no run-up trigger (pullback/run-up thresholds not met),2026-09-11 03:51:51 UTC
ARCC,,PASS,0,,19.68,Breakout seen but no run-up trigger (pullback/run-up thresholds not met),2026-09-11 03:51:51 UTC
ARCI,,PASS,0,,10.1,Breakout seen but no run-up trigger (pullback/run-up thresholds not met),2026-09-11 03:51:51 UTC
ARCO,,PASS,0,,8.06,Breakout seen but no run-up trigger (pullback/run-up thresholds not met),2026-09-11 03:51:51 UTC
ARCT,,PASS,202,201.6,13.98,"Triangle occurred on 2026-04-24, not within last 5 bars",2026-09-11 03:51:51 UTC
ARD,,PASS,35,35.2,24.12,Breakout seen but no run-up trigger (pullback/run-up thresholds not met),2026-09-11 03:51:51 UTC
ARDT,,PASS,31,30.9,10.9,"Triangle occurred on 2026-08-03, not within last 5 bars",2026-09-11 03:51:51 UTC
ARDX,,PASS,46,45.6,3.62,Breakout seen but no run-up trigger (pullback/run-up thresholds not met),2026-09-11 03:51:51 UTC
ARE,,PASS,0,,49.56,Breakout seen but no run-up trigger (pullback/run-up thresholds not met),2026-09-11 03:51:51 UTC
AREC,,PASS,81,81.0,2.19,"Triangle occurred on 2026-08-21, not within last 5 bars",2026-09-11 03:51:51 UTC
AREN,,PASS,0,,,Data not found,2026-09-11 03:51:51 UTC
ARES,,PASS,0,,130.63,Breakout seen but no run-up trigger (pullback/run-up thresholds not met),2026-09-11 03:51:51 UTC
ARES-B,,PASS,0,,42.13,Breakout seen but no run-up trigger (pullback/run-up thresholds not met),2026-09-11 03:51:51 UTC
ARGX,,PASS,0,,984.04,Breakout seen but no run-up trigger (pullback/run-up thresholds not met),2026-09-11 03:51:51 UTC
ARHS,,PASS,40,40.3,7.94,"Triangle occurred on 2026-08-24, not within last 5 bars",2026-09-11 03:51:51 UTC
ARI,,PASS,0,,6.68,Breakout seen but no run-up trigger (pullback/run-up thresholds not met),2026-09-11 03:51:51 UTC
ARIS,,PASS,62,61.5,19.41,Triangle on 2026-09-09 but no higher low after triangle (last 10 bars),2026-09-11 03:51:51 UTC
ARIZ,,PASS,0,,1.3,Price below minimum ($2.00),2026-09-11 03:51:51 UTC
ARKO,,PASS,32,32.0,4.47,Breakout seen but no run-up trigger (pullback/run-up thresholds not met),2026-09-11 03:51:51 UTC
ARKR,,PASS,41,40.7,4.97,"Triangle occurred on 2026-05-05, not within last 5 bars",2026-09-11 03:51:51 UTC
ARL,,PASS,67,66.9,15.75,Breakout seen but no run-up trigger (pullback/run-up thresholds not met),2026-09-11 03:51:51 UTC
ARLO,,PASS,34,34.2,13.0,"Triangle occurred on 2026-08-11, not within last 5 bars",2026-09-11 03:51:51 UTC
ARM,,PASS,111,110.8,254.18,"Triangle occurred on 2026-06-09, not within last 5 bars",2026-09-11 03:51:51 UTC
ARMK,,PASS,0,,56.76,Breakout seen but no run-up trigger (pullback/run-up thresholds not met),2026-09-11 03:51:51 UTC
ARMP,,PASS,102,101.6,5.23,Breakout seen but no run-up trigger (pullback/run-up thresholds not met),2026-09-11 03:51:51 UTC
AROC,,PASS,34,33.6,32.36,Breakout seen but no run-up trigger (pullback/run-up thresholds not met),2026-09-11 03:51:51 UTC
AROW,,PASS,0,,39.07,Breakout seen but no run-up trigger (pullback/run-up thresholds not met),2026-09-11 03:51:51 UTC
ARQ,,PASS,33,33.0,2.23,Run-up triggered but EMA stack failed on run-up top (EMA10>EMA20>EMA50),2026-09-11 03:51:51 UTC
ARQQ,,PASS,61,61.5,20.58,"Triangle occurred on 2026-08-21, not within last 5 bars",2026-09-11 03:51:51 UTC
ARQT,,PASS,39,38.6,23.38,Breakout seen but no run-up trigger (pullback/run-up thresholds not met),2026-09-11 03:51:51 UTC
ARR,,PASS,0,,15.83,Breakout seen but no run-up trigger (pullback/run-up thresholds not met),2026-09-11 03:51:51 UTC
ARRY,,PASS,32,32.0,4.55,"Triangle occurred on 2026-02-04, not within last 5 bars",2026-09-11 03:51:51 UTC
ARTC,,PASS,0,,10.0,Breakout seen but no run-up trigger (pullback/run-up thresholds not met),2026-09-11 03:51:51 UTC
ARTNA,,PASS,0,,35.9,Breakout seen but no run-up trigger (pullback/run-up thresholds not met),2026-09-11 03:51:51 UTC
ARTV,,PASS,57,56.7,10.42,Breakout seen but no run-up trigger (pullback/run-up thresholds not met),2026-09-11 03:51:51 UTC
ARTW,,PASS,101,101.4,3.03,Run-up triggered but EMA stack failed on run-up top (EMA10>EMA20>EMA50),2026-09-11 03:51:51 UTC
ARVN,,PASS,53,53.4,8.71,Breakout seen but no run-up trigger (pullback/run-up thresholds not met),2026-09-11 03:51:51 UTC
ARW,,PASS,33,32.5,213.44,Breakout seen but no run-up trigger (pullback/run-up thresholds not met),2026-09-11 03:51:51 UTC
ARWR,,PASS,37,36.6,82.76,Run-up triggered but EMA stack failed on run-up top (EMA10>EMA20>EMA50),2026-09-11 03:51:51 UTC
ARX,,PASS,45,44.8,19.84,Breakout seen but no run-up trigger (pullback/run-up thresholds not met),2026-09-11 03:51:51 UTC
ARXS,,PASS,0,,,Not enough daily data,2026-09-11 03:51:51 UTC
AS,,PASS,65,65.5,27.41,Breakout seen but no run-up trigger (pullback/run-up thresholds not met),2026-09-11 03:51:51 UTC
ASAI,,PASS,33,32.9,9.47,Breakout seen but no run-up trigger (pullback/run-up thresholds not met),2026-09-11 03:51:51 UTC
ASAN,,PASS,53,53.2,8.56,Breakout seen but no run-up trigger (pullback/run-up thresholds not met),2026-09-11 03:51:51 UTC
ASB,,PASS,0,,30.34,Breakout seen but no run-up trigger (pullback/run-up thresholds not met),2026-09-11 03:51:51 UTC
ASBP,,PASS,78,78.3,9.12,Breakout seen but no run-up trigger (pullback/run-up thresholds not met),2026-09-11 03:51:51 UTC
ASC,,PASS,34,34.3,18.46,Breakout seen but no run-up trigger (pullback/run-up thresholds not met),2026-09-11 03:51:51 UTC
ASGN,,PASS,100,99.9,30.39,"Triangle occurred on 2026-08-19, not within last 5 bars",2026-09-11 03:51:51 UTC
ASH,,PASS,0,,70.7,Breakout seen but no run-up trigger (pullback/run-up thresholds not met),2026-09-11 03:51:51 UTC
ASIC,,PASS,43,42.5,27.15,Breakout seen but no run-up trigger (pullback/run-up thresholds not met),2026-09-11 03:51:51 UTC
ASIX,,PASS,0,,16.84,Breakout seen but no run-up trigger (pullback/run-up thresholds not met),2026-09-11 03:51:51 UTC
ASLE,,PASS,58,58.1,5.37,Breakout seen but no run-up trigger (pullback/run-up thresholds not met),2026-09-11 03:51:51 UTC
ASM,,PASS,53,53.0,7.12,"Triangle occurred on 2026-09-01, not within last 5 bars",2026-09-11 03:51:51 UTC
ASMB,,PASS,51,51.0,30.46,"Triangle occurred on 2026-09-01, not within last 5 bars",2026-09-11 03:51:51 UTC
ASML,,PASS,0,,1687.43,Breakout seen but no run-up trigger (pullback/run-up thresholds not met),2026-09-11 03:51:51 UTC
ASND,,PASS,48,47.5,261.23,Breakout seen but no run-up trigger (pullback/run-up thresholds not met),2026-09-11 03:51:51 UTC
ASO,,PASS,38,37.9,54.22,Breakout seen but no run-up trigger (pullback/run-up thresholds not met),2026-09-11 03:51:51 UTC
ASPC,,PASS,46,46.3,10.92,Breakout seen but no run-up trigger (pullback/run-up thresholds not met),2026-09-11 03:51:51 UTC
ASPI,,PASS,78,77.7,3.59,"Triangle occurred on 2026-06-08, not within last 5 bars",2026-09-11 03:51:51 UTC
ASPN,,PASS,99,99.3,4.76,Run-up triggered but EMA stack failed on run-up top (EMA10>EMA20>EMA50),2026-09-11 03:51:51 UTC
ASPS,,PASS,30,30.2,5.85,"Triangle occurred on 2026-07-06, not within last 5 bars",2026-09-11 03:51:51 UTC
ASR,,PASS,0,,251.16,Breakout seen but no run-up trigger (pullback/run-up thresholds not met),2026-09-11 03:51:51 UTC
ASRT,,PASS,0,,9.0,Breakout seen but no run-up trigger (pullback/run-up thresholds not met),2026-09-11 03:51:51 UTC
ASRV,,PASS,42,42.0,4.95,"Triangle occurred on 2026-08-24, not within last 5 bars",2026-09-11 03:51:51 UTC
ASST,,PASS,140,140.4,26.9,"Triangle occurred on 2026-05-29, not within last 5 bars",2026-09-11 03:51:51 UTC
ASTC,,PASS,2974,2973.7,7.21,"Triangle occurred on 2026-06-10, not within last 5 bars",2026-09-11 03:51:51 UTC
ASTE,,PASS,36,36.1,41.72,Breakout seen but no run-up trigger (pullback/run-up thresholds not met),2026-09-11 03:51:51 UTC
ASTH,,PASS,43,43.3,38.03,"Triangle occurred on 2026-07-22, not within last 5 bars",2026-09-11 03:51:51 UTC
ASTI,,PASS,156,155.9,2.83,"Triangle occurred on 2026-06-05, not within last 5 bars",2026-09-11 03:51:51 UTC
ASTL,,PASS,39,39.5,4.3,Run-up triggered but EMA stack failed on run-up top (EMA10>EMA20>EMA50),2026-09-11 03:51:51 UTC
ASTS,,PASS,42,42.2,59.91,Run-up triggered but EMA stack failed on run-up top (EMA10>EMA20>EMA50),2026-09-11 03:51:51 UTC
ASUR,,PASS,41,41.4,8.39,Breakout seen but no run-up trigger (pullback/run-up thresholds not met),2026-09-11 03:51:51 UTC
ASX,,PASS,38,38.5,39.86,Breakout seen but no run-up trigger (pullback/run-up thresholds not met),2026-09-11 03:51:51 UTC
ASYS,,PASS,48,48.3,15.06,"Triangle occurred on 2026-05-19, not within last 5 bars",2026-09-11 03:51:51 UTC
ATAI,,PASS,39,39.4,7.36,Breakout seen but no run-up trigger (pullback/run-up thresholds not met),2026-09-11 03:51:51 UTC
ATAT,,PASS,53,52.6,32.85,Breakout seen but no run-up trigger (pullback/run-up thresholds not met),2026-09-11 03:51:51 UTC
ATCX,,PASS,52,51.8,3.17,Run-up triggered but EMA stack failed on run-up top (EMA10>EMA20>EMA50),2026-09-11 03:51:51 UTC
ATEC,,PASS,61,61.2,8.84,Breakout seen but no run-up trigger (pullback/run-up thresholds not met),2026-09-11 03:51:51 UTC
ATEN,,PASS,32,31.8,24.39,Breakout seen but no run-up trigger (pullback/run-up thresholds not met),2026-09-11 03:51:51 UTC
ATEST,,PASS,0,,24.98,Breakout seen but no run-up trigger (pullback/run-up thresholds not met),2026-09-11 03:51:51 UTC
ATEX,,PASS,58,58.1,82.79,"Triangle occurred on 2026-07-17, not within last 5 bars",2026-09-11 03:51:51 UTC
ATGE,,PASS,0,,,**symbol** not found: ATGE. Please specify it correctly according to API Documentation.,2026-09-11 03:51:51 UTC
ATGL,,PASS,117,116.7,6.0,Run-up triggered but EMA stack failed on run-up top (EMA10>EMA20>EMA50),2026-09-11 03:51:51 UTC
ATH.PR.E,,PASS,0,,25.28,Breakout seen but no run-up trigger (pullback/run-up thresholds not met),2026-09-11 03:51:51 UTC
ATHE,,PASS,48,48.2,4.11,Breakout seen but no run-up trigger (pullback/run-up thresholds not met),2026-09-11 03:51:51 UTC
ATHM,,PASS,30,30.4,21.67,Breakout seen but no run-up trigger (pullback/run-up thresholds not met),2026-09-11 03:51:51 UTC
ATHR,,PASS,83,82.8,3.16,"Triangle occurred on 2026-07-10, not within last 5 bars",2026-09-11 03:51:51 UTC
ATI,,PASS,39,39.4,199.0,"Triangle occurred on 2026-08-27, not within last 5 bars",2026-09-11 03:51:51 UTC
ATIF,,PASS,51,50.8,7.27,Run-up triggered but EMA stack failed on run-up top (EMA10>EMA20>EMA50),2026-09-11 03:51:51 UTC
ATII,,PASS,0,,10.65,Breakout seen but no run-up trigger (pullback/run-up thresholds not met),2026-09-11 03:51:51 UTC
ATKR,,PASS,0,,94.16,Breakout seen but no run-up trigger (pullback/run-up thresholds not met),2026-09-11 03:51:51 UTC
ATLC,,PASS,40,40.0,93.36,Breakout seen but no run-up trigger (pullback/run-up thresholds not met),2026-09-11 03:51:51 UTC
ATLO,,PASS,0,,32.34,Breakout seen but no run-up trigger (pullback/run-up thresholds not met),2026-09-11 03:51:51 UTC
ATLX,,PASS,50,50.0,3.1,Breakout seen but no run-up trigger (pullback/run-up thresholds not met),2026-09-11 03:51:51 UTC
ATMR,,PASS,0,,,Not enough daily data,2026-09-11 03:51:51 UTC
ATMU,,PASS,0,,45.41,Breakout seen but no run-up trigger (pullback/run-up thresholds not met),2026-09-11 03:51:51 UTC
ATNI,,PASS,44,44.0,30.65,"Triangle occurred on 2026-08-27, not within last 5 bars",2026-09-11 03:51:51 UTC
ATO,,PASS,0,,164.81,Breakout seen but no run-up trigger (pullback/run-up thresholds not met),2026-09-11 03:51:51 UTC
ATOM,,PASS,72,72.2,4.07,"Triangle occurred on 2026-06-02, not within last 5 bars",2026-09-11 03:51:51 UTC
ATOS,,PASS,45,44.9,2.34,Run-up triggered but EMA stack failed on run-up top (EMA10>EMA20>EMA50),2026-09-11 03:51:51 UTC
ATPC,,PASS,329,329.3,2.37,Run-up triggered but EMA stack failed on run-up top (EMA10>EMA20>EMA50),2026-09-11 03:51:51 UTC
ATR,,PASS,0,,123.05,Breakout seen but no run-up trigger (pullback/run-up thresholds not met),2026-09-11 03:51:51 UTC
ATRA,,PASS,175,175.4,9.89,Breakout seen but no run-up trigger (pullback/run-up thresholds not met),2026-09-11 03:51:51 UTC
ATRC,,PASS,33,33.4,52.96,Breakout seen but no run-up trigger (pullback/run-up thresholds not met),2026-09-11 03:51:51 UTC
ATRO,,PASS,46,46.3,73.49,"Triangle occurred on 2026-08-24, not within last 5 bars",2026-09-11 03:51:51 UTC
ATS,,PASS,0,,19.03,Breakout seen but no run-up trigger (pullback/run-up thresholds not met),2026-09-11 03:51:51 UTC
ATXG,,PASS,69,69.1,3.44,Run-up triggered but EMA stack failed on run-up top (EMA10>EMA20>EMA50),2026-09-11 03:51:51 UTC
AU,,PASS,68,68.1,103.88,"Triangle occurred on 2025-08-18, not within last 5 bars",2026-09-11 03:51:51 UTC
AUB,,PASS,32,31.7,39.62,Breakout seen but no run-up trigger (pullback/run-up thresholds not met),2026-09-11 03:51:51 UTC
AUB.PR.A,,PASS,0,,23.7,Breakout seen but no run-up trigger (pullback/run-up thresholds not met),2026-09-11 03:51:51 UTC
AUBN,,PASS,30,30.0,26.85,Breakout seen but no run-up trigger (pullback/run-up thresholds not met),2026-09-11 03:51:51 UTC
AUC,,PASS,51,50.8,7.27,Run-up triggered but EMA stack failed on run-up top (EMA10>EMA20>EMA50),2026-09-11 03:51:51 UTC
AUDC,,PASS,31,30.5,9.03,Breakout seen but no run-up trigger (pullback/run-up thresholds not met),2026-09-11 03:51:51 UTC
AUGO,,PASS,72,71.6,86.01,Triangle on 2026-09-09 but no higher low after triangle (last 10 bars),2026-09-11 03:51:51 UTC
AUNA,,PASS,39,38.9,5.18,Breakout seen but no run-up trigger (pullback/run-up thresholds not met),2026-09-11 03:51:51 UTC
AUPH,,PASS,49,48.6,16.11,Breakout seen but no run-up trigger (pullback/run-up thresholds not met),2026-09-11 03:51:51 UTC
AUR,,PASS,79,78.8,6.33,Breakout seen but no run-up trigger (pullback/run-up thresholds not met),2026-09-11 03:51:51 UTC
AURA,,PASS,43,43.4,6.99,Breakout seen but no run-up trigger (pullback/run-up thresholds not met),2026-09-11 03:51:51 UTC
AURE,,PASS,0,,1.4,Price below minimum ($2.00),2026-09-11 03:51:51 UTC
AUTL,,PASS,0,,1.96,Price below minimum ($2.00),2026-09-11 03:51:51 UTC
AVA,,PASS,0,,37.13,Breakout seen but no run-up trigger (pullback/run-up thresholds not met),2026-09-11 03:51:51 UTC
AVAH,,PASS,60,59.9,13.86,Breakout seen but no run-up trigger (pullback/run-up thresholds not met),2026-09-11 03:51:51 UTC
AVAL,,PASS,31,31.3,5.39,"Triangle occurred on 2026-06-24, not within last 5 bars",2026-09-11 03:51:51 UTC
AVAN,,PASS,0,,10.04,Breakout seen but no run-up trigger (pullback/run-up thresholds not met),2026-09-11 03:51:51 UTC
AVAV,,PASS,48,48.0,147.07,Triangle on 2026-09-10 but no higher low after triangle (last 10 bars),2026-09-11 03:51:51 UTC
AVB,,PASS,0,,68.14,Breakout seen but no run-up trigger (pullback/run-up thresholds not met),2026-09-11 03:51:51 UTC
AVBC,,PASS,0,,21.75,Breakout seen but no run-up trigger (pullback/run-up thresholds not met),2026-09-11 03:51:51 UTC
AVBH,,PASS,32,32.0,31.6,Breakout seen but no run-up trigger (pullback/run-up thresholds not met),2026-09-11 03:51:51 UTC
AVBP,,PASS,34,33.7,28.7,"Triangle occurred on 2026-07-10, not within last 5 bars",2026-09-11 03:51:51 UTC
AVD,,PASS,34,34.0,2.23,Run-up triggered but EMA stack failed on run-up top (EMA10>EMA20>EMA50),2026-09-11 03:51:51 UTC
AVEX,,PASS,0,,,Not enough daily data,2026-09-11 03:51:51 UTC
AVGO,,PASS,48,48.1,360.83,Breakout seen but no run-up trigger (pullback/run-up thresholds not met),2026-09-11 03:51:51 UTC
AVIR,,PASS,48,47.6,5.18,Breakout seen but no run-up trigger (pullback/run-up thresholds not met),2026-09-11 03:51:51 UTC
AVLN,,PASS,0,,,Not enough daily data,2026-09-11 03:51:51 UTC
AVNS,,PASS,0,,,**symbol** not found: AVNS. Please specify it correctly according to API Documentation.,2026-09-11 03:51:51 UTC
AVNT,,PASS,31,31.1,41.72,"Triangle occurred on 2026-08-27, not within last 5 bars",2026-09-11 03:51:51 UTC
AVNW,,PASS,34,34.4,19.82,Breakout seen but no run-up trigger (pullback/run-up thresholds not met),2026-09-11 03:51:51 UTC
AVO,,PASS,32,32.1,13.24,Breakout seen but no run-up trigger (pullback/run-up thresholds not met),2026-09-11 03:51:51 UTC
AVPT,,PASS,39,38.8,12.78,Breakout seen but no run-up trigger (pullback/run-up thresholds not met),2026-09-11 03:51:51 UTC
AVR,,PASS,31,30.7,8.3,"Triangle occurred on 2026-08-26, not within last 5 bars",2026-09-11 03:51:51 UTC
AVT,,PASS,50,49.6,92.97,Breakout seen but no run-up trigger (pullback/run-up thresholds not met),2026-09-11 03:51:51 UTC
AVTE,,PASS,115,114.8,19.14,Breakout seen but no run-up trigger (pullback/run-up thresholds not met),2026-09-11 03:51:51 UTC
AVTR,,PASS,43,43.5,14.88,Breakout seen but no run-up trigger (pullback/run-up thresholds not met),2026-09-11 03:51:51 UTC
AVTX,,PASS,61,60.5,17.18,Breakout seen but no run-up trigger (pullback/run-up thresholds not met),2026-09-11 03:51:51 UTC
AVXL,,PASS,50,50.0,2.66,"Triangle occurred on 2026-08-18, not within last 5 bars",2026-09-11 03:51:51 UTC
AVY,,PASS,0,,168.77,Breakout seen but no run-up trigger (pullback/run-up thresholds not met),2026-09-11 03:51:51 UTC
AWI,,PASS,0,,162.73,Breakout seen but no run-up trigger (pullback/run-up thresholds not met),2026-09-11 03:51:51 UTC
AWK,,PASS,0,,139.84,Breakout seen but no run-up trigger (pullback/run-up thresholds not met),2026-09-11 03:51:51 UTC
AWR,,PASS,0,,87.47,Breakout seen but no run-up trigger (pullback/run-up thresholds not met),2026-09-11 03:51:51 UTC
AWX,,PASS,117,117.2,2.65,Breakout seen but no run-up trigger (pullback/run-up thresholds not met),2026-09-11 03:51:51 UTC
AX,,PASS,35,35.4,93.72,Breakout seen but no run-up trigger (pullback/run-up thresholds not met),2026-09-11 03:51:51 UTC
AXG,,PASS,46,46.5,2.18,Breakout seen but no run-up trigger (pullback/run-up thresholds not met),2026-09-11 03:51:51 UTC
AXGN,,PASS,32,32.2,41.85,Breakout seen but no run-up trigger (pullback/run-up thresholds not met),2026-09-11 03:51:51 UTC
AXIA,,PASS,33,32.8,9.53,Breakout seen but no run-up trigger (pullback/run-up thresholds not met),2026-09-11 03:51:51 UTC
AXIA-,,PASS,0,,,**symbol** not found: AXIA-. Please specify it correctly according to API Documentation.,2026-09-11 03:51:51 UTC
AXIA-C,,PASS,0,,9.5,Breakout seen but no run-up trigger (pullback/run-up thresholds not met),2026-09-11 03:51:51 UTC
AXIL,,PASS,109,109.3,6.01,Run-up triggered but EMA stack failed on run-up top (EMA10>EMA20>EMA50),2026-09-11 03:51:51 UTC
AXIN,,PASS,0,,10.33,Breakout seen but no run-up trigger (pullback/run-up thresholds not met),2026-09-11 03:51:51 UTC
AXON,,PASS,65,65.4,478.85,Breakout seen but no run-up trigger (pullback/run-up thresholds not met),2026-09-11 03:51:51 UTC
AXP,,PASS,0,,320.71,Breakout seen but no run-up trigger (pullback/run-up thresholds not met),2026-09-11 03:51:51 UTC
AXR,,PASS,36,35.9,22.97,Breakout seen but no run-up trigger (pullback/run-up thresholds not met),2026-09-11 03:51:51 UTC
AXS,,PASS,0,,98.89,Breakout seen but no run-up trigger (pullback/run-up thresholds not met),2026-09-11 03:51:51 UTC
AXSM,,PASS,30,30.2,211.12,Breakout seen but no run-up trigger (pullback/run-up thresholds not met),2026-09-11 03:51:51 UTC
AXTA,,PASS,32,32.3,34.02,Breakout seen but no run-up trigger (pullback/run-up thresholds not met),2026-09-11 03:51:51 UTC
AXTI,,PASS,166,166.2,64.7,"Triangle occurred on 2026-06-02, not within last 5 bars",2026-09-11 03:51:51 UTC
AYA,,PASS,55,54.8,28.42,Breakout seen but no run-up trigger (pullback/run-up thresholds not met),2026-09-11 03:51:51 UTC
AYASF,,PASS,0,,,**symbol** not found: AYASF. Please specify it correctly according to API Documentation.,2026-09-11 03:51:51 UTC
AYI,,PASS,0,,316.25,Breakout seen but no run-up trigger (pullback/run-up thresholds not met),2026-09-11 03:51:51 UTC
AYRO,,PASS,84,83.6,2.45,Breakout seen but no run-up trigger (pullback/run-up thresholds not met),2026-09-11 03:51:51 UTC
AYTU,,PASS,30,30.2,2.05,Breakout seen but no run-up trigger (pullback/run-up thresholds not met),2026-09-11 03:51:51 UTC
AZ,,PASS,59,58.9,5.73,"Triangle occurred on 2026-08-21, not within last 5 bars",2026-09-11 03:51:51 UTC
AZN,,PASS,0,,159.64,Breakout seen but no run-up trigger (pullback/run-up thresholds not met),2026-09-11 03:51:51 UTC
AZO,,PASS,0,,2881.47,Breakout seen but no run-up trigger (pullback/run-up thresholds not met),2026-09-11 03:51:51 UTC
AZRX,,PASS,58,58.0,2.97,Run-up triggered but EMA stack failed on run-up top (EMA10>EMA20>EMA50),2026-09-11 03:51:51 UTC
AZTA,,PASS,39,39.3,30.18,Breakout seen but no run-up trigger (pullback/run-up thresholds not met),2026-09-11 03:51:51 UTC
AZZ,,PASS,31,31.0,136.52,Breakout seen but no run-up trigger (pullback/run-up thresholds not met),2026-09-11 03:51:51 UTC
B,,PASS,0,,43.46,Breakout seen but no run-up trigger (pullback/run-up thresholds not met),2026-09-11 03:51:51 UTC
BA,,PASS,0,,204.8,Breakout seen but no run-up trigger (pullback/run-up thresholds not met),2026-09-11 03:51:51 UTC
BA-A,,PASS,0,,63.68,Breakout seen but no run-up trigger (pullback/run-up thresholds not met),2026-09-11 03:51:51 UTC
BABA,,PASS,32,31.8,108.56,Breakout seen but no run-up trigger (pullback/run-up thresholds not met),2026-09-11 03:51:51 UTC
BAC,,PASS,0,,62.56,Breakout seen but no run-up trigger (pullback/run-up thresholds not met),2026-09-11 03:51:51 UTC
BAC.PR.S,,PASS,0,,17.65,Breakout seen but no run-up trigger (pullback/run-up thresholds not met),2026-09-11 03:51:51 UTC
BACC,,PASS,0,,10.53,Breakout seen but no run-up trigger (pullback/run-up thresholds not met),2026-09-11 03:51:51 UTC
BACQ,,PASS,0,,,**symbol** not found: BACQ. Please specify it correctly according to API Documentation.,2026-09-11 03:51:51 UTC
BAER,,PASS,0,,1.04,Price below minimum ($2.00),2026-09-11 03:51:51 UTC
BAFN,,PASS,46,45.8,8.18,Breakout seen but no run-up trigger (pullback/run-up thresholds not met),2026-09-11 03:51:51 UTC
BAH,,PASS,31,30.8,75.68,Breakout seen but no run-up trigger (pullback/run-up thresholds not met),2026-09-11 03:51:51 UTC
BAK,,PASS,50,49.9,2.11,"Triangle occurred on 2026-06-02, not within last 5 bars",2026-09-11 03:51:51 UTC
BALL,,PASS,0,,59.74,Breakout seen but no run-up trigger (pullback/run-up thresholds not met),2026-09-11 03:51:51 UTC
BALY,,PASS,44,44.5,9.07,Breakout seen but no run-up trigger (pullback/run-up thresholds not met),2026-09-11 03:51:51 UTC
BAM,,PASS,0,,47.24,Breakout seen but no run-up trigger (pullback/run-up thresholds not met),2026-09-11 03:51:51 UTC
BAMR,,PASS,0,,38.02,Breakout seen but no run-up trigger (pullback/run-up thresholds not met),2026-09-11 03:51:51 UTC
BANC,,PASS,0,,18.4,Breakout seen but no run-up trigger (pullback/run-up thresholds not met),2026-09-11 03:51:51 UTC
BANC-F,,PASS,0,,25.09,Breakout seen but no run-up trigger (pullback/run-up thresholds not met),2026-09-11 03:51:51 UTC
BAND,,PASS,64,64.2,51.62,"Triangle occurred on 2026-07-20, not within last 5 bars",2026-09-11 03:51:51 UTC
BANF,,PASS,0,,110.84,Breakout seen but no run-up trigger (pullback/run-up thresholds not met),2026-09-11 03:51:51 UTC
BANR,,PASS,0,,70.82,Breakout seen but no run-up trigger (pullback/run-up thresholds not met),2026-09-11 03:51:51 UTC
BANX,,PASS,0,,20.95,Breakout seen but no run-up trigger (pullback/run-up thresholds not met),2026-09-11 03:51:51 UTC
BAOS,,PASS,0,,0.31,Price below minimum ($2.00),2026-09-11 03:51:51 UTC
BAP,,PASS,33,33.3,379.44,Breakout seen but no run-up trigger (pullback/run-up thresholds not met),2026-09-11 03:51:51 UTC
BARK,,PASS,32,32.1,9.6,Run-up triggered but EMA stack failed on run-up top (EMA10>EMA20>EMA50),2026-09-11 03:51:51 UTC
BATL,,PASS,0,,1.37,Price below minimum ($2.00),2026-09-11 03:51:51 UTC
BATRA,,PASS,0,,54.72,Breakout seen but no run-up trigger (pullback/run-up thresholds not met),2026-09-11 03:51:51 UTC
BATRK,,PASS,0,,49.46,Breakout seen but no run-up trigger (pullback/run-up thresholds not met),2026-09-11 03:51:51 UTC
BAX,,PASS,40,40.2,24.18,"Triangle occurred on 2026-08-20, not within last 5 bars",2026-09-11 03:51:51 UTC
BAYA,,PASS,57,57.5,11.9,"Triangle occurred on 2026-07-13, not within last 5 bars",2026-09-11 03:51:51 UTC
BB,,PASS,66,65.5,7.54,"Triangle occurred on 2026-07-09, not within last 5 bars",2026-09-11 03:51:51 UTC
BBAI,,PASS,32,31.7,2.82,Run-up triggered but EMA stack failed on run-up top (EMA10>EMA20>EMA50),2026-09-11 03:51:51 UTC
BBAR,,PASS,31,30.7,15.34,"Triangle occurred on 2026-06-26, not within last 5 bars",2026-09-11 03:51:51 UTC
BBBY,,PASS,40,40.0,3.82,Run-up triggered but EMA stack failed on run-up top (EMA10>EMA20>EMA50),2026-09-11 03:51:51 UTC
BBCP,,PASS,60,59.6,10.18,Breakout seen but no run-up trigger (pullback/run-up thresholds not met),2026-09-11 03:51:51 UTC
BBCQ,,PASS,0,,9.79,Breakout seen but no run-up trigger (pullback/run-up thresholds not met),2026-09-11 03:51:51 UTC
BBD,,PASS,0,,3.58,Breakout seen but no run-up trigger (pullback/run-up thresholds not met),2026-09-11 03:51:51 UTC
BBDC,,PASS,0,,8.71,Breakout seen but no run-up trigger (pullback/run-up thresholds not met),2026-09-11 03:51:51 UTC
BBDO,,PASS,0,,3.19,Breakout seen but no run-up trigger (pullback/run-up thresholds not met),2026-09-11 03:51:51 UTC
BBGI,,PASS,40,40.2,15.9,"Triangle occurred on 2026-08-11, not within last 5 bars",2026-09-11 03:51:51 UTC
BBIO,,PASS,42,42.4,72.5,"Triangle occurred on 2026-07-20, not within last 5 bars",2026-09-11 03:51:51 UTC
BBNX,,PASS,63,62.9,16.59,"Triangle occurred on 2026-09-02, not within last 5 bars",2026-09-11 03:51:51 UTC
BBOT,,PASS,32,32.0,5.52,"Triangle occurred on 2026-08-18, not within last 5 bars",2026-09-11 03:51:51 UTC
BBSI,,PASS,0,,32.86,Breakout seen but no run-up trigger (pullback/run-up thresholds not met),2026-09-11 03:51:51 UTC
BBT,,PASS,0,,31.34,Breakout seen but no run-up trigger (pullback/run-up thresholds not met),2026-09-11 03:51:51 UTC
BBUC,,PASS,39,39.4,26.38,Breakout seen but no run-up trigger (pullback/run-up thresholds not met),2026-09-11 03:51:51 UTC
BBVA,,PASS,33,32.5,28.84,Breakout seen but no run-up trigger (pullback/run-up thresholds not met),2026-09-11 03:51:51 UTC
BBW,,PASS,59,58.7,28.18,Breakout seen but no run-up trigger (pullback/run-up thresholds not met),2026-09-11 03:51:51 UTC
BBWI,,PASS,36,36.2,17.45,Breakout seen but no run-up trigger (pullback/run-up thresholds not met),2026-09-11 03:51:51 UTC
BBY,,PASS,42,41.9,88.09,Breakout seen but no run-up trigger (pullback/run-up thresholds not met),2026-09-11 03:51:51 UTC
BC,,PASS,0,,69.88,Breakout seen but no run-up trigger (pullback/run-up thresholds not met),2026-09-11 03:51:51 UTC
BCAB,,PASS,0,,1.18,Price below minimum ($2.00),2026-09-11 03:51:51 UTC
BCAL,,PASS,0,,21.82,Breakout seen but no run-up trigger (pullback/run-up thresholds not met),2026-09-11 03:51:51 UTC
BCAR,,PASS,0,,4.82,Breakout seen but no run-up trigger (pullback/run-up thresholds not met),2026-09-11 03:51:51 UTC
BCAX,,PASS,62,62.3,23.1,"Triangle occurred on 2026-07-14, not within last 5 bars",2026-09-11 03:51:51 UTC
BCBP,,PASS,0,,8.69,Breakout seen but no run-up trigger (pullback/run-up thresholds not met),2026-09-11 03:51:51 UTC
BCC,,PASS,0,,75.05,Breakout seen but no run-up trigger (pullback/run-up thresholds not met),2026-09-11 03:51:51 UTC
BCE,,PASS,0,,23.25,Breakout seen but no run-up trigger (pullback/run-up thresholds not met),2026-09-11 03:51:51 UTC
BCG,,PASS,0,,1.26,Price below minimum ($2.00),2026-09-11 03:51:51 UTC
BCH,,PASS,0,,41.86,Breakout seen but no run-up trigger (pullback/run-up thresholds not met),2026-09-11 03:51:51 UTC
BCIC,,PASS,0,,7.07,Breakout seen but no run-up trigger (pullback/run-up thresholds not met),2026-09-11 03:51:51 UTC
BCML,,PASS,0,,30.23,Breakout seen but no run-up trigger (pullback/run-up thresholds not met),2026-09-11 03:51:51 UTC
BCO,,PASS,37,36.5,109.29,"Triangle occurred on 2026-07-30, not within last 5 bars",2026-09-11 03:51:51 UTC
BCOW,,PASS,0,,17.68,Breakout seen but no run-up trigger (pullback/run-up thresholds not met),2026-09-11 03:51:51 UTC
BCPC,,PASS,0,,166.67,Breakout seen but no run-up trigger (pullback/run-up thresholds not met),2026-09-11 03:51:51 UTC
BCRX,,PASS,39,38.5,8.29,Breakout seen but no run-up trigger (pullback/run-up thresholds not met),2026-09-11 03:51:51 UTC
BCS,,PASS,0,,26.21,Breakout seen but no run-up trigger (pullback/run-up thresholds not met),2026-09-11 03:51:51 UTC
BCSF,,PASS,0,,11.4,Breakout seen but no run-up trigger (pullback/run-up thresholds not met),2026-09-11 03:51:51 UTC
BCSS,,PASS,0,,10.3,Breakout seen but no run-up trigger (pullback/run-up thresholds not met),2026-09-11 03:51:51 UTC
BCSS.UN,,PASS,0,,10.49,Breakout seen but no run-up trigger (pullback/run-up thresholds not met),2026-09-11 03:51:51 UTC
BCTX,,PASS,54,53.8,3.6,Breakout seen but no run-up trigger (pullback/run-up thresholds not met),2026-09-11 03:51:51 UTC
BCYC,,PASS,34,34.5,3.83,Breakout seen but no run-up trigger (pullback/run-up thresholds not met),2026-09-11 03:51:51 UTC
BDC,,PASS,40,40.3,115.16,"Triangle occurred on 2026-08-28, not within last 5 bars",2026-09-11 03:51:51 UTC
BDCI,,PASS,0,,10.16,Breakout seen but no run-up trigger (pullback/run-up thresholds not met),2026-09-11 03:51:51 UTC
BDL,,PASS,42,42.4,46.22,Breakout seen but no run-up trigger (pullback/run-up thresholds not met),2026-09-11 03:51:51 UTC
BDMD,,PASS,0,,1.08,Price below minimum ($2.00),2026-09-11 03:51:51 UTC
BDN,,PASS,0,,2.97,Breakout seen but no run-up trigger (pullback/run-up thresholds not met),2026-09-11 03:51:51 UTC
BDRX,,PASS,0,,0.66,Price below minimum ($2.00),2026-09-11 03:51:51 UTC
BDSX,,PASS,43,42.9,26.04,"Triangle occurred on 2026-09-02, not within last 5 bars",2026-09-11 03:51:51 UTC
BDTX,,PASS,0,,1.96,Price below minimum ($2.00),2026-09-11 03:51:51 UTC
BDX,,PASS,0,,176.42,Breakout seen but no run-up trigger (pullback/run-up thresholds not met),2026-09-11 03:51:51 UTC
BE,,PASS,44,43.7,258.49,Run-up triggered but EMA stack failed on run-up top (EMA10>EMA20>EMA50),2026-09-11 03:51:51 UTC
BEAG,,PASS,5284900,5284900.0,10.77,Breakout seen but no run-up trigger (pullback/run-up thresholds not met),2026-09-11 03:51:51 UTC
BEAM,,PASS,39,38.6,24.37,Breakout seen but no run-up trigger (pullback/run-up thresholds not met),2026-09-11 03:51:51 UTC
BEEP,,WATCH,37,36.5,2.85,"Triangle on 2026-09-03 (last 5 bars) + higher low after; EMA10 touched 3 bars; breakout 2026-08-26, top 2026-08-26, pullback-trigger 2026-08-28",2026-09-11 03:51:51 UTC
BEKE,,PASS,30,30.3,16.69,Breakout seen but no run-up trigger (pullback/run-up thresholds not met),2026-09-11 03:51:51 UTC
BELFA,,PASS,30,30.2,202.11,Breakout seen but no run-up trigger (pullback/run-up thresholds not met),2026-09-11 03:51:51 UTC
BELFB,,PASS,34,33.6,243.0,Breakout seen but no run-up trigger (pullback/run-up thresholds not met),2026-09-11 03:51:51 UTC
BELP,,PASS,0,,,**symbol** not found: BELP. Please specify it correctly according to API Documentation.,2026-09-11 03:51:51 UTC
BEN,,PASS,0,,33.66,Breakout seen but no run-up trigger (pullback/run-up thresholds not met),2026-09-11 03:51:51 UTC
BENF,,PASS,0,,1.21,Price below minimum ($2.00),2026-09-11 03:51:51 UTC
BEPC,,PASS,0,,30.85,Breakout seen but no run-up trigger (pullback/run-up thresholds not met),2026-09-11 03:51:51 UTC
BESS,,PASS,93,92.5,2.99,"Triangle occurred on 2026-06-29, not within last 5 bars",2026-09-11 03:51:51 UTC
BESS.WT,,PASS,0,,1.2,Price below minimum ($2.00),2026-09-11 03:51:51 UTC
BETA,,PASS,33,32.8,19.89,"Triangle occurred on 2026-08-25, not within last 5 bars",2026-09-11 03:51:51 UTC
BETR,,PASS,56,56.3,13.27,"Triangle occurred on 2026-04-27, not within last 5 bars",2026-09-11 03:51:51 UTC
BF.A,,PASS,0,,26.98,Breakout seen but no run-up trigger (pullback/run-up thresholds not met),2026-09-11 03:51:51 UTC
BF.B,,PASS,0,,26.59,Breakout seen but no run-up trigger (pullback/run-up thresholds not met),2026-09-11 03:51:51 UTC
BFAM,,PASS,0,,64.27,Breakout seen but no run-up trigger (pullback/run-up thresholds not met),2026-09-11 03:51:51 UTC
BFC,,PASS,0,,155.24,Breakout seen but no run-up trigger (pullback/run-up thresholds not met),2026-09-11 03:51:51 UTC
BFH,,PASS,32,32.0,106.86,Breakout seen but no run-up trigger (pullback/run-up thresholds not met),2026-09-11 03:51:51 UTC
BFH-A,,PASS,0,,24.8,Breakout seen but no run-up trigger (pullback/run-up thresholds not met),2026-09-11 03:51:51 UTC
BFH-B,,PASS,0,,,Not enough daily data,2026-09-11 03:51:51 UTC
BFLY,,PASS,58,58.3,7.12,"Triangle occurred on 2026-08-18, not within last 5 bars",2026-09-11 03:51:51 UTC
BFS,,PASS,0,,31.66,Breakout seen but no run-up trigger (pullback/run-up thresholds not met),2026-09-11 03:51:51 UTC
BFST,,PASS,0,,31.45,Breakout seen but no run-up trigger (pullback/run-up thresholds not met),2026-09-11 03:51:51 UTC
BG,,PASS,37,37.1,124.59,Breakout seen but no run-up trigger (pullback/run-up thresholds not met),2026-09-11 03:51:51 UTC
BGC,,PASS,30,30.1,12.22,Breakout seen but no run-up trigger (pullback/run-up thresholds not met),2026-09-11 03:51:51 UTC
BGDE,,PASS,44,43.6,6.21,Run-up triggered but EMA stack failed on run-up top (EMA10>EMA20>EMA50),2026-09-11 03:51:51 UTC
BGIN,,PASS,0,,1.89,Price below minimum ($2.00),2026-09-11 03:51:51 UTC
BGLC,,PASS,0,,1.48,Price below minimum ($2.00),2026-09-11 03:51:51 UTC
BGS,,PASS,31,30.7,3.22,Breakout seen but no run-up trigger (pullback/run-up thresholds not met),2026-09-11 03:51:51 UTC
BGSF,,PASS,51,51.4,5.22,Breakout seen but no run-up trigger (pullback/run-up thresholds not met),2026-09-11 03:51:51 UTC
BGSI,,PASS,0,,81.55,Breakout seen but no run-up trigger (pullback/run-up thresholds not met),2026-09-11 03:51:51 UTC
BH,,PASS,36,36.4,364.09,"Triangle occurred on 2026-07-10, not within last 5 bars",2026-09-11 03:51:51 UTC
BH.A,,PASS,31,31.2,1792.06,"Triangle occurred on 2026-07-10, not within last 5 bars",2026-09-11 03:51:51 UTC
BHAV,,PASS,0,,,Not enough daily data,2026-09-11 03:51:51 UTC
BHB,,PASS,0,,40.4,Breakout seen but no run-up trigger (pullback/run-up thresholds not met),2026-09-11 03:51:51 UTC
BHC,,PASS,69,68.6,6.07,"Triangle occurred on 2026-08-25, not within last 5 bars",2026-09-11 03:51:51 UTC
BHE,,PASS,43,43.1,73.98,Breakout seen but no run-up trigger (pullback/run-up thresholds not met),2026-09-11 03:51:51 UTC
BHF,,PASS,45,45.3,50.84,Breakout seen but no run-up trigger (pullback/run-up thresholds not met),2026-09-11 03:51:51 UTC
BHM,,PASS,50,49.9,8.38,Breakout seen but no run-up trigger (pullback/run-up thresholds not met),2026-09-11 03:51:51 UTC
BHP,,PASS,0,,87.35,Breakout seen but no run-up trigger (pullback/run-up thresholds not met),2026-09-11 03:51:51 UTC
BHR,,PASS,0,,1.85,Price below minimum ($2.00),2026-09-11 03:51:51 UTC
BHRB,,PASS,0,,71.5,Breakout seen but no run-up trigger (pullback/run-up thresholds not met),2026-09-11 03:51:51 UTC
BHSE,,PASS,73,73.1,3.16,"Triangle occurred on 2026-06-25, not within last 5 bars",2026-09-11 03:51:51 UTC
BHST,,PASS,0,,1.87,Price below minimum ($2.00),2026-09-11 03:51:51 UTC
BHVN,,PASS,38,37.6,12.79,Triangle on 2026-09-09 but no higher low after triangle (last 10 bars),2026-09-11 03:51:51 UTC
BIAF,,PASS,346,346.3,9.39,"Triangle occurred on 2026-04-22, not within last 5 bars",2026-09-11 03:51:51 UTC
BIDU,,PASS,60,59.7,90.59,Breakout seen but no run-up trigger (pullback/run-up thresholds not met),2026-09-11 03:51:51 UTC
BIGC,,PASS,34,34.4,3.08,Breakout seen but no run-up trigger (pullback/run-up thresholds not met),2026-09-11 03:51:51 UTC
BIIB,,PASS,34,34.2,215.43,Breakout seen but no run-up trigger (pullback/run-up thresholds not met),2026-09-11 03:51:51 UTC
BIII,,PASS,0,,10.06,Breakout seen but no run-up trigger (pullback/run-up thresholds not met),2026-09-11 03:51:51 UTC
BILI,,PASS,40,39.6,15.47,Breakout seen but no run-up trigger (pullback/run-up thresholds not met),2026-09-11 03:51:51 UTC
BILL,,PASS,32,32.2,47.63,Breakout seen but no run-up trigger (pullback/run-up thresholds not met),2026-09-11 03:51:51 UTC
BIO,,PASS,35,35.1,368.75,Breakout seen but no run-up trigger (pullback/run-up thresholds not met),2026-09-11 03:51:51 UTC
BIO.B,,PASS,0,,365.08,Breakout seen but no run-up trigger (pullback/run-up thresholds not met),2026-09-11 03:51:51 UTC
BIOA,,PASS,70,70.5,8.65,"Triangle occurred on 2026-07-09, not within last 5 bars",2026-09-11 03:51:51 UTC
BIPC,,PASS,0,,36.64,Breakout seen but no run-up trigger (pullback/run-up thresholds not met),2026-09-11 03:51:51 UTC
BIRD,,PASS,40,40.2,2.43,Run-up triggered but EMA stack failed on run-up top (EMA10>EMA20>EMA50),2026-09-11 03:51:51 UTC
BIRK,,PASS,46,46.3,30.69,Breakout seen but no run-up trigger (pullback/run-up thresholds not met),2026-09-11 03:51:51 UTC
BITF,,PASS,46,46.2,3.44,"Triangle occurred on 2026-06-25, not within last 5 bars",2026-09-11 03:51:51 UTC
BIVI,,PASS,0,,1.91,Price below minimum ($2.00),2026-09-11 03:51:51 UTC
BIXI,,PASS,0,,10.09,Breakout seen but no run-up trigger (pullback/run-up thresholds not met),2026-09-11 03:51:51 UTC
BJ,,PASS,0,,89.65,Breakout seen but no run-up trigger (pullback/run-up thresholds not met),2026-09-11 03:51:51 UTC
BJDX,,PASS,0,,1.01,Price below minimum ($2.00),2026-09-11 03:51:51 UTC
BJRI,,PASS,33,32.8,60.11,Breakout seen but no run-up trigger (pullback/run-up thresholds not met),2026-09-11 03:51:51 UTC
BK,,PASS,0,,162.51,Breakout seen but no run-up trigger (pullback/run-up thresholds not met),2026-09-11 03:51:51 UTC
BK.PR.K,,PASS,0,,,**symbol** not found: BK.PR.K. Please specify it correctly according to API Documentation.,2026-09-11 03:51:51 UTC
BKD,,PASS,58,57.8,12.2,Breakout seen but no run-up trigger (pullback/run-up thresholds not met),2026-09-11 03:51:51 UTC
BKE,,PASS,0,,40.29,Breakout seen but no run-up trigger (pullback/run-up thresholds not met),2026-09-11 03:51:51 UTC
BKH,,PASS,0,,72.28,Breakout seen but no run-up trigger (pullback/run-up thresholds not met),2026-09-11 03:51:51 UTC
BKHA,,PASS,0,,11.99,Breakout seen but no run-up trigger (pullback/run-up thresholds not met),2026-09-11 03:51:51 UTC
BKKT,,PASS,30,30.1,7.93,Run-up triggered but EMA stack failed on run-up top (EMA10>EMA20>EMA50),2026-09-11 03:51:51 UTC
BKNG,,PASS,0,,174.33,Breakout seen but no run-up trigger (pullback/run-up thresholds not met),2026-09-11 03:51:51 UTC
BKR,,PASS,0,,59.4,Breakout seen but no run-up trigger (pullback/run-up thresholds not met),2026-09-11 03:51:51 UTC
BKSY,,PASS,58,58.2,20.75,Run-up triggered but EMA stack failed on run-up top (EMA10>EMA20>EMA50),2026-09-11 03:51:51 UTC
BKTI,,PASS,38,37.9,71.31,Breakout seen but no run-up trigger (pullback/run-up thresholds not met),2026-09-11 03:51:51 UTC
BKU,,PASS,0,,45.17,Breakout seen but no run-up trigger (pullback/run-up thresholds not met),2026-09-11 03:51:51 UTC
BKV,,PASS,0,,24.96,Breakout seen but no run-up trigger (pullback/run-up thresholds not met),2026-09-11 03:51:51 UTC
BL,,PASS,0,,28.75,Breakout seen but no run-up trigger (pullback/run-up thresholds not met),2026-09-11 03:51:51 UTC
BLBD,,PASS,34,34.0,62.05,Breakout seen but no run-up trigger (pullback/run-up thresholds not met),2026-09-11 03:51:51 UTC
BLBX,,PASS,125,124.9,8.79,Run-up triggered but EMA stack failed on run-up top (EMA10>EMA20>EMA50),2026-09-11 03:51:51 UTC
BLCO,,PASS,32,32.3,17.55,Breakout seen but no run-up trigger (pullback/run-up thresholds not met),2026-09-11 03:51:51 UTC
BLD,,PASS,0,,4.7,Breakout seen but no run-up trigger (pullback/run-up thresholds not met),2026-09-11 03:51:51 UTC
BLDE,,PASS,43,42.8,5.13,Breakout seen but no run-up trigger (pullback/run-up thresholds not met),2026-09-11 03:51:51 UTC
BLDP,,PASS,68,68.5,2.22,"Triangle occurred on 2026-06-12, not within last 5 bars",2026-09-11 03:51:51 UTC
BLDR,,PASS,31,30.6,58.97,Breakout seen but no run-up trigger (pullback/run-up thresholds not met),2026-09-11 03:51:51 UTC
BLFS,,PASS,48,48.0,34.92,Breakout seen but no run-up trigger (pullback/run-up thresholds not met),2026-09-11 03:51:51 UTC
BLIV,,PASS,33,33.0,2.35,Run-up triggered but EMA stack failed on run-up top (EMA10>EMA20>EMA50),2026-09-11 03:51:51 UTC
BLK,,PASS,0,,1062.4,Breakout seen but no run-up trigger (pullback/run-up thresholds not met),2026-09-11 03:51:51 UTC
BLKB,,PASS,58,58.2,44.22,"Triangle occurred on 2026-08-19, not within last 5 bars",2026-09-11 03:51:51 UTC
BLLN,,PASS,60,60.2,98.51,Breakout seen but no run-up trigger (pullback/run-up thresholds not met),2026-09-11 03:51:51 UTC
BLMN,,PASS,49,49.1,8.67,"Triangle occurred on 2026-08-18, not within last 5 bars",2026-09-11 03:51:51 UTC
BLRK,,PASS,0,,10.11,Breakout seen but no run-up trigger (pullback/run-up thresholds not met),2026-09-11 03:51:51 UTC
BLRX,,PASS,57,56.7,2.57,"Triangle occurred on 2026-06-04, not within last 5 bars",2026-09-11 03:51:51 UTC
BLSH,,PASS,55,54.8,33.88,"Triangle occurred on 2026-05-11, not within last 5 bars",2026-09-11 03:51:51 UTC
BLTE,,PASS,32,32.2,175.07,"Triangle occurred on 2026-02-12, not within last 5 bars",2026-09-11 03:51:51 UTC
BLUW,,PASS,0,,10.37,Breakout seen but no run-up trigger (pullback/run-up thresholds not met),2026-09-11 03:51:51 UTC
BLX,,PASS,0,,55.63,Breakout seen but no run-up trigger (pullback/run-up thresholds not met),2026-09-11 03:51:51 UTC
BLZE,,PASS,118,118.5,12.31,"Triangle occurred on 2026-06-05, not within last 5 bars",2026-09-11 03:51:51 UTC
BLZR,,PASS,0,,10.21,Breakout seen but no run-up trigger (pullback/run-up thresholds not met),2026-09-11 03:51:51 UTC
BMA,,PASS,36,35.9,78.83,Breakout seen but no run-up trigger (pullback/run-up thresholds not met),2026-09-11 03:51:51 UTC
BMBL,,PASS,39,39.2,2.98,"Triangle occurred on 2026-04-30, not within last 5 bars",2026-09-11 03:51:51 UTC
BMHL,,PASS,61,61.2,5.81,Breakout seen but no run-up trigger (pullback/run-up thresholds not met),2026-09-11 03:51:51 UTC
BMI,,PASS,0,,125.01,Breakout seen but no run-up trigger (pullback/run-up thresholds not met),2026-09-11 03:51:51 UTC
BMM,,PASS,36,35.6,5.56,"Triangle occurred on 2026-07-01, not within last 5 bars",2026-09-11 03:51:51 UTC
BMNR,,WATCH,55,54.7,24.2,"Triangle on 2026-09-03 (last 5 bars) + higher low after; EMA10 touched 3 bars; breakout 2026-08-24, top 2026-08-27, pullback-trigger 2026-08-28",2026-09-11 03:51:51 UTC
BMO,,PASS,0,,173.69,Breakout seen but no run-up trigger (pullback/run-up thresholds not met),2026-09-11 03:51:51 UTC
BMR,,PASS,0,,1.32,Price below minimum ($2.00),2026-09-11 03:51:51 UTC
BMRA,,PASS,57,56.7,2.23,Run-up triggered but EMA stack failed on run-up top (EMA10>EMA20>EMA50),2026-09-11 03:51:51 UTC
BMRC,,PASS,0,,27.71,Breakout seen but no run-up trigger (pullback/run-up thresholds not met),2026-09-11 03:51:51 UTC
BMRN,,PASS,0,,65.51,Breakout seen but no run-up trigger (pullback/run-up thresholds not met),2026-09-11 03:51:51 UTC
BMY,,PASS,0,,63.75,Breakout seen but no run-up trigger (pullback/run-up thresholds not met),2026-09-11 03:51:51 UTC
BN,,PASS,0,,38.05,Breakout seen but no run-up trigger (pullback/run-up thresholds not met),2026-09-11 03:51:51 UTC
BNAI,,PASS,64,64.1,8.24,Run-up triggered but EMA stack failed on run-up top (EMA10>EMA20>EMA50),2026-09-11 03:51:51 UTC
BNC,,PASS,103,102.8,4.99,"Triangle occurred on 2025-08-06, not within last 5 bars",2026-09-11 03:51:51 UTC
BNED,,PASS,40,40.5,10.92,"Triangle occurred on 2026-07-10, not within last 5 bars",2026-09-11 03:51:51 UTC
BNKK,,PASS,0,,1.36,Price below minimum ($2.00),2026-09-11 03:51:51 UTC
BNL,,PASS,0,,20.53,Breakout seen but no run-up trigger (pullback/run-up thresholds not met),2026-09-11 03:51:51 UTC
BNR,,PASS,46,45.6,11.62,Run-up triggered but EMA stack failed on run-up top (EMA10>EMA20>EMA50),2026-09-11 03:51:51 UTC
BNRG,,PASS,79,78.7,3.16,Run-up triggered but EMA stack failed on run-up top (EMA10>EMA20>EMA50),2026-09-11 03:51:51 UTC
BNS,,PASS,0,,92.84,Breakout seen but no run-up trigger (pullback/run-up thresholds not met),2026-09-11 03:51:51 UTC
BNT,,PASS,0,,38.02,Breakout seen but no run-up trigger (pullback/run-up thresholds not met),2026-09-11 03:51:51 UTC
BNTC,,PASS,32,32.0,12.22,Breakout seen but no run-up trigger (pullback/run-up thresholds not met),2026-09-11 03:51:51 UTC
BNTX,,PASS,33,32.9,96.4,Triangle on 2026-09-04 but no higher low after triangle (last 10 bars),2026-09-11 03:51:51 UTC
BNY-K,,PASS,0,,24.75,Breakout seen but no run-up trigger (pullback/run-up thresholds not met),2026-09-11 03:51:51 UTC
BNZI,,PASS,0,,1.7,Price below minimum ($2.00),2026-09-11 03:51:51 UTC
BOBS,,PASS,33,33.4,15.2,Breakout seen but no run-up trigger (pullback/run-up thresholds not met),2026-09-11 03:51:51 UTC
BOC,,PASS,31,31.1,13.51,Breakout seen but no run-up trigger (pullback/run-up thresholds not met),2026-09-11 03:51:51 UTC
BODI,,PASS,76,75.6,5.55,Breakout seen but no run-up trigger (pullback/run-up thresholds not met),2026-09-11 03:51:51 UTC
BOF,,PASS,58,57.7,3.88,Breakout seen but no run-up trigger (pullback/run-up thresholds not met),2026-09-11 03:51:51 UTC
BOH,,PASS,0,,75.82,Breakout seen but no run-up trigger (pullback/run-up thresholds not met),2026-09-11 03:51:51 UTC
BOH-B,,PASS,0,,25.64,Breakout seen but no run-up trigger (pullback/run-up thresholds not met),2026-09-11 03:51:51 UTC
BOKF,,PASS,0,,135.21,Breakout seen but no run-up trigger (pullback/run-up thresholds not met),2026-09-11 03:51:51 UTC
BOLT,,PASS,34,34.1,3.73,"Triangle occurred on 2026-06-04, not within last 5 bars",2026-09-11 03:51:51 UTC
BOOM,,PASS,69,68.6,6.57,"Triangle occurred on 2026-05-21, not within last 5 bars",2026-09-11 03:51:51 UTC
BOOT,,PASS,66,66.2,140.68,Breakout seen but no run-up trigger (pullback/run-up thresholds not met),2026-09-11 03:51:51 UTC
BORR,,PASS,40,39.8,4.37,Breakout seen but no run-up trigger (pullback/run-up thresholds not met),2026-09-11 03:51:51 UTC
BOSC,,PASS,30,30.5,4.66,Breakout seen but no run-up trigger (pullback/run-up thresholds not met),2026-09-11 03:51:51 UTC
BOT,,PASS,0,,,Not enough daily data,2026-09-11 03:51:51 UTC
BOTJ,,PASS,46,46.4,27.9,Breakout seen but no run-up trigger (pullback/run-up thresholds not met),2026-09-11 03:51:51 UTC
BOW,,PASS,37,36.7,33.62,Breakout seen but no run-up trigger (pullback/run-up thresholds not met),2026-09-11 03:51:51 UTC
BOWL,,PASS,46,46.2,5.54,"Triangle occurred on 2026-06-10, not within last 5 bars",2026-09-11 03:51:51 UTC
BOWN,,PASS,0,,,**symbol** not found: BOWN. Please specify it correctly according to API Documentation.,2026-09-11 03:51:51 UTC
BOX,,PASS,32,32.3,34.12,Breakout seen but no run-up trigger (pullback/run-up thresholds not met),2026-09-11 03:51:51 UTC
BP,,PASS,0,,46.08,Breakout seen but no run-up trigger (pullback/run-up thresholds not met),2026-09-11 03:51:51 UTC
BPAC,,PASS,0,,10.18,Breakout seen but no run-up trigger (pullback/run-up thresholds not met),2026-09-11 03:51:51 UTC
BPOP,,PASS,0,,163.96,Breakout seen but no run-up trigger (pullback/run-up thresholds not met),2026-09-11 03:51:51 UTC
BPRN,,PASS,0,,43.59,Breakout seen but no run-up trigger (pullback/run-up thresholds not met),2026-09-11 03:51:51 UTC
BR,,PASS,31,30.7,168.24,Run-up triggered but no 3-consecutive EMA touch afterwards,2026-09-11 03:51:51 UTC
BRAG,,PASS,0,,1.31,Price below minimum ($2.00),2026-09-11 03:51:51 UTC
BRAI,,PASS,168,167.9,5.52,Run-up triggered but EMA stack failed on run-up top (EMA10>EMA20>EMA50),2026-09-11 03:51:51 UTC
BRBR,,PASS,83,82.7,9.3,Run-up triggered but EMA stack failed on run-up top (EMA10>EMA20>EMA50),2026-09-11 03:51:51 UTC
BRBS,,PASS,35,34.8,4.11,Breakout seen but no run-up trigger (pullback/run-up thresholds not met),2026-09-11 03:51:51 UTC
BRC,,PASS,31,31.0,85.91,Breakout seen but no run-up trigger (pullback/run-up thresholds not met),2026-09-11 03:51:51 UTC
BRCB,,PASS,43,43.3,8.75,Run-up triggered but no 3-consecutive EMA touch afterwards,2026-09-11 03:51:51 UTC
BRCC,,PASS,1037,1037.3,8.32,"Triangle occurred on 2026-06-04, not within last 5 bars",2026-09-11 03:51:51 UTC
BREW,,PASS,133,132.8,26.19,Breakout seen but no run-up trigger (pullback/run-up thresholds not met),2026-09-11 03:51:51 UTC
BRFH,,PASS,0,,1.23,Price below minimum ($2.00),2026-09-11 03:51:51 UTC
BRIA,,PASS,0,,1.5,Price below minimum ($2.00),2026-09-11 03:51:51 UTC
BRID,,PASS,0,,5.84,Breakout seen but no run-up trigger (pullback/run-up thresholds not met),2026-09-11 03:51:51 UTC
BRK.A,,PASS,0,,761245.0,Breakout seen but no run-up trigger (pullback/run-up thresholds not met),2026-09-11 03:51:51 UTC
BRK.B,,PASS,0,,507.0,Breakout seen but no run-up trigger (pullback/run-up thresholds not met),2026-09-11 03:51:51 UTC
BRKR,,PASS,55,55.1,53.56,Breakout seen but no run-up trigger (pullback/run-up thresholds not met),2026-09-11 03:51:51 UTC
BRO,,PASS,0,,66.33,Breakout seen but no run-up trigger (pullback/run-up thresholds not met),2026-09-11 03:51:51 UTC
BROS,,PASS,33,32.8,43.44,Breakout seen but no run-up trigger (pullback/run-up thresholds not met),2026-09-11 03:51:51 UTC
BRP,,PASS,32,32.1,29.39,"Triangle occurred on 2026-09-01, not within last 5 bars",2026-09-11 03:51:51 UTC
BRPM,,PASS,36,35.5,5.73,"Triangle occurred on 2026-08-18, not within last 5 bars",2026-09-11 03:51:51 UTC
BRR,,PASS,49,49.4,2.98,Breakout seen but no run-up trigger (pullback/run-up thresholds not met),2026-09-11 03:51:51 UTC
BRSL,,PASS,0,,10.66,Breakout seen but no run-up trigger (pullback/run-up thresholds not met),2026-09-11 03:51:51 UTC
BRSP,,PASS,0,,4.49,Breakout seen but no run-up trigger (pullback/run-up thresholds not met),2026-09-11 03:51:51 UTC
BRT,,PASS,0,,14.24,Breakout seen but no run-up trigger (pullback/run-up thresholds not met),2026-09-11 03:51:51 UTC
BRUN,,PASS,91,91.1,16.46,"Triangle occurred on 2026-06-09, not within last 5 bars",2026-09-11 03:51:51 UTC
BRUNW,,PASS,0,,,Not enough daily data,2026-09-11 03:51:51 UTC
BRX,,PASS,0,,28.79,Breakout seen but no run-up trigger (pullback/run-up thresholds not met),2026-09-11 03:51:51 UTC
BRZE,,PASS,43,43.0,24.27,"Triangle occurred on 2026-06-05, not within last 5 bars",2026-09-11 03:51:51 UTC
BSAA,,PASS,54,53.6,11.13,"Triangle occurred on 2026-06-24, not within last 5 bars",2026-09-11 03:51:51 UTC
BSAC,,PASS,0,,35.27,Breakout seen but no run-up trigger (pullback/run-up thresholds not met),2026-09-11 03:51:51 UTC
BSBK,,PASS,0,,9.14,Breakout seen but no run-up trigger (pullback/run-up thresholds not met),2026-09-11 03:51:51 UTC
BSBR,,PASS,0,,5.88,Breakout seen but no run-up trigger (pullback/run-up thresholds not met),2026-09-11 03:51:51 UTC
BSET,,PASS,45,45.5,18.1,"Triangle occurred on 2026-07-22, not within last 5 bars",2026-09-11 03:51:51 UTC
BSGA,,PASS,70,69.8,11.53,Breakout seen but no run-up trigger (pullback/run-up thresholds not met),2026-09-11 03:51:51 UTC
BSRR,,PASS,30,30.1,40.87,Breakout seen but no run-up trigger (pullback/run-up thresholds not met),2026-09-11 03:51:51 UTC
BSVN,,PASS,31,31.5,54.81,Breakout seen but no run-up trigger (pullback/run-up thresholds not met),2026-09-11 03:51:51 UTC
BSX,,PASS,0,,43.1,Breakout seen but no run-up trigger (pullback/run-up thresholds not met),2026-09-11 03:51:51 UTC
BSY,,PASS,0,,31.0,Breakout seen but no run-up trigger (pullback/run-up thresholds not met),2026-09-11 03:51:51 UTC
BTBT,,PASS,0,,1.56,Price below minimum ($2.00),2026-09-11 03:51:51 UTC
BTCS,,PASS,0,,1.32,Price below minimum ($2.00),2026-09-11 03:51:51 UTC
BTDR,,PASS,70,69.8,11.53,Breakout seen but no run-up trigger (pullback/run-up thresholds not met),2026-09-11 03:51:51 UTC
BTE,,PASS,33,33.3,5.04,Breakout seen but no run-up trigger (pullback/run-up thresholds not met),2026-09-11 03:51:51 UTC
BTG,,PASS,43,42.7,5.36,Breakout seen but no run-up trigger (pullback/run-up thresholds not met),2026-09-11 03:51:51 UTC
BTGO,,PASS,55,54.9,7.41,Breakout seen but no run-up trigger (pullback/run-up thresholds not met),2026-09-11 03:51:51 UTC
BTI,,PASS,0,,54.86,Breakout seen but no run-up trigger (pullback/run-up thresholds not met),2026-09-11 03:51:51 UTC
BTMD,,PASS,0,,1.31,Price below minimum ($2.00),2026-09-11 03:51:51 UTC
BTN,,PASS,36,35.9,2.58,Breakout seen but no run-up trigger (pullback/run-up thresholds not met),2026-09-11 03:51:51 UTC
BTOG,,PASS,0,,1.44,Price below minimum ($2.00),2026-09-11 03:51:51 UTC
BTQ,,PASS,45,44.9,2.72,Run-up triggered but EMA stack failed on run-up top (EMA10>EMA20>EMA50),2026-09-11 03:51:51 UTC
BTSG,,PASS,31,31.2,57.88,"Triangle occurred on 2026-07-30, not within last 5 bars",2026-09-11 03:51:51 UTC
BTU,,PASS,52,51.6,29.03,"Triangle occurred on 2026-01-28, not within last 5 bars",2026-09-11 03:51:51 UTC
BUD,,PASS,0,,77.65,Breakout seen but no run-up trigger (pullback/run-up thresholds not met),2026-09-11 03:51:51 UTC
BUDA,,PASS,60,60.4,7.88,"Triangle occurred on 2026-07-17, not within last 5 bars",2026-09-11 03:51:51 UTC
BULL,,PASS,44,43.6,9.3,Breakout seen but no run-up trigger (pullback/run-up thresholds not met),2026-09-11 03:51:51 UTC
BUR,,PASS,41,41.1,4.38,Breakout seen but no run-up trigger (pullback/run-up thresholds not met),2026-09-11 03:51:51 UTC
BURL,,PASS,32,32.1,238.04,Breakout seen but no run-up trigger (pullback/run-up thresholds not met),2026-09-11 03:51:51 UTC
BUSE,,PASS,0,,30.38,Breakout seen but no run-up trigger (pullback/run-up thresholds not met),2026-09-11 03:51:51 UTC
BUUU,,PASS,76,76.0,38.51,"Triangle occurred on 2026-05-12, not within last 5 bars",2026-09-11 03:51:51 UTC
BV,,PASS,0,,11.0,Breakout seen but no run-up trigger (pullback/run-up thresholds not met),2026-09-11 03:51:51 UTC
BVC,,PASS,53,52.5,15.74,"Triangle occurred on 2026-08-21, not within last 5 bars",2026-09-11 03:51:51 UTC
BVFL,,PASS,0,,21.7,Breakout seen but no run-up trigger (pullback/run-up thresholds not met),2026-09-11 03:51:51 UTC
BVN,,PASS,50,49.7,33.85,Breakout seen but no run-up trigger (pullback/run-up thresholds not met),2026-09-11 03:51:51 UTC
BVS,,PASS,35,35.0,13.06,Breakout seen but no run-up trigger (pullback/run-up thresholds not met),2026-09-11 03:51:51 UTC
BW,,PASS,55,55.1,7.17,"Triangle occurred on 2026-05-21, not within last 5 bars",2026-09-11 03:51:51 UTC
BWA,,PASS,32,32.1,65.69,Breakout seen but no run-up trigger (pullback/run-up thresholds not met),2026-09-11 03:51:51 UTC
BWAQ,,PASS,42,41.7,4.38,Run-up triggered but EMA stack failed on run-up top (EMA10>EMA20>EMA50),2026-09-11 03:51:51 UTC
BWAY,,PASS,44,44.1,13.91,Breakout seen but no run-up trigger (pullback/run-up thresholds not met),2026-09-11 03:51:51 UTC
BWB,,PASS,30,30.3,21.39,Breakout seen but no run-up trigger (pullback/run-up thresholds not met),2026-09-11 03:51:51 UTC
BWEN,,PASS,51,50.8,3.98,"Triangle occurred on 2026-07-06, not within last 5 bars",2026-09-11 03:51:51 UTC
BWFG,,PASS,0,,67.65,Breakout seen but no run-up trigger (pullback/run-up thresholds not met),2026-09-11 03:51:51 UTC
BWIN,,PASS,32,32.1,29.39,"Triangle occurred on 2026-09-01, not within last 5 bars",2026-09-11 03:51:51 UTC
BWIV,,PASS,0,,,Not enough daily data,2026-09-11 03:51:51 UTC
BWLP,,PASS,0,,25.0,Breakout seen but no run-up trigger (pullback/run-up thresholds not met),2026-09-11 03:51:51 UTC
BWMN,,PASS,40,39.7,42.51,Breakout seen but no run-up trigger (pullback/run-up thresholds not met),2026-09-11 03:51:51 UTC
BWMX,,PASS,46,46.3,15.42,Breakout seen but no run-up trigger (pullback/run-up thresholds not met),2026-09-11 03:51:51 UTC
BWXT,,PASS,39,39.0,152.49,Breakout seen but no run-up trigger (pullback/run-up thresholds not met),2026-09-11 03:51:51 UTC
BX,,PASS,35,35.5,125.41,Breakout seen but no run-up trigger (pullback/run-up thresholds not met),2026-09-11 03:51:51 UTC
BXC,,PASS,84,83.8,79.75,"Triangle occurred on 2026-08-26, not within last 5 bars",2026-09-11 03:51:51 UTC
BXDC,,PASS,0,,,Not enough daily data,2026-09-11 03:51:51 UTC
BXMT,,PASS,0,,13.48,Breakout seen but no run-up trigger (pullback/run-up thresholds not met),2026-09-11 03:51:51 UTC
BXP,,PASS,0,,63.72,Breakout seen but no run-up trigger (pullback/run-up thresholds not met),2026-09-11 03:51:51 UTC
BXSL,,PASS,0,,24.26,Breakout seen but no run-up trigger (pullback/run-up thresholds not met),2026-09-11 03:51:51 UTC
BY,,PASS,0,,38.38,Breakout seen but no run-up trigger (pullback/run-up thresholds not met),2026-09-11 03:51:51 UTC
BYD,,PASS,0,,76.45,Breakout seen but no run-up trigger (pullback/run-up thresholds not met),2026-09-11 03:51:51 UTC
BYFC,,PASS,38,38.4,11.88,Breakout seen but no run-up trigger (pullback/run-up thresholds not met),2026-09-11 03:51:51 UTC
BYRN,,PASS,35,34.8,3.53,Run-up triggered but EMA stack failed on run-up top (EMA10>EMA20>EMA50),2026-09-11 03:51:51 UTC
BYSI,,PASS,0,,0.77,Price below minimum ($2.00),2026-09-11 03:51:51 UTC
BZ,,WATCH,31,30.6,16.41,"Triangle on 2026-09-08 (last 5 bars) + higher low after; EMA10 touched 3 bars; breakout 2026-08-26, top 2026-08-26, pullback-trigger 2026-08-27",2026-09-11 03:51:51 UTC
BZFD,,PASS,0,,1.06,Price below minimum ($2.00),2026-09-11 03:51:51 UTC
BZH,,PASS,44,43.6,33.25,Breakout seen but no run-up trigger (pullback/run-up thresholds not met),2026-09-11 03:51:51 UTC
BZUN,,PASS,31,30.6,2.74,"Triangle occurred on 2026-08-11, not within last 5 bars",2026-09-11 03:51:51 UTC
C,,PASS,0,,138.5,Breakout seen but no run-up trigger (pullback/run-up thresholds not met),2026-09-11 03:51:51 UTC
C-R,,PASS,0,,23.62,Breakout seen but no run-up trigger (pullback/run-up thresholds not met),2026-09-11 03:51:51 UTC
CAAP,,PASS,35,35.1,24.78,Breakout seen but no run-up trigger (pullback/run-up thresholds not met),2026-09-11 03:51:51 UTC
CAAS,,PASS,45,45.3,5.26,Breakout seen but no run-up trigger (pullback/run-up thresholds not met),2026-09-11 03:51:51 UTC
CABA,,PASS,42,42.0,2.74,"Triangle occurred on 2026-09-01, not within last 5 bars",2026-09-11 03:51:51 UTC
CABO,,PASS,37,37.1,21.47,"Triangle occurred on 2026-04-28, not within last 5 bars",2026-09-11 03:51:51 UTC
CAC,,PASS,0,,57.76,Breakout seen but no run-up trigger (pullback/run-up thresholds not met),2026-09-11 03:51:51 UTC
CACC,,PASS,34,34.1,605.46,Breakout seen but no run-up trigger (pullback/run-up thresholds not met),2026-09-11 03:51:51 UTC
CACI,,PASS,45,44.8,624.01,"Triangle occurred on 2026-08-31, not within last 5 bars",2026-09-11 03:51:51 UTC
CADL,,PASS,51,50.9,11.33,"Triangle occurred on 2026-09-02, not within last 5 bars",2026-09-11 03:51:51 UTC
CAE,,PASS,37,36.6,23.68,Breakout seen but no run-up trigger (pullback/run-up thresholds not met),2026-09-11 03:51:51 UTC
CAEP,,PASS,0,,,**symbol** not found: CAEP. Please specify it correctly according to API Documentation.,2026-09-11 03:51:51 UTC
CAG,,PASS,0,,14.7,Breakout seen but no run-up trigger (pullback/run-up thresholds not met),2026-09-11 03:51:51 UTC
CAH,,PASS,42,41.5,236.02,Breakout seen but no run-up trigger (pullback/run-up thresholds not met),2026-09-11 03:51:51 UTC
CAI,,PASS,36,36.3,24.04,"Triangle occurred on 2026-09-02, not within last 5 bars",2026-09-11 03:51:51 UTC
CAKE,,PASS,43,42.9,101.16,"Triangle occurred on 2026-08-19, not within last 5 bars",2026-09-11 03:51:51 UTC
CAL,,PASS,30,30.4,11.88,"Triangle occurred on 2026-08-14, not within last 5 bars",2026-09-11 03:51:51 UTC
CALM,,PASS,31,31.2,73.71,Breakout seen but no run-up trigger (pullback/run-up thresholds not met),2026-09-11 03:51:51 UTC
CALX,,PASS,0,,34.93,Breakout seen but no run-up trigger (pullback/run-up thresholds not met),2026-09-11 03:51:51 UTC
CAMP,,PASS,107,106.9,4.34,"Triangle occurred on 2026-08-26, not within last 5 bars",2026-09-11 03:51:51 UTC
CAMT,,PASS,41,40.5,144.25,Run-up triggered but EMA stack failed on run-up top (EMA10>EMA20>EMA50),2026-09-11 03:51:51 UTC
CANF,,PASS,105,105.5,2.16,Run-up triggered but EMA stack failed on run-up top (EMA10>EMA20>EMA50),2026-09-11 03:51:51 UTC
CAP,,PASS,0,,,Not enough daily data,2026-09-11 03:51:51 UTC
CAPN,,PASS,0,,11.18,Breakout seen but no run-up trigger (pullback/run-up thresholds not met),2026-09-11 03:51:51 UTC
CAPR,,PASS,77,76.5,8.3,Run-up triggered but EMA stack failed on run-up top (EMA10>EMA20>EMA50),2026-09-11 03:51:51 UTC
CAQ,,PASS,0,,,Not enough daily data,2026-09-11 03:51:51 UTC
CAR,,PASS,37,36.7,126.74,Run-up triggered but EMA stack failed on run-up top (EMA10>EMA20>EMA50),2026-09-11 03:51:51 UTC
CARE,,PASS,32,32.1,31.6,Breakout seen but no run-up trigger (pullback/run-up thresholds not met),2026-09-11 03:51:51 UTC
CARG,,PASS,35,35.0,33.3,Breakout seen but no run-up trigger (pullback/run-up thresholds not met),2026-09-11 03:51:51 UTC
CARL,,PASS,42,41.8,14.76,Breakout seen but no run-up trigger (pullback/run-up thresholds not met),2026-09-11 03:51:51 UTC
CARR,,PASS,0,,56.64,Breakout seen but no run-up trigger (pullback/run-up thresholds not met),2026-09-11 03:51:51 UTC
CARS,,PASS,45,45.4,11.41,Breakout seen but no run-up trigger (pullback/run-up thresholds not met),2026-09-11 03:51:51 UTC
CART,,PASS,35,35.1,47.24,Breakout seen but no run-up trigger (pullback/run-up thresholds not met),2026-09-11 03:51:51 UTC
CASH,,PASS,0,,79.18,Breakout seen but no run-up trigger (pullback/run-up thresholds not met),2026-09-11 03:51:51 UTC
CASS,,PASS,0,,55.08,Breakout seen but no run-up trigger (pullback/run-up thresholds not met),2026-09-11 03:51:51 UTC
CASY,,PASS,0,,627.64,Breakout seen but no run-up trigger (pullback/run-up thresholds not met),2026-09-11 03:51:51 UTC
CAT,,PASS,0,,805.0,Breakout seen but no run-up trigger (pullback/run-up thresholds not met),2026-09-11 03:51:51 UTC
CATO,,PASS,32,31.8,2.42,Breakout seen but no run-up trigger (pullback/run-up thresholds not met),2026-09-11 03:51:51 UTC
CATX,,PASS,32,32.3,2.77,Run-up triggered but EMA stack failed on run-up top (EMA10>EMA20>EMA50),2026-09-11 03:51:51 UTC
CATY,,PASS,0,,62.04,Breakout seen but no run-up trigger (pullback/run-up thresholds not met),2026-09-11 03:51:51 UTC
CAVA,,PASS,33,33.2,54.0,Breakout seen but no run-up trigger (pullback/run-up thresholds not met),2026-09-11 03:51:51 UTC
CB,,PASS,0,,338.67,Breakout seen but no run-up trigger (pullback/run-up thresholds not met),2026-09-11 03:51:51 UTC
CBAN,,PASS,0,,21.46,Breakout seen but no run-up trigger (pullback/run-up thresholds not met),2026-09-11 03:51:51 UTC
CBC,,PASS,0,,32.12,Breakout seen but no run-up trigger (pullback/run-up thresholds not met),2026-09-11 03:51:51 UTC
CBFV,,PASS,0,,37.3,Breakout seen but no run-up trigger (pullback/run-up thresholds not met),2026-09-11 03:51:51 UTC
CBIO,,PASS,38,38.4,19.46,"Triangle occurred on 2026-05-01, not within last 5 bars",2026-09-11 03:51:51 UTC
CBK,,PASS,0,,33.9,Breakout seen but no run-up trigger (pullback/run-up thresholds not met),2026-09-11 03:51:51 UTC
CBL,,PASS,0,,54.6,Breakout seen but no run-up trigger (pullback/run-up thresholds not met),2026-09-11 03:51:51 UTC
CBLL,,PASS,59,58.7,23.43,"Triangle occurred on 2026-08-28, not within last 5 bars",2026-09-11 03:51:51 UTC
CBNA,,PASS,0,,46.67,Breakout seen but no run-up trigger (pullback/run-up thresholds not met),2026-09-11 03:51:51 UTC
CBNK,,PASS,0,,36.36,Breakout seen but no run-up trigger (pullback/run-up thresholds not met),2026-09-11 03:51:51 UTC
CBRE,,PASS,0,,137.99,Breakout seen but no run-up trigger (pullback/run-up thresholds not met),2026-09-11 03:51:51 UTC
CBRG,,PASS,66,66.3,3.22,Run-up triggered but EMA stack failed on run-up top (EMA10>EMA20>EMA50),2026-09-11 03:51:51 UTC
CBRL,,PASS,31,30.9,49.44,Breakout seen but no run-up trigger (pullback/run-up thresholds not met),2026-09-11 03:51:51 UTC
CBRS,,PASS,0,,,Not enough daily data,2026-09-11 03:51:51 UTC
CBSH,,PASS,0,,58.29,Breakout seen but no run-up trigger (pullback/run-up thresholds not met),2026-09-11 03:51:51 UTC
CBT,,PASS,0,,78.79,Breakout seen but no run-up trigger (pullback/run-up thresholds not met),2026-09-11 03:51:51 UTC
CBU,,PASS,31,31.2,62.7,Breakout seen but no run-up trigger (pullback/run-up thresholds not met),2026-09-11 03:51:51 UTC
CBZ,,PASS,59,59.1,54.63,Breakout seen but no run-up trigger (pullback/run-up thresholds not met),2026-09-11 03:51:51 UTC
CC,,PASS,40,39.8,15.07,"Triangle occurred on 2026-05-13, not within last 5 bars",2026-09-11 03:51:51 UTC
CCAP,,PASS,0,,9.92,Breakout seen but no run-up trigger (pullback/run-up thresholds not met),2026-09-11 03:51:51 UTC
CCB,,PASS,31,31.3,48.05,Breakout seen but no run-up trigger (pullback/run-up thresholds not met),2026-09-11 03:51:51 UTC
CCBG,,PASS,0,,50.72,Breakout seen but no run-up trigger (pullback/run-up thresholds not met),2026-09-11 03:51:51 UTC
CCC,,PASS,33,32.9,6.85,"Triangle occurred on 2026-09-02, not within last 5 bars",2026-09-11 03:51:51 UTC
CCCC,,PASS,30,30.2,3.4,"Triangle occurred on 2026-08-24, not within last 5 bars",2026-09-11 03:51:51 UTC
CCCS,,PASS,33,32.9,6.86,"Triangle occurred on 2026-09-02, not within last 5 bars",2026-09-11 03:51:51 UTC
CCEC,,PASS,32,32.3,22.52,Breakout seen but no run-up trigger (pullback/run-up thresholds not met),2026-09-11 03:51:51 UTC
CCEL,,PASS,57,56.5,4.12,"Triangle occurred on 2026-09-01, not within last 5 bars",2026-09-11 03:51:51 UTC
CCEP,,PASS,31,31.0,102.88,Breakout seen but no run-up trigger (pullback/run-up thresholds not met),2026-09-11 03:51:51 UTC
CCI,,PASS,0,,73.87,Breakout seen but no run-up trigger (pullback/run-up thresholds not met),2026-09-11 03:51:51 UTC
CCII,,PASS,0,,10.32,Breakout seen but no run-up trigger (pullback/run-up thresholds not met),2026-09-11 03:51:51 UTC
CCIX,,PASS,0,,,**symbol** not found: CCIX. Please specify it correctly according to API Documentation.,2026-09-11 03:51:51 UTC
CCJ,,PASS,49,48.8,97.42,Breakout seen but no run-up trigger (pullback/run-up thresholds not met),2026-09-11 03:51:51 UTC
CCK,,PASS,0,,112.84,Breakout seen but no run-up trigger (pullback/run-up thresholds not met),2026-09-11 03:51:51 UTC
CCL,,PASS,35,34.8,22.47,Breakout seen but no run-up trigger (pullback/run-up thresholds not met),2026-09-11 03:51:51 UTC
CCLD,,PASS,31,30.5,2.04,"Triangle occurred on 2025-09-08, not within last 5 bars",2026-09-11 03:51:51 UTC
CCM,,PASS,77,76.6,3.95,"Triangle occurred on 2026-05-22, not within last 5 bars",2026-09-11 03:51:51 UTC
CCNE,,PASS,0,,34.47,Breakout seen but no run-up trigger (pullback/run-up thresholds not met),2026-09-11 03:51:51 UTC
CCO,,PASS,60,59.8,2.38,Breakout seen but no run-up trigger (pullback/run-up thresholds not met),2026-09-11 03:51:51 UTC
CCOI,,PASS,44,43.8,9.09,Run-up triggered but EMA stack failed on run-up top (EMA10>EMA20>EMA50),2026-09-11 03:51:51 UTC
CCRN,,PASS,0,,,**symbol** not found: CCRN. Please specify it correctly according to API Documentation.,2026-09-11 03:51:51 UTC
CCS,,PASS,54,54.2,59.56,"Triangle occurred on 2026-07-16, not within last 5 bars",2026-09-11 03:51:51 UTC
CCSI,,PASS,50,50.1,36.26,Breakout seen but no run-up trigger (pullback/run-up thresholds not met),2026-09-11 03:51:51 UTC
CCU,,PASS,0,,11.65,Breakout seen but no run-up trigger (pullback/run-up thresholds not met),2026-09-11 03:51:51 UTC
CCXI,,PASS,93,93.0,12.81,"Triangle occurred on 2026-07-14, not within last 5 bars",2026-09-11 03:51:51 UTC
CD,,PASS,57,57.1,2.96,Run-up triggered but EMA stack failed on run-up top (EMA10>EMA20>EMA50),2026-09-11 03:51:51 UTC
CDE,,PASS,60,60.1,20.34,"Triangle occurred on 2026-09-02, not within last 5 bars",2026-09-11 03:51:51 UTC
CDEV,,PASS,0,,23.7,Breakout seen but no run-up trigger (pullback/run-up thresholds not met),2026-09-11 03:51:51 UTC
CDIO,,PASS,0,,1.98,Price below minimum ($2.00),2026-09-11 03:51:51 UTC
CDLR,,PASS,0,,25.49,Breakout seen but no run-up trigger (pullback/run-up thresholds not met),2026-09-11 03:51:51 UTC
CDNA,,PASS,82,82.1,50.02,Breakout seen but no run-up trigger (pullback/run-up thresholds not met),2026-09-11 03:51:51 UTC
CDNL,,PASS,107,107.0,34.15,"Triangle occurred on 2026-07-07, not within last 5 bars",2026-09-11 03:51:51 UTC
CDNS,,PASS,31,30.6,284.95,Breakout seen but no run-up trigger (pullback/run-up thresholds not met),2026-09-11 03:51:51 UTC
CDP,,PASS,0,,35.46,Breakout seen but no run-up trigger (pullback/run-up thresholds not met),2026-09-11 03:51:51 UTC
CDRE,,PASS,32,31.6,28.77,Breakout seen but no run-up trigger (pullback/run-up thresholds not met),2026-09-11 03:51:51 UTC
CDRO,,PASS,47,46.7,9.31,Breakout seen but no run-up trigger (pullback/run-up thresholds not met),2026-09-11 03:51:51 UTC
CDW,,PASS,46,45.7,142.6,Breakout seen but no run-up trigger (pullback/run-up thresholds not met),2026-09-11 03:51:51 UTC
CDXC,,PASS,47,47.4,3.04,Breakout seen but no run-up trigger (pullback/run-up thresholds not met),2026-09-11 03:51:51 UTC
CDXS,,PASS,0,,1.44,Price below minimum ($2.00),2026-09-11 03:51:51 UTC
CDZI,,PASS,41,41.5,3.9,"Triangle occurred on 2025-11-26, not within last 5 bars",2026-09-11 03:51:51 UTC
CE,,PASS,44,43.7,45.72,Breakout seen but no run-up trigger (pullback/run-up thresholds not met),2026-09-11 03:51:51 UTC
CECE,,PASS,38,38.4,75.4,"Triangle occurred on 2026-06-26, not within last 5 bars",2026-09-11 03:51:51 UTC
CECO,,PASS,38,38.4,75.39,"Triangle occurred on 2026-06-26, not within last 5 bars",2026-09-11 03:51:51 UTC
CEG,,PASS,37,37.2,285.97,Breakout seen but no run-up trigger (pullback/run-up thresholds not met),2026-09-11 03:51:51 UTC
CELC,,PASS,42,42.0,85.49,Breakout seen but no run-up trigger (pullback/run-up thresholds not met),2026-09-11 03:51:51 UTC
CELH,,PASS,53,53.4,26.63,"Triangle occurred on 2026-09-02, not within last 5 bars",2026-09-11 03:51:51 UTC
CELZ,,PASS,0,,0.95,Price below minimum ($2.00),2026-09-11 03:51:51 UTC
CENN,,PASS,32,31.5,4.19,Run-up triggered but EMA stack failed on run-up top (EMA10>EMA20>EMA50),2026-09-11 03:51:51 UTC
CENT,,PASS,0,,39.66,Breakout seen but no run-up trigger (pullback/run-up thresholds not met),2026-09-11 03:51:51 UTC
CENTA,,PASS,0,,34.31,Breakout seen but no run-up trigger (pullback/run-up thresholds not met),2026-09-11 03:51:51 UTC
CENX,,PASS,32,32.4,44.36,Run-up triggered but EMA stack failed on run-up top (EMA10>EMA20>EMA50),2026-09-11 03:51:51 UTC
CEPF,,PASS,0,,10.37,Breakout seen but no run-up trigger (pullback/run-up thresholds not met),2026-09-11 03:51:51 UTC
CEPO,,PASS,48,48.4,10.76,Breakout seen but no run-up trigger (pullback/run-up thresholds not met),2026-09-11 03:51:51 UTC
CEPS,,PASS,0,,10.35,Breakout seen but no run-up trigger (pullback/run-up thresholds not met),2026-09-11 03:51:51 UTC
CEPT,,PASS,0,,,**symbol** not found: CEPT. Please specify it correctly according to API Documentation.,2026-09-11 03:51:51 UTC
CEPU,,PASS,37,37.0,14.48,Breakout seen but no run-up trigger (pullback/run-up thresholds not met),2026-09-11 03:51:51 UTC
CEPV,,PASS,0,,10.39,Breakout seen but no run-up trigger (pullback/run-up thresholds not met),2026-09-11 03:51:51 UTC
CERS,,PASS,44,44.0,2.46,"Triangle occurred on 2026-07-14, not within last 5 bars",2026-09-11 03:51:51 UTC
CERT,,PASS,49,48.8,7.42,Breakout seen but no run-up trigger (pullback/run-up thresholds not met),2026-09-11 03:51:51 UTC
CETU,,PASS,52,51.9,5.1,"Triangle occurred on 2026-07-17, not within last 5 bars",2026-09-11 03:51:51 UTC
CEVA,,PASS,48,47.9,27.96,"Triangle occurred on 2026-06-09, not within last 5 bars",2026-09-11 03:51:51 UTC
CF,,PASS,47,46.8,135.11,Breakout seen but no run-up trigger (pullback/run-up thresholds not met),2026-09-11 03:51:51 UTC
CFBK,,PASS,41,41.2,35.45,Breakout seen but no run-up trigger (pullback/run-up thresholds not met),2026-09-11 03:51:51 UTC
CFFI,,PASS,32,32.3,93.62,Breakout seen but no run-up trigger (pullback/run-up thresholds not met),2026-09-11 03:51:51 UTC
CFFN,,PASS,0,,8.8,Breakout seen but no run-up trigger (pullback/run-up thresholds not met),2026-09-11 03:51:51 UTC
CFG,,PASS,0,,69.63,Breakout seen but no run-up trigger (pullback/run-up thresholds not met),2026-09-11 03:51:51 UTC
CFG-H,,PASS,0,,25.85,Breakout seen but no run-up trigger (pullback/run-up thresholds not met),2026-09-11 03:51:51 UTC
CFG-I,,PASS,0,,24.75,Breakout seen but no run-up trigger (pullback/run-up thresholds not met),2026-09-11 03:51:51 UTC
CFR,,PASS,0,,162.66,Breakout seen but no run-up trigger (pullback/run-up thresholds not met),2026-09-11 03:51:51 UTC
CFX,,PASS,50,49.9,18.41,Breakout seen but no run-up trigger (pullback/run-up thresholds not met),2026-09-11 03:51:51 UTC
CG,,PASS,0,,43.07,Breakout seen but no run-up trigger (pullback/run-up thresholds not met),2026-09-11 03:51:51 UTC
CGAU,,WATCH,56,55.8,22.6,"Triangle on 2026-09-04 (last 5 bars) + higher low after; EMA10 touched 3 bars; breakout 2026-08-21, top 2026-08-28, pullback-trigger 2026-08-31",2026-09-11 03:51:51 UTC
CGBD,,PASS,0,,11.38,Breakout seen but no run-up trigger (pullback/run-up thresholds not met),2026-09-11 03:51:51 UTC
CGCT,,PASS,0,,,**symbol** not found: CGCT. Please specify it correctly according to API Documentation.,2026-09-11 03:51:51 UTC
CGEM,,PASS,45,44.8,21.0,"Triangle occurred on 2026-09-01, not within last 5 bars",2026-09-11 03:51:51 UTC
CGEN,,PASS,31,30.6,2.46,Breakout seen but no run-up trigger (pullback/run-up thresholds not met),2026-09-11 03:51:51 UTC
CGNT,,PASS,31,30.7,8.08,"Triangle occurred on 2026-07-07, not within last 5 bars",2026-09-11 03:51:51 UTC
CGNX,,PASS,37,37.3,61.69,Breakout seen but no run-up trigger (pullback/run-up thresholds not met),2026-09-11 03:51:51 UTC
CGON,,PASS,45,44.7,72.0,Breakout seen but no run-up trigger (pullback/run-up thresholds not met),2026-09-11 03:51:51 UTC
CHA,,PASS,43,43.2,12.35,Breakout seen but no run-up trigger (pullback/run-up thresholds not met),2026-09-11 03:51:51 UTC
CHAR,,PASS,0,,10.97,Breakout seen but no run-up trigger (pullback/run-up thresholds not met),2026-09-11 03:51:51 UTC
CHCI,,PASS,38,37.8,21.01,Breakout seen but no run-up trigger (pullback/run-up thresholds not met),2026-09-11 03:51:51 UTC
CHCO,,PASS,0,,143.65,Breakout seen but no run-up trigger (pullback/run-up thresholds not met),2026-09-11 03:51:51 UTC
CHCT,,PASS,0,,14.63,Breakout seen but no run-up trigger (pullback/run-up thresholds not met),2026-09-11 03:51:51 UTC
CHD,,PASS,0,,93.94,Breakout seen but no run-up trigger (pullback/run-up thresholds not met),2026-09-11 03:51:51 UTC
CHDN,,PASS,0,,82.75,Breakout seen but no run-up trigger (pullback/run-up thresholds not met),2026-09-11 03:51:51 UTC
CHE,,PASS,0,,514.4,Breakout seen but no run-up trigger (pullback/run-up thresholds not met),2026-09-11 03:51:51 UTC
CHEC,,PASS,0,,10.25,Breakout seen but no run-up trigger (pullback/run-up thresholds not met),2026-09-11 03:51:51 UTC
CHEF,,PASS,31,30.6,109.77,Breakout seen but no run-up trigger (pullback/run-up thresholds not met),2026-09-11 03:51:51 UTC
CHEK,,PASS,980,980.3,6.6,"Triangle occurred on 2026-02-11, not within last 5 bars",2026-09-11 03:51:51 UTC
CHGG,,PASS,0,,0.73,Price below minimum ($2.00),2026-09-11 03:51:51 UTC
CHH,,PASS,32,32.0,98.23,Breakout seen but no run-up trigger (pullback/run-up thresholds not met),2026-09-11 03:51:51 UTC
CHKP,,PASS,0,,130.51,Breakout seen but no run-up trigger (pullback/run-up thresholds not met),2026-09-11 03:51:51 UTC
CHMG,,PASS,32,32.4,84.81,Breakout seen but no run-up trigger (pullback/run-up thresholds not met),2026-09-11 03:51:51 UTC
CHMI,,PASS,0,,2.9,Breakout seen but no run-up trigger (pullback/run-up thresholds not met),2026-09-11 03:51:51 UTC
CHNR,,PASS,82,82.4,3.82,Run-up triggered but EMA stack failed on run-up top (EMA10>EMA20>EMA50),2026-09-11 03:51:51 UTC
CHPG,,PASS,0,,10.49,Breakout seen but no run-up trigger (pullback/run-up thresholds not met),2026-09-11 03:51:51 UTC
CHPT,,PASS,89,89.5,8.93,"Triangle occurred on 2026-06-08, not within last 5 bars",2026-09-11 03:51:51 UTC
CHR,,PASS,0,,1.67,Price below minimum ($2.00),2026-09-11 03:51:51 UTC
CHRD,,PASS,0,,151.82,Breakout seen but no run-up trigger (pullback/run-up thresholds not met),2026-09-11 03:51:51 UTC
CHRN,,PASS,91,90.6,17.97,"Triangle occurred on 2026-07-23, not within last 5 bars",2026-09-11 03:51:51 UTC
CHRS,,PASS,0,,1.34,Price below minimum ($2.00),2026-09-11 03:51:51 UTC
CHRW,,PASS,0,,152.42,Breakout seen but no run-up trigger (pullback/run-up thresholds not met),2026-09-11 03:51:51 UTC
CHT,,PASS,0,,44.53,Breakout seen but no run-up trigger (pullback/run-up thresholds not met),2026-09-11 03:51:51 UTC
CHTR,,PASS,42,42.2,140.56,Run-up triggered but EMA stack failed on run-up top (EMA10>EMA20>EMA50),2026-09-11 03:51:51 UTC
CHWY,,PASS,36,36.5,21.08,Breakout seen but no run-up trigger (pullback/run-up thresholds not met),2026-09-11 03:51:51 UTC
CHYM,,PASS,65,65.2,32.67,Breakout seen but no run-up trigger (pullback/run-up thresholds not met),2026-09-11 03:51:51 UTC
CI,,PASS,0,,280.91,Breakout seen but no run-up trigger (pullback/run-up thresholds not met),2026-09-11 03:51:51 UTC
CIA,,PASS,32,32.0,3.5,Breakout seen but no run-up trigger (pullback/run-up thresholds not met),2026-09-11 03:51:51 UTC
CIB,,PASS,38,38.2,103.12,Breakout seen but no run-up trigger (pullback/run-up thresholds not met),2026-09-11 03:51:51 UTC
CIEN,,PASS,42,42.0,334.56,Breakout seen but no run-up trigger (pullback/run-up thresholds not met),2026-09-11 03:51:51 UTC
CIFR,,PASS,46,45.7,15.94,"Triangle occurred on 2026-06-25, not within last 5 bars",2026-09-11 03:51:51 UTC
CIG,,PASS,0,,2.21,Breakout seen but no run-up trigger (pullback/run-up thresholds not met),2026-09-11 03:51:51 UTC
CIG.C,,PASS,36,35.6,3.36,Breakout seen but no run-up trigger (pullback/run-up thresholds not met),2026-09-11 03:51:51 UTC
CIGI,,PASS,30,30.2,91.19,Breakout seen but no run-up trigger (pullback/run-up thresholds not met),2026-09-11 03:51:51 UTC
CIM,,PASS,0,,11.18,Breakout seen but no run-up trigger (pullback/run-up thresholds not met),2026-09-11 03:51:51 UTC
CINF,,PASS,0,,169.59,Breakout seen but no run-up trigger (pullback/run-up thresholds not met),2026-09-11 03:51:51 UTC
CING,,PASS,94,94.0,5.17,Breakout seen but no run-up trigger (pullback/run-up thresholds not met),2026-09-11 03:51:51 UTC
CINT,,PASS,0,,3.05,Breakout seen but no run-up trigger (pullback/run-up thresholds not met),2026-09-11 03:51:51 UTC
CION,,PASS,32,32.1,7.18,"Triangle occurred on 2026-08-28, not within last 5 bars",2026-09-11 03:51:51 UTC
CISS,,PASS,0,,1.45,Price below minimum ($2.00),2026-09-11 03:51:51 UTC
CITR,,PASS,64,63.7,5.03,Breakout seen but no run-up trigger (pullback/run-up thresholds not met),2026-09-11 03:51:51 UTC
CIVB,,PASS,35,34.9,27.35,Breakout seen but no run-up trigger (pullback/run-up thresholds not met),2026-09-11 03:51:51 UTC
CIX,,PASS,45,45.1,35.58,Breakout seen but no run-up trigger (pullback/run-up thresholds not met),2026-09-11 03:51:51 UTC
CIZN,,PASS,0,,10.5,Breakout seen but no run-up trigger (pullback/run-up thresholds not met),2026-09-11 03:51:51 UTC
CJET,,PASS,0,,0.55,Price below minimum ($2.00),2026-09-11 03:51:51 UTC
CKX,,PASS,0,,10.75,Breakout seen but no run-up trigger (pullback/run-up thresholds not met),2026-09-11 03:51:51 UTC
CL,,PASS,0,,87.9,Breakout seen but no run-up trigger (pullback/run-up thresholds not met),2026-09-11 03:51:51 UTC
CLAQ,,PASS,0,,0.64,Price below minimum ($2.00),2026-09-11 03:51:51 UTC
CLAR,,PASS,0,,3.55,Breakout seen but no run-up trigger (pullback/run-up thresholds not met),2026-09-11 03:51:51 UTC
CLB,,PASS,31,31.4,12.53,Run-up triggered but EMA stack failed on run-up top (EMA10>EMA20>EMA50),2026-09-11 03:51:51 UTC
CLBK,,PASS,0,,11.54,Breakout seen but no run-up trigger (pullback/run-up thresholds not met),2026-09-11 03:51:51 UTC
CLBR,,PASS,36,35.6,10.22,Breakout seen but no run-up trigger (pullback/run-up thresholds not met),2026-09-11 03:51:51 UTC
CLBT,,PASS,40,40.2,11.32,"Triangle occurred on 2026-07-16, not within last 5 bars",2026-09-11 03:51:51 UTC
CLDT,,PASS,0,,12.95,Breakout seen but no run-up trigger (pullback/run-up thresholds not met),2026-09-11 03:51:51 UTC
CLDT-A,,PASS,0,,20.1,Breakout seen but no run-up trigger (pullback/run-up thresholds not met),2026-09-11 03:51:51 UTC
CLDX,,PASS,35,35.3,38.1,"Triangle occurred on 2026-08-18, not within last 5 bars",2026-09-11 03:51:51 UTC
CLF,,PASS,45,45.5,11.83,"Triangle occurred on 2026-08-18, not within last 5 bars",2026-09-11 03:51:51 UTC
CLFD,,PASS,33,32.9,28.28,"Triangle occurred on 2026-06-11, not within last 5 bars",2026-09-11 03:51:51 UTC
CLH,,PASS,0,,320.94,Breakout seen but no run-up trigger (pullback/run-up thresholds not met),2026-09-11 03:51:51 UTC
CLIR,,PASS,37,36.6,4.04,Run-up triggered but EMA stack failed on run-up top (EMA10>EMA20>EMA50),2026-09-11 03:51:51 UTC
CLLS,,PASS,53,53.2,3.12,"Triangle occurred on 2026-09-02, not within last 5 bars",2026-09-11 03:51:51 UTC
CLMB,,PASS,31,30.9,26.87,Breakout seen but no run-up trigger (pullback/run-up thresholds not met),2026-09-11 03:51:51 UTC
CLMT,,PASS,33,33.4,56.44,Breakout seen but no run-up trigger (pullback/run-up thresholds not met),2026-09-11 03:51:51 UTC
CLNC,,PASS,0,,4.49,Breakout seen but no run-up trigger (pullback/run-up thresholds not met),2026-09-11 03:51:51 UTC
CLNE,,PASS,0,,1.59,Price below minimum ($2.00),2026-09-11 03:51:51 UTC
CLNN,,PASS,68,68.3,3.65,"Triangle occurred on 2026-05-13, not within last 5 bars",2026-09-11 03:51:51 UTC
CLOV,,PASS,45,44.9,4.71,Breakout seen but no run-up trigger (pullback/run-up thresholds not met),2026-09-11 03:51:51 UTC
CLPR,,WATCH,31,31.0,3.39,"Triangle on 2026-09-04 (last 5 bars) + higher low after; EMA10 touched 3 bars; breakout 2026-08-13, top 2026-08-27, pullback-trigger 2026-08-28",2026-09-11 03:51:51 UTC
CLPT,,PASS,40,40.3,13.48,"Triangle occurred on 2026-09-02, not within last 5 bars",2026-09-11 03:51:51 UTC
CLRB,,PASS,87,87.3,2.37,Run-up triggered but EMA stack failed on run-up top (EMA10>EMA20>EMA50),2026-09-11 03:51:51 UTC
CLRO,,PASS,452,451.8,4.87,"Triangle occurred on 2026-07-15, not within last 5 bars",2026-09-11 03:51:51 UTC
CLS,,PASS,39,39.4,325.22,"Triangle occurred on 2026-06-11, not within last 5 bars",2026-09-11 03:51:51 UTC
CLSK,,PASS,51,51.3,12.8,Breakout seen but no run-up trigger (pullback/run-up thresholds not met),2026-09-11 03:51:51 UTC
CLSN,,PASS,0,,1.45,Price below minimum ($2.00),2026-09-11 03:51:51 UTC
CLST,,PASS,0,,18.02,Breakout seen but no run-up trigger (pullback/run-up thresholds not met),2026-09-11 03:51:51 UTC
CLVT,,PASS,0,,1.95,Price below minimum ($2.00),2026-09-11 03:51:51 UTC
CLW,,PASS,58,58.1,19.69,"Triangle occurred on 2026-08-21, not within last 5 bars",2026-09-11 03:51:51 UTC
CLX,,PASS,0,,88.77,Breakout seen but no run-up trigger (pullback/run-up thresholds not met),2026-09-11 03:51:51 UTC
CLYM,,WATCH,60,59.6,14.95,"Triangle on 2026-09-04 (last 5 bars) + higher low after; EMA20 touched 3 bars; breakout 2026-08-17, top 2026-08-19, pullback-trigger 2026-08-20",2026-09-11 03:51:51 UTC
CM,,PASS,0,,114.47,Breakout seen but no run-up trigger (pullback/run-up thresholds not met),2026-09-11 03:51:51 UTC
CMBT,,PASS,40,40.4,19.38,Breakout seen but no run-up trigger (pullback/run-up thresholds not met),2026-09-11 03:51:51 UTC
CMC,,PASS,0,,66.62,Breakout seen but no run-up trigger (pullback/run-up thresholds not met),2026-09-11 03:51:51 UTC
CMCL,,PASS,32,31.9,25.36,Breakout seen but no run-up trigger (pullback/run-up thresholds not met),2026-09-11 03:51:51 UTC
CMCM,,PASS,48,48.2,3.35,Breakout seen but no run-up trigger (pullback/run-up thresholds not met),2026-09-11 03:51:51 UTC
CMCO,,PASS,68,68.5,17.22,"Triangle occurred on 2026-08-12, not within last 5 bars",2026-09-11 03:51:51 UTC
CMCSA,,PASS,0,,25.17,Breakout seen but no run-up trigger (pullback/run-up thresholds not met),2026-09-11 03:51:51 UTC
CMCT,,PASS,150,150.4,2.74,Run-up triggered but EMA stack failed on run-up top (EMA10>EMA20>EMA50),2026-09-11 03:51:51 UTC
CMDB,,PASS,35,34.5,23.35,Breakout seen but no run-up trigger (pullback/run-up thresholds not met),2026-09-11 03:51:51 UTC
CME,,PASS,0,,274.07,Breakout seen but no run-up trigger (pullback/run-up thresholds not met),2026-09-11 03:51:51 UTC
CMG,,PASS,0,,36.13,Breakout seen but no run-up trigger (pullback/run-up thresholds not met),2026-09-11 03:51:51 UTC
CMI,,PASS,0,,550.03,Breakout seen but no run-up trigger (pullback/run-up thresholds not met),2026-09-11 03:51:51 UTC
CMII,,PASS,0,,10.04,Breakout seen but no run-up trigger (pullback/run-up thresholds not met),2026-09-11 03:51:51 UTC
CMMB,,PASS,62,62.5,2.6,"Triangle occurred on 2026-07-10, not within last 5 bars",2026-09-11 03:51:51 UTC
CMND,,PASS,0,,0.98,Price below minimum ($2.00),2026-09-11 03:51:51 UTC
CMP,,PASS,30,30.5,25.07,Breakout seen but no run-up trigger (pullback/run-up thresholds not met),2026-09-11 03:51:51 UTC
CMPO,,PASS,33,32.6,12.9,Breakout seen but no run-up trigger (pullback/run-up thresholds not met),2026-09-11 03:51:51 UTC
CMPR,,PASS,33,33.1,84.07,"Triangle occurred on 2026-07-08, not within last 5 bars",2026-09-11 03:51:51 UTC
CMPS,,PASS,44,43.6,14.22,Breakout seen but no run-up trigger (pullback/run-up thresholds not met),2026-09-11 03:51:51 UTC
CMPX,,PASS,38,37.8,2.05,Run-up triggered but EMA stack failed on run-up top (EMA10>EMA20>EMA50),2026-09-11 03:51:51 UTC
CMRC,,PASS,34,34.4,3.08,Breakout seen but no run-up trigger (pullback/run-up thresholds not met),2026-09-11 03:51:51 UTC
CMRE,,PASS,0,,15.11,Breakout seen but no run-up trigger (pullback/run-up thresholds not met),2026-09-11 03:51:51 UTC
CMS,,PASS,0,,67.68,Breakout seen but no run-up trigger (pullback/run-up thresholds not met),2026-09-11 03:51:51 UTC
CMT,,PASS,0,,23.68,Breakout seen but no run-up trigger (pullback/run-up thresholds not met),2026-09-11 03:51:51 UTC
CMTG,,PASS,0,,1.54,Price below minimum ($2.00),2026-09-11 03:51:51 UTC
CMTL,,PASS,0,,1.46,Price below minimum ($2.00),2026-09-11 03:51:51 UTC
CMTV,,PASS,33,33.2,40.51,"Triangle occurred on 2026-05-08, not within last 5 bars",2026-09-11 03:51:51 UTC
CNA,,PASS,0,,47.48,Breakout seen but no run-up trigger (pullback/run-up thresholds not met),2026-09-11 03:51:51 UTC
CNC,,PASS,0,,65.4,Breakout seen but no run-up trigger (pullback/run-up thresholds not met),2026-09-11 03:51:51 UTC
CNCK,,PASS,0,,1.95,Price below minimum ($2.00),2026-09-11 03:51:51 UTC
CNDT,,PASS,0,,1.58,Price below minimum ($2.00),2026-09-11 03:51:51 UTC
CNEY,,PASS,0,,0.54,Price below minimum ($2.00),2026-09-11 03:51:51 UTC
CNF,,PASS,52,51.6,2.0,Run-up triggered but EMA stack failed on run-up top (EMA10>EMA20>EMA50),2026-09-11 03:51:51 UTC
CNH,,PASS,0,,13.5,Breakout seen but no run-up trigger (pullback/run-up thresholds not met),2026-09-11 03:51:51 UTC
CNHI,,PASS,0,,13.5,Breakout seen but no run-up trigger (pullback/run-up thresholds not met),2026-09-11 03:51:51 UTC
CNI,,PASS,0,,121.16,Breakout seen but no run-up trigger (pullback/run-up thresholds not met),2026-09-11 03:51:51 UTC
CNK,,PASS,37,36.8,35.15,"Triangle occurred on 2026-08-12, not within last 5 bars",2026-09-11 03:51:51 UTC
CNL,,PASS,39,38.6,14.65,Breakout seen but no run-up trigger (pullback/run-up thresholds not met),2026-09-11 03:51:51 UTC
CNM,,PASS,37,37.4,40.85,Breakout seen but no run-up trigger (pullback/run-up thresholds not met),2026-09-11 03:51:51 UTC
CNMD,,PASS,31,30.9,46.22,"Triangle occurred on 2026-08-27, not within last 5 bars",2026-09-11 03:51:51 UTC
CNNE,,PASS,0,,15.18,Breakout seen but no run-up trigger (pullback/run-up thresholds not met),2026-09-11 03:51:51 UTC
CNO,,PASS,0,,55.03,Breakout seen but no run-up trigger (pullback/run-up thresholds not met),2026-09-11 03:51:51 UTC
CNOB,,PASS,0,,31.59,Breakout seen but no run-up trigger (pullback/run-up thresholds not met),2026-09-11 03:51:51 UTC
CNP,,PASS,0,,39.12,Breakout seen but no run-up trigger (pullback/run-up thresholds not met),2026-09-11 03:51:51 UTC
CNQ,,PASS,0,,50.8,Breakout seen but no run-up trigger (pullback/run-up thresholds not met),2026-09-11 03:51:51 UTC
CNR,,PASS,33,33.4,98.52,Breakout seen but no run-up trigger (pullback/run-up thresholds not met),2026-09-11 03:51:51 UTC
CNS,,PASS,0,,76.66,Breakout seen but no run-up trigger (pullback/run-up thresholds not met),2026-09-11 03:51:51 UTC
CNSP,,PASS,30,30.2,5.75,"Triangle occurred on 2026-08-07, not within last 5 bars",2026-09-11 03:51:51 UTC
CNTA,,PASS,0,,,**symbol** not found: CNTA. Please specify it correctly according to API Documentation.,2026-09-11 03:51:51 UTC
CNTB,,PASS,33,32.6,2.05,"Triangle occurred on 2026-04-01, not within last 5 bars",2026-09-11 03:51:51 UTC
CNTN,,PASS,34,33.5,2.15,Run-up triggered but EMA stack failed on run-up top (EMA10>EMA20>EMA50),2026-09-11 03:51:51 UTC
CNTQ,,PASS,0,,1.05,Price below minimum ($2.00),2026-09-11 03:51:51 UTC
CNTX,,PASS,0,,0.37,Price below minimum ($2.00),2026-09-11 03:51:51 UTC
CNVCF,,PASS,0,,1.8,Price below minimum ($2.00),2026-09-11 03:51:51 UTC
CNVS,,PASS,34,33.7,2.23,"Triangle occurred on 2026-06-26, not within last 5 bars",2026-09-11 03:51:51 UTC
CNX,,PASS,0,,36.67,Breakout seen but no run-up trigger (pullback/run-up thresholds not met),2026-09-11 03:51:51 UTC
CNXC,,PASS,51,50.9,27.0,"Triangle occurred on 2025-04-08, not within last 5 bars",2026-09-11 03:51:51 UTC
CNXN,,PASS,0,,82.59,Breakout seen but no run-up trigger (pullback/run-up thresholds not met),2026-09-11 03:51:51 UTC
CNXU,,PASS,0,,,Not enough daily data,2026-09-11 03:51:51 UTC
COAG,,PASS,0,,,Not enough daily data,2026-09-11 03:51:51 UTC
COCO,,PASS,74,73.8,51.1,Breakout seen but no run-up trigger (pullback/run-up thresholds not met),2026-09-11 03:51:51 UTC
CODA,,PASS,33,32.8,9.82,Breakout seen but no run-up trigger (pullback/run-up thresholds not met),2026-09-11 03:51:51 UTC
CODI,,PASS,34,34.4,10.96,"Triangle occurred on 2026-08-21, not within last 5 bars",2026-09-11 03:51:51 UTC
CODX,,PASS,0,,1.1,Price below minimum ($2.00),2026-09-11 03:51:51 UTC
COE,,PASS,37,37.5,10.6,Run-up triggered but EMA stack failed on run-up top (EMA10>EMA20>EMA50),2026-09-11 03:51:51 UTC
COF,,PASS,30,30.3,207.11,Breakout seen but no run-up trigger (pullback/run-up thresholds not met),2026-09-11 03:51:51 UTC
COFS,,PASS,0,,33.93,Breakout seen but no run-up trigger (pullback/run-up thresholds not met),2026-09-11 03:51:51 UTC
COGT,,PASS,32,32.2,34.08,Breakout seen but no run-up trigger (pullback/run-up thresholds not met),2026-09-11 03:51:51 UTC
COHN,,PASS,42,41.8,10.92,Run-up triggered but EMA stack failed on run-up top (EMA10>EMA20>EMA50),2026-09-11 03:51:51 UTC
COHR,,PASS,77,77.3,293.17,Run-up triggered but EMA stack failed on run-up top (EMA10>EMA20>EMA50),2026-09-11 03:51:51 UTC
COHU,,PASS,62,62.1,54.73,"Triangle occurred on 2026-08-21, not within last 5 bars",2026-09-11 03:51:51 UTC
COIN,,PASS,31,31.4,172.28,Run-up triggered but EMA stack failed on run-up top (EMA10>EMA20>EMA50),2026-09-11 03:51:51 UTC
COKE,,PASS,0,,188.8,Breakout seen but no run-up trigger (pullback/run-up thresholds not met),2026-09-11 03:51:51 UTC
COLA,,PASS,0,,8.3,Breakout seen but no run-up trigger (pullback/run-up thresholds not met),2026-09-11 03:51:51 UTC
COLB,,PASS,0,,30.04,Breakout seen but no run-up trigger (pullback/run-up thresholds not met),2026-09-11 03:51:51 UTC
COLD,,PASS,42,42.0,14.12,Breakout seen but no run-up trigger (pullback/run-up thresholds not met),2026-09-11 03:51:51 UTC
COLL,,PASS,42,42.2,22.92,Breakout seen but no run-up trigger (pullback/run-up thresholds not met),2026-09-11 03:51:51 UTC
COLM,,PASS,31,31.3,56.42,Breakout seen but no run-up trigger (pullback/run-up thresholds not met),2026-09-11 03:51:51 UTC
COMM,,PASS,115,114.9,6.4,Breakout seen but no run-up trigger (pullback/run-up thresholds not met),2026-09-11 03:51:51 UTC
COMP,,PASS,76,75.6,10.13,Breakout seen but no run-up trigger (pullback/run-up thresholds not met),2026-09-11 03:51:51 UTC
CON,,PASS,0,,34.24,Breakout seen but no run-up trigger (pullback/run-up thresholds not met),2026-09-11 03:51:51 UTC
COO,,PASS,0,,54.17,Breakout seen but no run-up trigger (pullback/run-up thresholds not met),2026-09-11 03:51:51 UTC
COOK,,PASS,52,51.9,48.68,"Triangle occurred on 2026-07-13, not within last 5 bars",2026-09-11 03:51:51 UTC
COP,,PASS,0,,137.04,Breakout seen but no run-up trigger (pullback/run-up thresholds not met),2026-09-11 03:51:51 UTC
COPL,,PASS,0,,10.54,Breakout seen but no run-up trigger (pullback/run-up thresholds not met),2026-09-11 03:51:51 UTC
COPL.UN,,PASS,0,,10.51,Breakout seen but no run-up trigger (pullback/run-up thresholds not met),2026-09-11 03:51:51 UTC
COR,,PASS,0,,320.95,Breakout seen but no run-up trigger (pullback/run-up thresholds not met),2026-09-11 03:51:51 UTC
CORT,,PASS,44,44.0,114.92,Breakout seen but no run-up trigger (pullback/run-up thresholds not met),2026-09-11 03:51:51 UTC
CORZ,,PASS,40,39.6,17.37,"Triangle occurred on 2026-06-09, not within last 5 bars",2026-09-11 03:51:51 UTC
COSO,,PASS,0,,27.57,Breakout seen but no run-up trigger (pullback/run-up thresholds not met),2026-09-11 03:51:51 UTC
COST,,PASS,0,,902.38,Breakout seen but no run-up trigger (pullback/run-up thresholds not met),2026-09-11 03:51:51 UTC
COTY,,PASS,34,34.1,2.63,Breakout seen but no run-up trigger (pullback/run-up thresholds not met),2026-09-11 03:51:51 UTC
COUR,,PASS,70,69.9,5.23,Breakout seen but no run-up trigger (pullback/run-up thresholds not met),2026-09-11 03:51:51 UTC
COYA,,PASS,44,44.4,4.52,Breakout seen but no run-up trigger (pullback/run-up thresholds not met),2026-09-11 03:51:51 UTC
CP,,PASS,0,,88.84,Breakout seen but no run-up trigger (pullback/run-up thresholds not met),2026-09-11 03:51:51 UTC
CPA,,PASS,0,,128.56,Breakout seen but no run-up trigger (pullback/run-up thresholds not met),2026-09-11 03:51:51 UTC
CPAC,,PASS,71,71.5,12.57,Breakout seen but no run-up trigger (pullback/run-up thresholds not met),2026-09-11 03:51:51 UTC
CPAY,,PASS,0,,408.47,Breakout seen but no run-up trigger (pullback/run-up thresholds not met),2026-09-11 03:51:51 UTC
CPB,,PASS,0,,20.94,Breakout seen but no run-up trigger (pullback/run-up thresholds not met),2026-09-11 03:51:51 UTC
CPBI,,PASS,0,,21.07,Breakout seen but no run-up trigger (pullback/run-up thresholds not met),2026-09-11 03:51:51 UTC
CPF,,PASS,0,,37.75,Breakout seen but no run-up trigger (pullback/run-up thresholds not met),2026-09-11 03:51:51 UTC
CPHC,,PASS,0,,15.99,Breakout seen but no run-up trigger (pullback/run-up thresholds not met),2026-09-11 03:51:51 UTC
CPIX,,PASS,40,40.5,6.48,Breakout seen but no run-up trigger (pullback/run-up thresholds not met),2026-09-11 03:51:51 UTC
CPK,,PASS,0,,129.59,Breakout seen but no run-up trigger (pullback/run-up thresholds not met),2026-09-11 03:51:51 UTC
CPNG,,PASS,31,31.4,14.67,Run-up triggered but EMA stack failed on run-up top (EMA10>EMA20>EMA50),2026-09-11 03:51:51 UTC
CPRI,,PASS,34,34.4,12.88,Breakout seen but no run-up trigger (pullback/run-up thresholds not met),2026-09-11 03:51:51 UTC
CPRT,,PASS,0,,30.75,Breakout seen but no run-up trigger (pullback/run-up thresholds not met),2026-09-11 03:51:51 UTC
CPRX,,PASS,0,,,**symbol** not found: CPRX. Please specify it correctly according to API Documentation.,2026-09-11 03:51:51 UTC
CPS,,PASS,32,31.7,23.7,Run-up triggered but EMA stack failed on run-up top (EMA10>EMA20>EMA50),2026-09-11 03:51:51 UTC
CPSH,,PASS,241,241.0,3.94,"Triangle occurred on 2026-06-09, not within last 5 bars",2026-09-11 03:51:51 UTC
CPSI,,PASS,0,,,**symbol** not found: CPSI. Please specify it correctly according to API Documentation.,2026-09-11 03:51:51 UTC
CPSS,,PASS,34,34.0,9.37,Breakout seen but no run-up trigger (pullback/run-up thresholds not met),2026-09-11 03:51:51 UTC
CPT,,PASS,0,,102.5,Breakout seen but no run-up trigger (pullback/run-up thresholds not met),2026-09-11 03:51:51 UTC
CR,,PASS,37,36.9,197.53,"Triangle occurred on 2026-07-08, not within last 5 bars",2026-09-11 03:51:51 UTC
CRAC,,PASS,0,,10.2,Breakout seen but no run-up trigger (pullback/run-up thresholds not met),2026-09-11 03:51:51 UTC
CRAI,,PASS,0,,163.46,Breakout seen but no run-up trigger (pullback/run-up thresholds not met),2026-09-11 03:51:51 UTC
CRAN,,PASS,0,,10.14,Breakout seen but no run-up trigger (pullback/run-up thresholds not met),2026-09-11 03:51:51 UTC
CRAQ,,PASS,0,,10.39,Breakout seen but no run-up trigger (pullback/run-up thresholds not met),2026-09-11 03:51:51 UTC
CRBG,,PASS,0,,34.18,Breakout seen but no run-up trigger (pullback/run-up thresholds not met),2026-09-11 03:51:51 UTC
CRBP,,PASS,34,34.0,8.24,"Triangle occurred on 2026-09-02, not within last 5 bars",2026-09-11 03:51:51 UTC
CRBU,,PASS,0,,1.37,Price below minimum ($2.00),2026-09-11 03:51:51 UTC
CRC,,PASS,0,,56.25,Breakout seen but no run-up trigger (pullback/run-up thresholds not met),2026-09-11 03:51:51 UTC
CRCL,,PASS,79,78.6,90.32,"Triangle occurred on 2026-05-19, not within last 5 bars",2026-09-11 03:51:51 UTC
CRCT,,PASS,48,47.5,5.46,"Triangle occurred on 2026-08-25, not within last 5 bars",2026-09-11 03:51:51 UTC
CRD.A,,PASS,30,30.0,12.47,"Triangle occurred on 2026-08-20, not within last 5 bars",2026-09-11 03:51:51 UTC
CRD.B,,PASS,37,36.7,11.64,"Triangle occurred on 2026-08-21, not within last 5 bars",2026-09-11 03:51:51 UTC
CRDF,,PASS,0,,1.21,Price below minimum ($2.00),2026-09-11 03:51:51 UTC
CRDO,,PASS,61,61.5,160.31,"Triangle occurred on 2026-08-21, not within last 5 bars",2026-09-11 03:51:51 UTC
CRE,,PASS,258,258.3,2.85,"Triangle occurred on 2026-09-02, not within last 5 bars",2026-09-11 03:51:51 UTC
CRESY,,PASS,52,51.7,12.61,Breakout seen but no run-up trigger (pullback/run-up thresholds not met),2026-09-11 03:51:51 UTC
CREX,,PASS,31,31.2,2.9,"Triangle occurred on 2026-04-27, not within last 5 bars",2026-09-11 03:51:51 UTC
CRGO,,PASS,0,,1.2,Price below minimum ($2.00),2026-09-11 03:51:51 UTC
CRGY,,PASS,31,31.1,14.41,Breakout seen but no run-up trigger (pullback/run-up thresholds not met),2026-09-11 03:51:51 UTC
CRH,,PASS,0,,87.66,Breakout seen but no run-up trigger (pullback/run-up thresholds not met),2026-09-11 03:51:51 UTC
CRI,,PASS,0,,30.19,Breakout seen but no run-up trigger (pullback/run-up thresholds not met),2026-09-11 03:51:51 UTC
CRK,,PASS,52,52.0,15.19,Breakout seen but no run-up trigger (pullback/run-up thresholds not met),2026-09-11 03:51:51 UTC
CRL,,PASS,42,42.1,273.0,"Triangle occurred on 2026-09-01, not within last 5 bars",2026-09-11 03:51:51 UTC
CRM,,PASS,41,41.3,243.0,Run-up triggered but no 3-consecutive EMA touch afterwards,2026-09-11 03:51:51 UTC
CRMD,,PASS,42,41.5,7.96,Breakout seen but no run-up trigger (pullback/run-up thresholds not met),2026-09-11 03:51:51 UTC
CRML,,PASS,51,50.6,6.72,Run-up triggered but EMA stack failed on run-up top (EMA10>EMA20>EMA50),2026-09-11 03:51:51 UTC
CRMT,,PASS,0,,1.59,Price below minimum ($2.00),2026-09-11 03:51:51 UTC
CRNC,,PASS,48,48.0,8.14,"Triangle occurred on 2026-06-09, not within last 5 bars",2026-09-11 03:51:51 UTC
CRNT,,PASS,36,36.0,2.03,"Triangle occurred on 2026-06-11, not within last 5 bars",2026-09-11 03:51:51 UTC
CRNX,,PASS,42,42.5,84.95,Breakout seen but no run-up trigger (pullback/run-up thresholds not met),2026-09-11 03:51:51 UTC
CRON,,PASS,34,34.4,3.16,"Triangle occurred on 2026-09-01, not within last 5 bars",2026-09-11 03:51:51 UTC
CROX,,PASS,51,50.6,108.83,Breakout seen but no run-up trigger (pullback/run-up thresholds not met),2026-09-11 03:51:51 UTC
CRS,,PASS,61,60.5,448.25,"Triangle occurred on 2026-07-14, not within last 5 bars",2026-09-11 03:51:51 UTC
CRSP,,WATCH,36,36.3,52.26,"Triangle on 2026-09-03 (last 5 bars) + higher low after; EMA20 touched 3 bars; breakout 2026-08-19, top 2026-08-21, pullback-trigger 2026-08-24",2026-09-11 03:51:51 UTC
CRSR,,PASS,66,66.1,12.57,"Triangle occurred on 2026-08-27, not within last 5 bars",2026-09-11 03:51:51 UTC
CRTO,,PASS,53,53.5,17.37,"Triangle occurred on 2026-07-29, not within last 5 bars",2026-09-11 03:51:51 UTC
CRUS,,PASS,0,,116.48,Breakout seen but no run-up trigger (pullback/run-up thresholds not met),2026-09-11 03:51:51 UTC
CRVL,,PASS,0,,67.69,Breakout seen but no run-up trigger (pullback/run-up thresholds not met),2026-09-11 03:51:51 UTC
CRVO,,PASS,250,249.8,2.48,Run-up triggered but EMA stack failed on run-up top (EMA10>EMA20>EMA50),2026-09-11 03:51:51 UTC
CRVS,,PASS,52,52.1,12.94,"Triangle occurred on 2026-07-20, not within last 5 bars",2026-09-11 03:51:51 UTC
CRWD,,PASS,31,30.6,208.86,Breakout seen but no run-up trigger (pullback/run-up thresholds not met),2026-09-11 03:51:51 UTC
CRWS,,PASS,0,,2.69,Breakout seen but no run-up trigger (pullback/run-up thresholds not met),2026-09-11 03:51:51 UTC
CRWV,,PASS,94,94.0,89.12,Run-up triggered but EMA stack failed on run-up top (EMA10>EMA20>EMA50),2026-09-11 03:51:51 UTC
CSAN,,PASS,31,31.1,2.95,Breakout seen but no run-up trigger (pullback/run-up thresholds not met),2026-09-11 03:51:51 UTC
CSBR,,PASS,39,39.4,5.1,Breakout seen but no run-up trigger (pullback/run-up thresholds not met),2026-09-11 03:51:51 UTC
CSCI,,PASS,32,32.4,7.61,"Triangle occurred on 2026-06-04, not within last 5 bars",2026-09-11 03:51:51 UTC
CSCO,,PASS,0,,107.44,Breakout seen but no run-up trigger (pullback/run-up thresholds not met),2026-09-11 03:51:51 UTC
CSGP,,PASS,31,30.6,29.49,Run-up triggered but EMA stack failed on run-up top (EMA10>EMA20>EMA50),2026-09-11 03:51:51 UTC
CSGS,,PASS,0,,,**symbol** not found: CSGS. Please specify it correctly according to API Documentation.,2026-09-11 03:51:51 UTC
CSHR,,PASS,0,,,Not enough daily data,2026-09-11 03:51:51 UTC
CSIQ,,PASS,70,69.7,13.03,"Triangle occurred on 2026-05-18, not within last 5 bars",2026-09-11 03:51:51 UTC
CSL,,PASS,0,,329.74,Breakout seen but no run-up trigger (pullback/run-up thresholds not met),2026-09-11 03:51:51 UTC
CSLT,,PASS,33,32.8,2.05,Breakout seen but no run-up trigger (pullback/run-up thresholds not met),2026-09-11 03:51:51 UTC
CSPI,,PASS,35,35.1,7.75,Breakout seen but no run-up trigger (pullback/run-up thresholds not met),2026-09-11 03:51:51 UTC
CSPR,,PASS,114,113.5,6.78,Breakout seen but no run-up trigger (pullback/run-up thresholds not met),2026-09-11 03:51:51 UTC
CSR,,PASS,0,,57.69,Breakout seen but no run-up trigger (pullback/run-up thresholds not met),2026-09-11 03:51:51 UTC
CSTE,,PASS,99,99.0,3.18,"Triangle occurred on 2026-08-28, not within last 5 bars",2026-09-11 03:51:51 UTC
CSTL,,PASS,39,39.3,32.32,Breakout seen but no run-up trigger (pullback/run-up thresholds not met),2026-09-11 03:51:51 UTC
CSTM,,PASS,36,35.8,25.99,Breakout seen but no run-up trigger (pullback/run-up thresholds not met),2026-09-11 03:51:51 UTC
CSV,,PASS,0,,32.19,Breakout seen but no run-up trigger (pullback/run-up thresholds not met),2026-09-11 03:51:51 UTC
CSW,,PASS,32,31.9,291.7,"Triangle occurred on 2026-08-25, not within last 5 bars",2026-09-11 03:51:51 UTC
CSWC,,PASS,0,,24.1,Breakout seen but no run-up trigger (pullback/run-up thresholds not met),2026-09-11 03:51:51 UTC
CSWI,,PASS,32,31.9,291.7,"Triangle occurred on 2026-08-25, not within last 5 bars",2026-09-11 03:51:51 UTC
CSX,,PASS,0,,49.04,Breakout seen but no run-up trigger (pullback/run-up thresholds not met),2026-09-11 03:51:51 UTC
CTAA,,PASS,0,,9.95,Breakout seen but no run-up trigger (pullback/run-up thresholds not met),2026-09-11 03:51:51 UTC
CTAS,,PASS,0,,198.44,Breakout seen but no run-up trigger (pullback/run-up thresholds not met),2026-09-11 03:51:51 UTC
CTBI,,PASS,0,,77.37,Breakout seen but no run-up trigger (pullback/run-up thresholds not met),2026-09-11 03:51:51 UTC
CTEV,,PASS,101,100.7,36.74,Triangle on 2026-09-10 but no higher low after triangle (last 10 bars),2026-09-11 03:51:51 UTC
CTGO,,PASS,36,35.8,18.88,Breakout seen but no run-up trigger (pullback/run-up thresholds not met),2026-09-11 03:51:51 UTC
CTKB,,PASS,67,66.8,4.53,Breakout seen but no run-up trigger (pullback/run-up thresholds not met),2026-09-11 03:51:51 UTC
CTLP,,PASS,0,,,**symbol** not found: CTLP. Please specify it correctly according to API Documentation.,2026-09-11 03:51:51 UTC
CTMX,,PASS,40,40.3,3.35,Breakout seen but no run-up trigger (pullback/run-up thresholds not met),2026-09-11 03:51:51 UTC
CTNM,,PASS,49,48.7,14.66,Breakout seen but no run-up trigger (pullback/run-up thresholds not met),2026-09-11 03:51:51 UTC
CTNT,,PASS,0,,1.14,Price below minimum ($2.00),2026-09-11 03:51:51 UTC
CTO,,PASS,0,,20.83,Breakout seen but no run-up trigger (pullback/run-up thresholds not met),2026-09-11 03:51:51 UTC
CTO-A,,PASS,0,,20.08,Breakout seen but no run-up trigger (pullback/run-up thresholds not met),2026-09-11 03:51:51 UTC
CTOS,,PASS,32,31.6,9.04,"Triangle occurred on 2026-07-14, not within last 5 bars",2026-09-11 03:51:51 UTC
CTRA,,PASS,0,,,**symbol** CTRA is not available with your plan. You may select the appropriate plan at https://twelvedata.com/pricing,2026-09-11 03:51:51 UTC
CTRE,,PASS,0,,38.82,Breakout seen but no run-up trigger (pullback/run-up thresholds not met),2026-09-11 03:51:51 UTC
CTRI,,PASS,33,32.9,20.25,"Triangle occurred on 2026-05-28, not within last 5 bars",2026-09-11 03:51:51 UTC
CTRM,,PASS,36,36.0,2.41,Breakout seen but no run-up trigger (pullback/run-up thresholds not met),2026-09-11 03:51:51 UTC
CTRN,,PASS,57,57.0,63.96,Breakout seen but no run-up trigger (pullback/run-up thresholds not met),2026-09-11 03:51:51 UTC
CTS,,PASS,40,39.9,56.3,Breakout seen but no run-up trigger (pullback/run-up thresholds not met),2026-09-11 03:51:51 UTC
CTSH,,PASS,35,35.5,58.32,Breakout seen but no run-up trigger (pullback/run-up thresholds not met),2026-09-11 03:51:51 UTC
CTVA,,PASS,0,,84.49,Breakout seen but no run-up trigger (pullback/run-up thresholds not met),2026-09-11 03:51:51 UTC
CTW,,PASS,36,35.7,2.32,"Triangle occurred on 2026-08-27, not within last 5 bars",2026-09-11 03:51:51 UTC
CUB,,PASS,0,,10.86,Breakout seen but no run-up trigger (pullback/run-up thresholds not met),2026-09-11 03:51:51 UTC
CUBE,,PASS,0,,39.08,Breakout seen but no run-up trigger (pullback/run-up thresholds not met),2026-09-11 03:51:51 UTC
CUBI,,PASS,34,34.2,78.86,Breakout seen but no run-up trigger (pullback/run-up thresholds not met),2026-09-11 03:51:51 UTC
CUE,,PASS,85,85.0,28.0,"Triangle occurred on 2026-07-15, not within last 5 bars",2026-09-11 03:51:51 UTC
CUK,,PASS,0,,,**symbol** not found: CUK. Please specify it correctly according to API Documentation.,2026-09-11 03:51:51 UTC
CULP,,PASS,34,34.4,3.83,Breakout seen but no run-up trigger (pullback/run-up thresholds not met),2026-09-11 03:51:51 UTC
CURB,,PASS,0,,29.4,Breakout seen but no run-up trigger (pullback/run-up thresholds not met),2026-09-11 03:51:51 UTC
CURI,,PASS,82,81.9,2.71,"Triangle occurred on 2026-08-20, not within last 5 bars",2026-09-11 03:51:51 UTC
CURR,,PASS,39,38.5,3.58,"Triangle occurred on 2026-08-25, not within last 5 bars",2026-09-11 03:51:51 UTC
CUZ,,PASS,0,,27.94,Breakout seen but no run-up trigger (pullback/run-up thresholds not met),2026-09-11 03:51:51 UTC
CV,,PASS,81,81.4,6.52,"Triangle occurred on 2026-03-31, not within last 5 bars",2026-09-11 03:51:51 UTC
CVBF,,PASS,0,,22.39,Breakout seen but no run-up trigger (pullback/run-up thresholds not met),2026-09-11 03:51:51 UTC
CVCO,,PASS,39,39.4,523.35,Breakout seen but no run-up trigger (pullback/run-up thresholds not met),2026-09-11 03:51:51 UTC
CVE,,PASS,0,,33.34,Breakout seen but no run-up trigger (pullback/run-up thresholds not met),2026-09-11 03:51:51 UTC
CVEO,,PASS,35,34.9,33.7,Breakout seen but no run-up trigger (pullback/run-up thresholds not met),2026-09-11 03:51:51 UTC
CVGI,,PASS,45,45.1,3.09,"Triangle occurred on 2026-05-19, not within last 5 bars",2026-09-11 03:51:51 UTC
CVGW,,PASS,0,,,**symbol** not found: CVGW. Please specify it correctly according to API Documentation.,2026-09-11 03:51:51 UTC
CVI,,PASS,38,38.4,48.6,Breakout seen but no run-up trigger (pullback/run-up thresholds not met),2026-09-11 03:51:51 UTC
CVKD,,PASS,0,,1.18,Price below minimum ($2.00),2026-09-11 03:51:51 UTC
CVLG,,PASS,53,52.6,35.27,Breakout seen but no run-up trigger (pullback/run-up thresholds not met),2026-09-11 03:51:51 UTC
CVLT,,PASS,37,36.9,131.55,Breakout seen but no run-up trigger (pullback/run-up thresholds not met),2026-09-11 03:51:51 UTC
CVNA,,PASS,36,35.5,70.28,"Triangle occurred on 2026-08-20, not within last 5 bars",2026-09-11 03:51:51 UTC
CVR,,PASS,69,69.3,10.26,Breakout seen but no run-up trigger (pullback/run-up thresholds not met),2026-09-11 03:51:51 UTC
CVRX,,PASS,39,38.6,2.86,Breakout seen but no run-up trigger (pullback/run-up thresholds not met),2026-09-11 03:51:51 UTC
CVS,,PASS,34,33.9,95.29,Breakout seen but no run-up trigger (pullback/run-up thresholds not met),2026-09-11 03:51:51 UTC
CVSA,,PASS,34,34.2,123.63,Breakout seen but no run-up trigger (pullback/run-up thresholds not met),2026-09-11 03:51:51 UTC
CVU,,PASS,31,31.4,5.16,"Triangle occurred on 2026-08-21, not within last 5 bars",2026-09-11 03:51:51 UTC
CVV,,PASS,52,52.4,6.27,"Triangle occurred on 2026-06-25, not within last 5 bars",2026-09-11 03:51:51 UTC
CVX,,PASS,0,,212.76,Breakout seen but no run-up trigger (pullback/run-up thresholds not met),2026-09-11 03:51:51 UTC
CW,,PASS,0,,559.74,Breakout seen but no run-up trigger (pullback/run-up thresholds not met),2026-09-11 03:51:51 UTC
CWAN,,PASS,0,,,**symbol** not found: CWAN. Please specify it correctly according to API Documentation.,2026-09-11 03:51:51 UTC
CWBC,,PASS,0,,26.29,Breakout seen but no run-up trigger (pullback/run-up thresholds not met),2026-09-11 03:51:51 UTC
CWCO,,PASS,0,,28.04,Breakout seen but no run-up trigger (pullback/run-up thresholds not met),2026-09-11 03:51:51 UTC
CWEN,,PASS,0,,31.59,Breakout seen but no run-up trigger (pullback/run-up thresholds not met),2026-09-11 03:51:51 UTC
CWEN.A,,PASS,0,,,**symbol** not found: CWEN.A. Please specify it correctly according to API Documentation.,2026-09-11 03:51:51 UTC
CWH,,PASS,38,37.9,6.09,Run-up triggered but EMA stack failed on run-up top (EMA10>EMA20>EMA50),2026-09-11 03:51:51 UTC
CWK,,PASS,30,30.4,12.68,Breakout seen but no run-up trigger (pullback/run-up thresholds not met),2026-09-11 03:51:51 UTC
CWST,,PASS,0,,89.94,Breakout seen but no run-up trigger (pullback/run-up thresholds not met),2026-09-11 03:51:51 UTC
CWT,,PASS,0,,48.86,Breakout seen but no run-up trigger (pullback/run-up thresholds not met),2026-09-11 03:51:51 UTC
CX,,PASS,32,31.8,10.66,Breakout seen but no run-up trigger (pullback/run-up thresholds not met),2026-09-11 03:51:51 UTC
CXDO,,PASS,53,53.4,5.71,Breakout seen but no run-up trigger (pullback/run-up thresholds not met),2026-09-11 03:51:51 UTC
CXM,,PASS,31,30.7,5.44,Breakout seen but no run-up trigger (pullback/run-up thresholds not met),2026-09-11 03:51:51 UTC
CXT,,PASS,0,,50.37,Breakout seen but no run-up trigger (pullback/run-up thresholds not met),2026-09-11 03:51:51 UTC
CXW,,PASS,57,57.0,34.41,Breakout seen but no run-up trigger (pullback/run-up thresholds not met),2026-09-11 03:51:51 UTC
CYBN,,PASS,96,95.5,12.84,"Triangle occurred on 2026-09-02, not within last 5 bars",2026-09-11 03:51:51 UTC
CYCN,,PASS,46,46.4,23.94,"Triangle occurred on 2026-08-28, not within last 5 bars",2026-09-11 03:51:51 UTC
CYD,,PASS,60,59.7,35.9,"Triangle occurred on 2026-06-08, not within last 5 bars",2026-09-11 03:51:51 UTC
CYH,,PASS,32,31.5,2.89,"Triangle occurred on 2026-07-22, not within last 5 bars",2026-09-11 03:51:51 UTC
CYRX,,PASS,42,42.2,15.27,Breakout seen but no run-up trigger (pullback/run-up thresholds not met),2026-09-11 03:51:51 UTC
CYTK,,PASS,33,32.5,73.62,"Triangle occurred on 2026-07-13, not within last 5 bars",2026-09-11 03:51:51 UTC
CZFS,,PASS,31,31.5,83.12,Breakout seen but no run-up trigger (pullback/run-up thresholds not met),2026-09-11 03:51:51 UTC
CZNC,,PASS,0,,25.93,Breakout seen but no run-up trigger (pullback/run-up thresholds not met),2026-09-11 03:51:51 UTC
CZR,,PASS,57,57.0,29.65,Breakout seen but no run-up trigger (pullback/run-up thresholds not met),2026-09-11 03:51:51 UTC
CZWI,,PASS,0,,22.05,Breakout seen but no run-up trigger (pullback/run-up thresholds not met),2026-09-11 03:51:51 UTC
D,,PASS,0,,65.05,Breakout seen but no run-up trigger (pullback/run-up thresholds not met),2026-09-11 03:51:51 UTC
DAAQ,,PASS,0,,10.44,Breakout seen but no run-up trigger (pullback/run-up thresholds not met),2026-09-11 03:51:51 UTC
DAC,,PASS,0,,156.89,Breakout seen but no run-up trigger (pullback/run-up thresholds not met),2026-09-11 03:51:51 UTC
DAIO,,PASS,68,68.2,2.71,"Triangle occurred on 2026-06-11, not within last 5 bars",2026-09-11 03:51:51 UTC
DAKT,,PASS,34,33.9,18.95,Breakout seen but no run-up trigger (pullback/run-up thresholds not met),2026-09-11 03:51:51 UTC
DAL,,PASS,32,32.4,78.24,Breakout seen but no run-up trigger (pullback/run-up thresholds not met),2026-09-11 03:51:51 UTC
DAN,,PASS,37,36.7,30.67,Breakout seen but no run-up trigger (pullback/run-up thresholds not met),2026-09-11 03:51:51 UTC
DAO,,PASS,50,49.6,14.82,Breakout seen but no run-up trigger (pullback/run-up thresholds not met),2026-09-11 03:51:51 UTC
DAR,,PASS,32,32.5,66.37,Breakout seen but no run-up trigger (pullback/run-up thresholds not met),2026-09-11 03:51:51 UTC
DARE,,PASS,0,,0.71,Price below minimum ($2.00),2026-09-11 03:51:51 UTC
DASH,,PASS,34,33.5,201.03,Breakout seen but no run-up trigger (pullback/run-up thresholds not met),2026-09-11 03:51:51 UTC
DATS,,PASS,32,32.4,2.67,"Triangle occurred on 2026-08-31, not within last 5 bars",2026-09-11 03:51:51 UTC
DAVA,,PASS,43,42.8,2.83,Breakout seen but no run-up trigger (pullback/run-up thresholds not met),2026-09-11 03:51:51 UTC
DAVE,,PASS,62,61.6,358.21,Breakout seen but no run-up trigger (pullback/run-up thresholds not met),2026-09-11 03:51:51 UTC
DB,,PASS,32,31.7,40.35,Breakout seen but no run-up trigger (pullback/run-up thresholds not met),2026-09-11 03:51:51 UTC
DBCA,,PASS,0,,10.02,Breakout seen but no run-up trigger (pullback/run-up thresholds not met),2026-09-11 03:51:51 UTC
DBD,,PASS,0,,65.27,Breakout seen but no run-up trigger (pullback/run-up thresholds not met),2026-09-11 03:51:51 UTC
DBI,,PASS,55,55.4,5.99,Breakout seen but no run-up trigger (pullback/run-up thresholds not met),2026-09-11 03:51:51 UTC
DBRG,,PASS,74,73.9,15.92,Breakout seen but no run-up trigger (pullback/run-up thresholds not met),2026-09-11 03:51:51 UTC
DBVT,,PASS,52,52.2,12.97,Breakout seen but no run-up trigger (pullback/run-up thresholds not met),2026-09-11 03:51:51 UTC
DBX,,PASS,30,30.2,35.05,"Triangle occurred on 2026-08-19, not within last 5 bars",2026-09-11 03:51:51 UTC
DC,,PASS,48,48.4,5.9,"Triangle occurred on 2026-08-27, not within last 5 bars",2026-09-11 03:51:51 UTC
DCBO,,PASS,31,31.1,23.42,Breakout seen but no run-up trigger (pullback/run-up thresholds not met),2026-09-11 03:51:51 UTC
DCH,,PASS,39,38.8,6.56,"Triangle occurred on 2026-02-03, not within last 5 bars",2026-09-11 03:51:51 UTC
DCI,,PASS,0,,88.18,Breakout seen but no run-up trigger (pullback/run-up thresholds not met),2026-09-11 03:51:51 UTC
DCO,,PASS,0,,167.14,Breakout seen but no run-up trigger (pullback/run-up thresholds not met),2026-09-11 03:51:51 UTC
DCOM,,PASS,0,,40.51,Breakout seen but no run-up trigger (pullback/run-up thresholds not met),2026-09-11 03:51:51 UTC
DCOY,,PASS,146,145.6,2.73,Run-up triggered but EMA stack failed on run-up top (EMA10>EMA20>EMA50),2026-09-11 03:51:51 UTC
DCTH,,PASS,51,51.5,15.8,Triangle on 2026-09-03 but no higher low after triangle (last 10 bars),2026-09-11 03:51:51 UTC
DCX,,PASS,0,,0.55,Price below minimum ($2.00),2026-09-11 03:51:51 UTC
DD,,PASS,0,,127.32,Breakout seen but no run-up trigger (pullback/run-up thresholds not met),2026-09-11 03:51:51 UTC
DDD,,PASS,60,60.5,3.27,Run-up triggered but EMA stack failed on run-up top (EMA10>EMA20>EMA50),2026-09-11 03:51:51 UTC
DDI,,PASS,43,43.3,12.85,Breakout seen but no run-up trigger (pullback/run-up thresholds not met),2026-09-11 03:51:51 UTC
DDL,,PASS,42,41.9,2.16,"Triangle occurred on 2026-08-11, not within last 5 bars",2026-09-11 03:51:51 UTC
DDOG,,PASS,118,117.7,221.72,Breakout seen but no run-up trigger (pullback/run-up thresholds not met),2026-09-11 03:51:51 UTC
DDS,,PASS,0,,624.33,Breakout seen but no run-up trigger (pullback/run-up thresholds not met),2026-09-11 03:51:51 UTC
DE,,PASS,33,33.1,677.94,Breakout seen but no run-up trigger (pullback/run-up thresholds not met),2026-09-11 03:51:51 UTC
DEA,,PASS,0,,23.91,Breakout seen but no run-up trigger (pullback/run-up thresholds not met),2026-09-11 03:51:51 UTC
DEC,,PASS,34,34.2,14.94,Breakout seen but no run-up trigger (pullback/run-up thresholds not met),2026-09-11 03:51:51 UTC
DECK,,PASS,32,31.9,79.88,Breakout seen but no run-up trigger (pullback/run-up thresholds not met),2026-09-11 03:51:51 UTC
DEI,,PASS,0,,10.67,Breakout seen but no run-up trigger (pullback/run-up thresholds not met),2026-09-11 03:51:51 UTC
DELL,,PASS,33,32.8,506.62,"Triangle occurred on 2026-06-11, not within last 5 bars",2026-09-11 03:51:51 UTC
DEO,,PASS,0,,86.31,Breakout seen but no run-up trigger (pullback/run-up thresholds not met),2026-09-11 03:51:51 UTC
DERM,,PASS,38,38.4,7.09,Run-up triggered but EMA stack failed on run-up top (EMA10>EMA20>EMA50),2026-09-11 03:51:51 UTC
DETX,,PASS,0,,,Not enough daily data,2026-09-11 03:51:51 UTC
DFDV,,PASS,155,154.5,5.17,"Triangle occurred on 2025-06-02, not within last 5 bars",2026-09-11 03:51:51 UTC
DFH,,PASS,35,34.6,12.02,Breakout seen but no run-up trigger (pullback/run-up thresholds not met),2026-09-11 03:51:51 UTC
DFIN,,PASS,45,45.2,48.37,Breakout seen but no run-up trigger (pullback/run-up thresholds not met),2026-09-11 03:51:51 UTC
DFLI,,PASS,0,,1.03,Price below minimum ($2.00),2026-09-11 03:51:51 UTC
DFPH,,PASS,49,49.3,2.01,Breakout seen but no run-up trigger (pullback/run-up thresholds not met),2026-09-11 03:51:51 UTC
DFSC,,PASS,0,,1.44,Price below minimum ($2.00),2026-09-11 03:51:51 UTC
DFTX,,PASS,127,126.8,37.73,"Triangle occurred on 2026-07-20, not within last 5 bars",2026-09-11 03:51:51 UTC
DG,,PASS,41,40.5,122.99,Breakout seen but no run-up trigger (pullback/run-up thresholds not met),2026-09-11 03:51:51 UTC
DGHI,,PASS,213,213.5,3.7,"Triangle occurred on 2026-06-02, not within last 5 bars",2026-09-11 03:51:51 UTC
DGICA,,PASS,0,,19.26,Breakout seen but no run-up trigger (pullback/run-up thresholds not met),2026-09-11 03:51:51 UTC
DGICB,,PASS,38,37.7,25.57,Breakout seen but no run-up trigger (pullback/run-up thresholds not met),2026-09-11 03:51:51 UTC
DGII,,PASS,36,35.7,68.77,"Triangle occurred on 2026-08-28, not within last 5 bars",2026-09-11 03:51:51 UTC
DGNR,,PASS,0,,,Not enough daily data,2026-09-11 03:51:51 UTC
DGX,,PASS,0,,231.14,Breakout seen but no run-up trigger (pullback/run-up thresholds not met),2026-09-11 03:51:51 UTC
DGXX,,PASS,213,213.5,3.7,"Triangle occurred on 2026-06-02, not within last 5 bars",2026-09-11 03:51:51 UTC
DHC,,PASS,32,32.1,7.54,Breakout seen but no run-up trigger (pullback/run-up thresholds not met),2026-09-11 03:51:51 UTC
DHI,,PASS,0,,135.57,Breakout seen but no run-up trigger (pullback/run-up thresholds not met),2026-09-11 03:51:51 UTC
DHR,,PASS,0,,200.53,Breakout seen but no run-up trigger (pullback/run-up thresholds not met),2026-09-11 03:51:51 UTC
DHT,,PASS,58,58.3,21.43,Breakout seen but no run-up trigger (pullback/run-up thresholds not met),2026-09-11 03:51:51 UTC
DHX,,WATCH,40,40.5,4.47,"Triangle on 2026-09-09 (last 5 bars) + higher low after; EMA10 touched 3 bars; breakout 2026-09-02, top 2026-09-03, pullback-trigger 2026-09-04",2026-09-11 03:51:51 UTC
DIBS,,PASS,45,44.8,4.3,Breakout seen but no run-up trigger (pullback/run-up thresholds not met),2026-09-11 03:51:51 UTC
DIN,,PASS,37,37.0,28.23,Breakout seen but no run-up trigger (pullback/run-up thresholds not met),2026-09-11 03:51:51 UTC
DINO,,PASS,47,46.8,107.72,Breakout seen but no run-up trigger (pullback/run-up thresholds not met),2026-09-11 03:51:51 UTC
DIOD,,PASS,45,45.0,91.66,Run-up triggered but EMA stack failed on run-up top (EMA10>EMA20>EMA50),2026-09-11 03:51:51 UTC
DIS,,PASS,0,,105.82,Breakout seen but no run-up trigger (pullback/run-up thresholds not met),2026-09-11 03:51:51 UTC
DIT,,PASS,34,34.2,64.78,Breakout seen but no run-up trigger (pullback/run-up thresholds not met),2026-09-11 03:51:51 UTC
DJCO,,PASS,40,40.1,647.7,Breakout seen but no run-up trigger (pullback/run-up thresholds not met),2026-09-11 03:51:51 UTC
DJT,,PASS,65,65.0,8.78,Breakout seen but no run-up trigger (pullback/run-up thresholds not met),2026-09-11 03:51:51 UTC
DK,,PASS,69,68.6,74.89,Breakout seen but no run-up trigger (pullback/run-up thresholds not met),2026-09-11 03:51:51 UTC
DKI,,PASS,1826,1825.8,2.38,"Triangle occurred on 2026-06-01, not within last 5 bars",2026-09-11 03:51:51 UTC
DKNG,,PASS,31,30.7,23.71,Breakout seen but no run-up trigger (pullback/run-up thresholds not met),2026-09-11 03:51:51 UTC
DKS,,PASS,0,,133.14,Breakout seen but no run-up trigger (pullback/run-up thresholds not met),2026-09-11 03:51:51 UTC
DLB,,PASS,0,,62.62,Breakout seen but no run-up trigger (pullback/run-up thresholds not met),2026-09-11 03:51:51 UTC
DLHC,,PASS,47,47.3,4.01,Breakout seen but no run-up trigger (pullback/run-up thresholds not met),2026-09-11 03:51:51 UTC
DLO,,PASS,31,31.0,14.92,Breakout seen but no run-up trigger (pullback/run-up thresholds not met),2026-09-11 03:51:51 UTC
DLR,,PASS,0,,185.37,Breakout seen but no run-up trigger (pullback/run-up thresholds not met),2026-09-11 03:51:51 UTC
DLTH,,PASS,50,50.4,4.62,Breakout seen but no run-up trigger (pullback/run-up thresholds not met),2026-09-11 03:51:51 UTC
DLTR,,PASS,36,36.1,118.66,Breakout seen but no run-up trigger (pullback/run-up thresholds not met),2026-09-11 03:51:51 UTC
DLX,,PASS,31,30.8,23.64,Breakout seen but no run-up trigger (pullback/run-up thresholds not met),2026-09-11 03:51:51 UTC
DMAA,,PASS,0,,10.8,Breakout seen but no run-up trigger (pullback/run-up thresholds not met),2026-09-11 03:51:51 UTC
DMAC,,PASS,63,62.5,6.47,"Triangle occurred on 2026-07-14, not within last 5 bars",2026-09-11 03:51:51 UTC
DMAQ,,PASS,0,,0.44,Price below minimum ($2.00),2026-09-11 03:51:51 UTC
DMII,,PASS,0,,10.16,Breakout seen but no run-up trigger (pullback/run-up thresholds not met),2026-09-11 03:51:51 UTC
DMRA,,PASS,33,32.7,26.84,"Triangle occurred on 2026-07-29, not within last 5 bars",2026-09-11 03:51:51 UTC
DMRC,,PASS,46,45.7,4.97,Run-up triggered but EMA stack failed on run-up top (EMA10>EMA20>EMA50),2026-09-11 03:51:51 UTC
DNA,,PASS,48,47.8,6.78,"Triangle occurred on 2026-05-12, not within last 5 bars",2026-09-11 03:51:51 UTC
DNLI,,PASS,38,38.4,21.4,Breakout seen but no run-up trigger (pullback/run-up thresholds not met),2026-09-11 03:51:51 UTC
DNMX,,PASS,0,,10.07,Breakout seen but no run-up trigger (pullback/run-up thresholds not met),2026-09-11 03:51:51 UTC
DNN,,PASS,70,69.7,3.23,Breakout seen but no run-up trigger (pullback/run-up thresholds not met),2026-09-11 03:51:51 UTC
DNOW,,PASS,30,30.0,15.47,"Triangle occurred on 2026-09-01, not within last 5 bars",2026-09-11 03:51:51 UTC
DNTH,,PASS,43,43.4,103.28,Breakout seen but no run-up trigger (pullback/run-up thresholds not met),2026-09-11 03:51:51 UTC
DNUT,,PASS,40,39.6,3.2,Breakout seen but no run-up trigger (pullback/run-up thresholds not met),2026-09-11 03:51:51 UTC
DOC,,PASS,0,,20.37,Breakout seen but no run-up trigger (pullback/run-up thresholds not met),2026-09-11 03:51:51 UTC
DOCN,,PASS,83,82.9,131.05,Breakout seen but no run-up trigger (pullback/run-up thresholds not met),2026-09-11 03:51:51 UTC
DOCS,,PASS,97,96.7,24.71,"Triangle occurred on 2026-08-27, not within last 5 bars",2026-09-11 03:51:51 UTC
DOCU,,PASS,32,31.7,65.8,Breakout seen but no run-up trigger (pullback/run-up thresholds not met),2026-09-11 03:51:51 UTC
DOLE,,PASS,0,,13.57,Breakout seen but no run-up trigger (pullback/run-up thresholds not met),2026-09-11 03:51:51 UTC
DOMH,,PASS,52,52.1,2.01,Run-up triggered but EMA stack failed on run-up top (EMA10>EMA20>EMA50),2026-09-11 03:51:51 UTC
DOMO,,PASS,48,47.8,3.78,Run-up triggered but EMA stack failed on run-up top (EMA10>EMA20>EMA50),2026-09-11 03:51:51 UTC
DOO,,PASS,67,67.5,60.66,Breakout seen but no run-up trigger (pullback/run-up thresholds not met),2026-09-11 03:51:51 UTC
DOOO,,PASS,43,43.5,60.66,Breakout seen but no run-up trigger (pullback/run-up thresholds not met),2026-09-11 03:51:51 UTC
DORM,,PASS,30,30.4,126.63,Breakout seen but no run-up trigger (pullback/run-up thresholds not met),2026-09-11 03:51:51 UTC
DOUG,,PASS,0,,1.72,Price below minimum ($2.00),2026-09-11 03:51:51 UTC
DOV,,PASS,0,,187.37,Breakout seen but no run-up trigger (pullback/run-up thresholds not met),2026-09-11 03:51:51 UTC
DOW,,PASS,32,32.1,29.64,Breakout seen but no run-up trigger (pullback/run-up thresholds not met),2026-09-11 03:51:51 UTC
DOX,,PASS,0,,60.26,Breakout seen but no run-up trigger (pullback/run-up thresholds not met),2026-09-11 03:51:51 UTC
DOYU,,PASS,47,47.1,4.54,Breakout seen but no run-up trigger (pullback/run-up thresholds not met),2026-09-11 03:51:51 UTC
DPRO,,PASS,55,54.5,5.47,"Triangle occurred on 2026-06-05, not within last 5 bars",2026-09-11 03:51:51 UTC
DPZ,,PASS,0,,317.3,Breakout seen but no run-up trigger (pullback/run-up thresholds not met),2026-09-11 03:51:51 UTC
DQ,,PASS,34,33.7,11.71,Run-up triggered but EMA stack failed on run-up top (EMA10>EMA20>EMA50),2026-09-11 03:51:51 UTC
DRCT,,PASS,0,,1.77,Price below minimum ($2.00),2026-09-11 03:51:51 UTC
DRD,,PASS,57,57.4,27.11,Triangle on 2026-09-09 but no higher low after triangle (last 10 bars),2026-09-11 03:51:51 UTC
DRDB,,PASS,0,,10.67,Breakout seen but no run-up trigger (pullback/run-up thresholds not met),2026-09-11 03:51:51 UTC
DRH,,PASS,0,,12.18,Breakout seen but no run-up trigger (pullback/run-up thresholds not met),2026-09-11 03:51:51 UTC
DRI,,PASS,0,,207.53,Breakout seen but no run-up trigger (pullback/run-up thresholds not met),2026-09-11 03:51:51 UTC
DRIO,,PASS,36,36.3,6.58,Breakout seen but no run-up trigger (pullback/run-up thresholds not met),2026-09-11 03:51:51 UTC
DRQ,,PASS,32,31.7,29.69,"Triangle occurred on 2026-08-11, not within last 5 bars",2026-09-11 03:51:51 UTC
DRS,,PASS,30,30.3,36.31,Breakout seen but no run-up trigger (pullback/run-up thresholds not met),2026-09-11 03:51:51 UTC
DRTS,,PASS,53,53.2,14.44,Breakout seen but no run-up trigger (pullback/run-up thresholds not met),2026-09-11 03:51:51 UTC
DRUG,,PASS,40,39.6,65.0,Breakout seen but no run-up trigger (pullback/run-up thresholds not met),2026-09-11 03:51:51 UTC
DRVN,,PASS,31,31.1,12.3,"Triangle occurred on 2026-08-03, not within last 5 bars",2026-09-11 03:51:51 UTC
DSAC,,PASS,1094,1094.1,10.19,Breakout seen but no run-up trigger (pullback/run-up thresholds not met),2026-09-11 03:51:51 UTC
DSGN,,PASS,45,44.7,14.8,Breakout seen but no run-up trigger (pullback/run-up thresholds not met),2026-09-11 03:51:51 UTC
DSGR,,PASS,0,,34.75,Breakout seen but no run-up trigger (pullback/run-up thresholds not met),2026-09-11 03:51:51 UTC
DSGX,,PASS,0,,71.32,Breakout seen but no run-up trigger (pullback/run-up thresholds not met),2026-09-11 03:51:51 UTC
DSP,,PASS,46,45.5,12.74,"Triangle occurred on 2026-08-13, not within last 5 bars",2026-09-11 03:51:51 UTC
DSWL,,PASS,32,32.2,3.1,Breakout seen but no run-up trigger (pullback/run-up thresholds not met),2026-09-11 03:51:51 UTC
DSX,,PASS,46,45.7,2.92,Breakout seen but no run-up trigger (pullback/run-up thresholds not met),2026-09-11 03:51:51 UTC
DSY,,PASS,123,122.5,3.81,"Triangle occurred on 2026-08-24, not within last 5 bars",2026-09-11 03:51:51 UTC
DT,,PASS,32,31.9,51.42,Breakout seen but no run-up trigger (pullback/run-up thresholds not met),2026-09-11 03:51:51 UTC
DTCX,,PASS,61,60.9,2.01,Run-up triggered but no 3-consecutive EMA touch afterwards,2026-09-11 03:51:51 UTC
DTE,,PASS,0,,134.34,Breakout seen but no run-up trigger (pullback/run-up thresholds not met),2026-09-11 03:51:51 UTC
DTI,,PASS,37,37.1,2.6,Breakout seen but no run-up trigger (pullback/run-up thresholds not met),2026-09-11 03:51:51 UTC
DTIL,,PASS,30,30.1,7.24,"Triangle occurred on 2026-07-15, not within last 5 bars",2026-09-11 03:51:51 UTC
DTM,,PASS,0,,129.51,Breakout seen but no run-up trigger (pullback/run-up thresholds not met),2026-09-11 03:51:51 UTC
DTSQ,,PASS,0,,11.38,Breakout seen but no run-up trigger (pullback/run-up thresholds not met),2026-09-11 03:51:51 UTC
DTST,,PASS,59,58.6,2.99,Breakout seen but no run-up trigger (pullback/run-up thresholds not met),2026-09-11 03:51:51 UTC
DUK,,PASS,0,,119.37,Breakout seen but no run-up trigger (pullback/run-up thresholds not met),2026-09-11 03:51:51 UTC
DUKR,,PASS,101,100.8,5.37,"Triangle occurred on 2026-05-05, not within last 5 bars",2026-09-11 03:51:51 UTC
DUOL,,PASS,31,31.1,145.16,Breakout seen but no run-up trigger (pullback/run-up thresholds not met),2026-09-11 03:51:51 UTC
DUOT,,PASS,50,50.1,8.1,Run-up triggered but EMA stack failed on run-up top (EMA10>EMA20>EMA50),2026-09-11 03:51:51 UTC
DV,,PASS,0,,13.37,Breakout seen but no run-up trigger (pullback/run-up thresholds not met),2026-09-11 03:51:51 UTC
DVA,,PASS,37,37.0,181.33,Breakout seen but no run-up trigger (pullback/run-up thresholds not met),2026-09-11 03:51:51 UTC
DVD,,PASS,36,35.8,3.61,Breakout seen but no run-up trigger (pullback/run-up thresholds not met),2026-09-11 03:51:51 UTC
DVN,,PASS,35,34.8,50.02,Breakout seen but no run-up trigger (pullback/run-up thresholds not met),2026-09-11 03:51:51 UTC
DWSN,,PASS,90,90.1,3.38,"Triangle occurred on 2026-07-23, not within last 5 bars",2026-09-11 03:51:51 UTC
DWTX,,PASS,0,,1.88,Price below minimum ($2.00),2026-09-11 03:51:51 UTC
DX,,PASS,0,,12.56,Breakout seen but no run-up trigger (pullback/run-up thresholds not met),2026-09-11 03:51:51 UTC
DX-C,,PASS,0,,25.88,Breakout seen but no run-up trigger (pullback/run-up thresholds not met),2026-09-11 03:51:51 UTC
DXC,,PASS,31,30.9,11.04,Breakout seen but no run-up trigger (pullback/run-up thresholds not met),2026-09-11 03:51:51 UTC
DXCM,,PASS,0,,84.51,Breakout seen but no run-up trigger (pullback/run-up thresholds not met),2026-09-11 03:51:51 UTC
DXPE,,PASS,41,41.4,183.14,"Triangle occurred on 2026-08-25, not within last 5 bars",2026-09-11 03:51:51 UTC
DXR,,PASS,40,40.0,10.84,Breakout seen but no run-up trigger (pullback/run-up thresholds not met),2026-09-11 03:51:51 UTC
DXST,,PASS,219,219.0,2.54,Run-up triggered but EMA stack failed on run-up top (EMA10>EMA20>EMA50),2026-09-11 03:51:51 UTC
DY,,PASS,42,42.1,295.93,"Triangle occurred on 2026-06-05, not within last 5 bars",2026-09-11 03:51:51 UTC
DYN,,PASS,49,48.6,18.42,Breakout seen but no run-up trigger (pullback/run-up thresholds not met),2026-09-11 03:51:51 UTC
DYNC,,PASS,0,,,Not enough daily data,2026-09-11 03:51:51 UTC
DYOR,,PASS,0,,10.12,Breakout seen but no run-up trigger (pullback/run-up thresholds not met),2026-09-11 03:51:51 UTC
E,,PASS,0,,56.42,Breakout seen but no run-up trigger (pullback/run-up thresholds not met),2026-09-11 03:51:51 UTC
EA,,PASS,0,,,**symbol** EA is not available with your plan. You may select the appropriate plan at https://twelvedata.com/pricing,2026-09-11 03:51:51 UTC
EAF,,PASS,43,42.7,6.16,"Triangle occurred on 2026-06-05, not within last 5 bars",2026-09-11 03:51:51 UTC
EAT,,PASS,40,40.1,214.69,Breakout seen but no run-up trigger (pullback/run-up thresholds not met),2026-09-11 03:51:51 UTC
EBAY,,PASS,31,31.2,105.03,Breakout seen but no run-up trigger (pullback/run-up thresholds not met),2026-09-11 03:51:51 UTC
EBC,,PASS,0,,21.66,Breakout seen but no run-up trigger (pullback/run-up thresholds not met),2026-09-11 03:51:51 UTC
EBF,,PASS,0,,21.17,Breakout seen but no run-up trigger (pullback/run-up thresholds not met),2026-09-11 03:51:51 UTC
EBMT,,PASS,0,,22.49,Breakout seen but no run-up trigger (pullback/run-up thresholds not met),2026-09-11 03:51:51 UTC
EBON,,PASS,47,46.7,2.16,Breakout seen but no run-up trigger (pullback/run-up thresholds not met),2026-09-11 03:51:51 UTC
EBR.B,,PASS,0,,,**symbol** not found: EBR.B. Please specify it correctly according to API Documentation.,2026-09-11 03:51:51 UTC
EBS,,PASS,36,36.1,5.87,Breakout seen but no run-up trigger (pullback/run-up thresholds not met),2026-09-11 03:51:51 UTC
EC,,PASS,30,30.5,18.07,Breakout seen but no run-up trigger (pullback/run-up thresholds not met),2026-09-11 03:51:51 UTC
ECBK,,PASS,32,32.0,20.82,Breakout seen but no run-up trigger (pullback/run-up thresholds not met),2026-09-11 03:51:51 UTC
ECG,,PASS,64,63.9,115.23,Breakout seen but no run-up trigger (pullback/run-up thresholds not met),2026-09-11 03:51:51 UTC
ECL,,PASS,0,,271.6,Breakout seen but no run-up trigger (pullback/run-up thresholds not met),2026-09-11 03:51:51 UTC
ECO,,PASS,49,49.3,72.92,Breakout seen but no run-up trigger (pullback/run-up thresholds not met),2026-09-11 03:51:51 UTC
ECOR,,PASS,90,90.4,9.19,"Triangle occurred on 2026-08-26, not within last 5 bars",2026-09-11 03:51:51 UTC
ECPG,,PASS,36,36.3,97.94,Breakout seen but no run-up trigger (pullback/run-up thresholds not met),2026-09-11 03:51:51 UTC
ECVT,,PASS,35,35.0,10.07,Breakout seen but no run-up trigger (pullback/run-up thresholds not met),2026-09-11 03:51:51 UTC
ED,,PASS,0,,106.73,Breakout seen but no run-up trigger (pullback/run-up thresholds not met),2026-09-11 03:51:51 UTC
EDAP,,PASS,36,36.5,4.2,Breakout seen but no run-up trigger (pullback/run-up thresholds not met),2026-09-11 03:51:51 UTC
EDHL,,PASS,259,259.0,4.12,Run-up triggered but EMA stack failed on run-up top (EMA10>EMA20>EMA50),2026-09-11 03:51:51 UTC
EDIT,,PASS,44,44.2,2.65,Breakout seen but no run-up trigger (pullback/run-up thresholds not met),2026-09-11 03:51:51 UTC
EDN,,PASS,31,30.6,25.07,Breakout seen but no run-up trigger (pullback/run-up thresholds not met),2026-09-11 03:51:51 UTC
EDRY,,PASS,152,152.4,63.89,Breakout seen but no run-up trigger (pullback/run-up thresholds not met),2026-09-11 03:51:51 UTC
EDSA,,PASS,302,301.6,4.66,"Triangle occurred on 2026-05-14, not within last 5 bars",2026-09-11 03:51:51 UTC
EDU,,PASS,38,37.9,54.58,Breakout seen but no run-up trigger (pullback/run-up thresholds not met),2026-09-11 03:51:51 UTC
EE,,PASS,36,35.9,38.61,Breakout seen but no run-up trigger (pullback/run-up thresholds not met),2026-09-11 03:51:51 UTC
EEFT,,PASS,0,,70.73,Breakout seen but no run-up trigger (pullback/run-up thresholds not met),2026-09-11 03:51:51 UTC
EEIQ,,PASS,568,568.4,3.27,Breakout seen but no run-up trigger (pullback/run-up thresholds not met),2026-09-11 03:51:51 UTC
EEX,,PASS,0,,,**symbol** not found: EEX. Please specify it correctly according to API Documentation.,2026-09-11 03:51:51 UTC
EFC,,PASS,0,,13.04,Breakout seen but no run-up trigger (pullback/run-up thresholds not met),2026-09-11 03:51:51 UTC
EFC.PR.D,,PASS,0,,23.71,Breakout seen but no run-up trigger (pullback/run-up thresholds not met),2026-09-11 03:51:51 UTC
EFOI,,PASS,466,465.5,2.84,"Triangle occurred on 2026-05-05, not within last 5 bars",2026-09-11 03:51:51 UTC
EFOR,,PASS,100,99.9,30.39,"Triangle occurred on 2026-08-19, not within last 5 bars",2026-09-11 03:51:51 UTC
EFSC,,PASS,0,,63.92,Breakout seen but no run-up trigger (pullback/run-up thresholds not met),2026-09-11 03:51:51 UTC
EFSI,,PASS,0,,45.66,Breakout seen but no run-up trigger (pullback/run-up thresholds not met),2026-09-11 03:51:51 UTC
EFTY,,PASS,214,213.8,15.02,Run-up triggered but no 3-consecutive EMA touch afterwards,2026-09-11 03:51:51 UTC
EFX,,PASS,32,31.6,168.04,Breakout seen but no run-up trigger (pullback/run-up thresholds not met),2026-09-11 03:51:51 UTC
EFXT,,PASS,50,50.0,22.33,"Triangle occurred on 2026-05-13, not within last 5 bars",2026-09-11 03:51:51 UTC
EG,,PASS,0,,371.03,Breakout seen but no run-up trigger (pullback/run-up thresholds not met),2026-09-11 03:51:51 UTC
EGAN,,PASS,79,78.7,5.14,Breakout seen but no run-up trigger (pullback/run-up thresholds not met),2026-09-11 03:51:51 UTC
EGBN,,PASS,42,42.0,27.73,Breakout seen but no run-up trigger (pullback/run-up thresholds not met),2026-09-11 03:51:51 UTC
EGG,,PASS,90,89.7,2.75,"Triangle occurred on 2026-05-29, not within last 5 bars",2026-09-11 03:51:51 UTC
EGHA,,PASS,0,,10.39,Breakout seen but no run-up trigger (pullback/run-up thresholds not met),2026-09-11 03:51:51 UTC
EGHT,,PASS,0,,1.82,Price below minimum ($2.00),2026-09-11 03:51:51 UTC
EGO,,PASS,63,62.9,42.79,"Triangle occurred on 2025-09-19, not within last 5 bars",2026-09-11 03:51:51 UTC
EGP,,PASS,0,,196.7,Breakout seen but no run-up trigger (pullback/run-up thresholds not met),2026-09-11 03:51:51 UTC
EGY,,PASS,34,33.9,6.24,Breakout seen but no run-up trigger (pullback/run-up thresholds not met),2026-09-11 03:51:51 UTC
EH,,PASS,84,83.7,4.42,Breakout seen but no run-up trigger (pullback/run-up thresholds not met),2026-09-11 03:51:51 UTC
EHAB,,PASS,0,,,**symbol** not found: EHAB. Please specify it correctly according to API Documentation.,2026-09-11 03:51:51 UTC
EHC,,PASS,0,,121.04,Breakout seen but no run-up trigger (pullback/run-up thresholds not met),2026-09-11 03:51:51 UTC
EHGO,,PASS,0,,1.07,Price below minimum ($2.00),2026-09-11 03:51:51 UTC
EHLD,,PASS,36,35.9,15.7,Breakout seen but no run-up trigger (pullback/run-up thresholds not met),2026-09-11 03:51:51 UTC
EHTH,,PASS,0,,0.92,Price below minimum ($2.00),2026-09-11 03:51:51 UTC
EIG,,PASS,0,,49.17,Breakout seen but no run-up trigger (pullback/run-up thresholds not met),2026-09-11 03:51:51 UTC
EIKN,,PASS,60,59.8,9.21,"Triangle occurred on 2026-09-01, not within last 5 bars",2026-09-11 03:51:51 UTC
EIX,,PASS,0,,56.75,Breakout seen but no run-up trigger (pullback/run-up thresholds not met),2026-09-11 03:51:51 UTC
EKSO,,PASS,91,90.6,18.18,"Triangle occurred on 2026-07-23, not within last 5 bars",2026-09-11 03:51:51 UTC
EL,,PASS,30,30.4,96.47,Breakout seen but no run-up trigger (pullback/run-up thresholds not met),2026-09-11 03:51:51 UTC
ELA,,PASS,33,33.4,13.67,"Triangle occurred on 2026-07-06, not within last 5 bars",2026-09-11 03:51:51 UTC
ELAB,,PASS,764,764.2,4.6,Run-up triggered but EMA stack failed on run-up top (EMA10>EMA20>EMA50),2026-09-11 03:51:51 UTC
ELAN,,PASS,44,43.6,22.86,Breakout seen but no run-up trigger (pullback/run-up thresholds not met),2026-09-11 03:51:51 UTC
ELDN,,PASS,57,56.7,2.78,"Triangle occurred on 2026-04-28, not within last 5 bars",2026-09-11 03:51:51 UTC
ELE,,WATCH,55,54.6,20.93,"Triangle on 2026-09-04 (last 5 bars) + higher low after; EMA10 touched 3 bars; breakout 2026-08-25, top 2026-08-25, pullback-trigger 2026-08-28",2026-09-11 03:51:51 UTC
ELF,,PASS,31,30.7,95.76,Breakout seen but no run-up trigger (pullback/run-up thresholds not met),2026-09-11 03:51:51 UTC
ELLO,,PASS,35,35.4,20.54,Breakout seen but no run-up trigger (pullback/run-up thresholds not met),2026-09-11 03:51:51 UTC
ELMD,,PASS,33,33.1,26.65,"Triangle occurred on 2026-07-16, not within last 5 bars",2026-09-11 03:51:51 UTC
ELME,,PASS,0,,1.66,Price below minimum ($2.00),2026-09-11 03:51:51 UTC
ELMT,,PASS,0,,,Not enough daily data,2026-09-11 03:51:51 UTC
ELPC,,PASS,0,,12.71,Breakout seen but no run-up trigger (pullback/run-up thresholds not met),2026-09-11 03:51:51 UTC
ELS,,PASS,0,,60.3,Breakout seen but no run-up trigger (pullback/run-up thresholds not met),2026-09-11 03:51:51 UTC
ELSE,,PASS,0,,,**symbol** not found: ELSE. Please specify it correctly according to API Documentation.,2026-09-11 03:51:51 UTC
ELTK,,PASS,36,35.6,8.1,"Triangle occurred on 2026-06-08, not within last 5 bars",2026-09-11 03:51:51 UTC
ELTX,,PASS,64,64.2,2.11,"Triangle occurred on 2026-08-12, not within last 5 bars",2026-09-11 03:51:51 UTC
ELV,,PASS,0,,416.54,Breakout seen but no run-up trigger (pullback/run-up thresholds not met),2026-09-11 03:51:51 UTC
ELVA,,PASS,33,32.5,6.59,Run-up triggered but EMA stack failed on run-up top (EMA10>EMA20>EMA50),2026-09-11 03:51:51 UTC
ELVN,,PASS,57,56.6,56.23,Breakout seen but no run-up trigger (pullback/run-up thresholds not met),2026-09-11 03:51:51 UTC
ELVR,,PASS,33,32.6,53.5,Breakout seen but no run-up trigger (pullback/run-up thresholds not met),2026-09-11 03:51:51 UTC
ELWS,,PASS,137,136.6,2.97,"Triangle occurred on 2026-05-07, not within last 5 bars",2026-09-11 03:51:51 UTC
ELWT,,PASS,31,31.4,7.18,"Triangle occurred on 2026-08-07, not within last 5 bars",2026-09-11 03:51:51 UTC
EMA,,PASS,0,,49.48,Breakout seen but no run-up trigger (pullback/run-up thresholds not met),2026-09-11 03:51:51 UTC
EMAT,,PASS,44,43.8,3.08,Run-up triggered but EMA stack failed on run-up top (EMA10>EMA20>EMA50),2026-09-11 03:51:51 UTC
EMBC,,PASS,62,62.1,4.89,Breakout seen but no run-up trigger (pullback/run-up thresholds not met),2026-09-11 03:51:51 UTC
EMBJ,,PASS,31,30.8,74.75,Breakout seen but no run-up trigger (pullback/run-up thresholds not met),2026-09-11 03:51:51 UTC
EMCG,,PASS,0,,,**symbol** not found: EMCG. Please specify it correctly according to API Documentation.,2026-09-11 03:51:51 UTC
EME,,PASS,0,,748.33,Breakout seen but no run-up trigger (pullback/run-up thresholds not met),2026-09-11 03:51:51 UTC
EML,,PASS,44,43.6,25.64,Breakout seen but no run-up trigger (pullback/run-up thresholds not met),2026-09-11 03:51:51 UTC
EMN,,PASS,0,,68.38,Breakout seen but no run-up trigger (pullback/run-up thresholds not met),2026-09-11 03:51:51 UTC
EMPD,,PASS,40,39.9,3.02,Run-up triggered but EMA stack failed on run-up top (EMA10>EMA20>EMA50),2026-09-11 03:51:51 UTC
EMPG,,PASS,0,,,**symbol** not found: EMPG. Please specify it correctly according to API Documentation.,2026-09-11 03:51:51 UTC
EMR,,PASS,0,,148.37,Breakout seen but no run-up trigger (pullback/run-up thresholds not met),2026-09-11 03:51:51 UTC
ENAV,,PASS,0,,,**symbol** ENAV is not available with your plan. You may select the appropriate plan at https://twelvedata.com/pricing,2026-09-11 03:51:51 UTC
ENB,,PASS,0,,48.22,Breakout seen but no run-up trigger (pullback/run-up thresholds not met),2026-09-11 03:51:51 UTC
ENGN,,PASS,0,,1.77,Price below minimum ($2.00),2026-09-11 03:51:51 UTC
ENGS,,PASS,34,33.8,2.9,Breakout seen but no run-up trigger (pullback/run-up thresholds not met),2026-09-11 03:51:51 UTC
ENHA,,PASS,0,,,Not enough daily data,2026-09-11 03:51:51 UTC
ENIC,,PASS,42,42.0,4.46,Breakout seen but no run-up trigger (pullback/run-up thresholds not met),2026-09-11 03:51:51 UTC
ENLT,,PASS,35,34.6,73.97,"Triangle occurred on 2026-06-25, not within last 5 bars",2026-09-11 03:51:51 UTC
ENOV,,PASS,50,49.9,18.41,Breakout seen but no run-up trigger (pullback/run-up thresholds not met),2026-09-11 03:51:51 UTC
ENPC,,PASS,0,,5.1,Breakout seen but no run-up trigger (pullback/run-up thresholds not met),2026-09-11 03:51:51 UTC
ENPH,,PASS,147,146.6,36.86,"Triangle occurred on 2026-06-09, not within last 5 bars",2026-09-11 03:51:51 UTC
ENR,,PASS,33,32.7,20.04,Breakout seen but no run-up trigger (pullback/run-up thresholds not met),2026-09-11 03:51:51 UTC
ENS,,PASS,33,32.8,179.02,Breakout seen but no run-up trigger (pullback/run-up thresholds not met),2026-09-11 03:51:51 UTC
ENSG,,PASS,30,30.2,172.79,Breakout seen but no run-up trigger (pullback/run-up thresholds not met),2026-09-11 03:51:51 UTC
ENTA,,PASS,40,39.6,12.7,Breakout seen but no run-up trigger (pullback/run-up thresholds not met),2026-09-11 03:51:51 UTC
ENTG,,PASS,55,55.5,137.4,"Triangle occurred on 2026-08-21, not within last 5 bars",2026-09-11 03:51:51 UTC
ENVA,,PASS,57,56.5,223.06,Breakout seen but no run-up trigger (pullback/run-up thresholds not met),2026-09-11 03:51:51 UTC
ENVB,,PASS,0,,1.46,Price below minimum ($2.00),2026-09-11 03:51:51 UTC
ENVX,,PASS,70,69.8,3.14,"Triangle occurred on 2026-06-09, not within last 5 bars",2026-09-11 03:51:51 UTC
EOG,,PASS,0,,147.46,Breakout seen but no run-up trigger (pullback/run-up thresholds not met),2026-09-11 03:51:51 UTC
EOLS,,PASS,47,47.4,7.91,Breakout seen but no run-up trigger (pullback/run-up thresholds not met),2026-09-11 03:51:51 UTC
EOSE,,PASS,53,52.5,3.99,Run-up triggered but EMA stack failed on run-up top (EMA10>EMA20>EMA50),2026-09-11 03:51:51 UTC
EP,,PASS,47,47.0,2.41,Breakout seen but no run-up trigger (pullback/run-up thresholds not met),2026-09-11 03:51:51 UTC
EPAC,,PASS,0,,35.4,Breakout seen but no run-up trigger (pullback/run-up thresholds not met),2026-09-11 03:51:51 UTC
EPAM,,PASS,40,39.7,114.52,Triangle on 2026-09-09 but no higher low after triangle (last 10 bars),2026-09-11 03:51:51 UTC
EPC,,PASS,42,41.8,26.88,Breakout seen but no run-up trigger (pullback/run-up thresholds not met),2026-09-11 03:51:51 UTC
EPM,,PASS,0,,3.84,Breakout seen but no run-up trigger (pullback/run-up thresholds not met),2026-09-11 03:51:51 UTC
EPR,,PASS,0,,59.33,Breakout seen but no run-up trigger (pullback/run-up thresholds not met),2026-09-11 03:51:51 UTC
EPRT,,PASS,0,,29.1,Breakout seen but no run-up trigger (pullback/run-up thresholds not met),2026-09-11 03:51:51 UTC
EPRX,,PASS,36,35.9,8.02,"Triangle occurred on 2026-01-28, not within last 5 bars",2026-09-11 03:51:51 UTC
EPSN,,PASS,0,,6.31,Breakout seen but no run-up trigger (pullback/run-up thresholds not met),2026-09-11 03:51:51 UTC
EQ,,PASS,76,76.1,2.42,Breakout seen but no run-up trigger (pullback/run-up thresholds not met),2026-09-11 03:51:51 UTC
EQBK,,PASS,0,,49.9,Breakout seen but no run-up trigger (pullback/run-up thresholds not met),2026-09-11 03:51:51 UTC
EQH,,PASS,0,,52.6,Breakout seen but no run-up trigger (pullback/run-up thresholds not met),2026-09-11 03:51:51 UTC
EQIX,,PASS,0,,1023.81,Breakout seen but no run-up trigger (pullback/run-up thresholds not met),2026-09-11 03:51:51 UTC
EQNR,,PASS,35,35.0,45.11,Breakout seen but no run-up trigger (pullback/run-up thresholds not met),2026-09-11 03:51:51 UTC
EQPT,,PASS,49,48.6,17.62,Breakout seen but no run-up trigger (pullback/run-up thresholds not met),2026-09-11 03:51:51 UTC
EQR,,PASS,0,,63.66,Breakout seen but no run-up trigger (pullback/run-up thresholds not met),2026-09-11 03:51:51 UTC
EQS,,PASS,0,,0.98,Price below minimum ($2.00),2026-09-11 03:51:51 UTC
EQT,,PASS,34,34.0,54.96,Breakout seen but no run-up trigger (pullback/run-up thresholds not met),2026-09-11 03:51:51 UTC
EQX,,PASS,39,38.7,12.2,Breakout seen but no run-up trigger (pullback/run-up thresholds not met),2026-09-11 03:51:51 UTC
ERAS,,PASS,83,83.0,16.03,"Triangle occurred on 2026-07-20, not within last 5 bars",2026-09-11 03:51:51 UTC
ERIC,,PASS,0,,10.01,Breakout seen but no run-up trigger (pullback/run-up thresholds not met),2026-09-11 03:51:51 UTC
ERIE,,PASS,0,,240.4,Breakout seen but no run-up trigger (pullback/run-up thresholds not met),2026-09-11 03:51:51 UTC
ERII,,PASS,31,31.2,7.27,Breakout seen but no run-up trigger (pullback/run-up thresholds not met),2026-09-11 03:51:51 UTC
ERJ,,PASS,31,30.8,74.75,Breakout seen but no run-up trigger (pullback/run-up thresholds not met),2026-09-11 03:51:51 UTC
ERNA,,PASS,37,37.1,4.02,Run-up triggered but EMA stack failed on run-up top (EMA10>EMA20>EMA50),2026-09-11 03:51:51 UTC
ERO,,PASS,49,49.2,34.98,Breakout seen but no run-up trigger (pullback/run-up thresholds not met),2026-09-11 03:51:51 UTC
EROK,,PASS,0,,,Not enough daily data,2026-09-11 03:51:51 UTC
ES,,PASS,0,,68.99,Breakout seen but no run-up trigger (pullback/run-up thresholds not met),2026-09-11 03:51:51 UTC
ESAB,,PASS,30,30.2,69.27,Run-up triggered but EMA stack failed on run-up top (EMA10>EMA20>EMA50),2026-09-11 03:51:51 UTC
ESCA,,PASS,31,31.1,19.71,Breakout seen but no run-up trigger (pullback/run-up thresholds not met),2026-09-11 03:51:51 UTC
ESE,,PASS,50,49.9,267.26,Breakout seen but no run-up trigger (pullback/run-up thresholds not met),2026-09-11 03:51:51 UTC
ESEA,,PASS,41,41.1,73.65,Breakout seen but no run-up trigger (pullback/run-up thresholds not met),2026-09-11 03:51:51 UTC
ESGL,,PASS,0,,35.52,Breakout seen but no run-up trigger (pullback/run-up thresholds not met),2026-09-11 03:51:51 UTC
ESHA,,PASS,0,,0.03,Price below minimum ($2.00),2026-09-11 03:51:51 UTC
ESI,,PASS,35,35.3,34.17,Breakout seen but no run-up trigger (pullback/run-up thresholds not met),2026-09-11 03:51:51 UTC
ESLT,,PASS,48,48.3,723.91,Breakout seen but no run-up trigger (pullback/run-up thresholds not met),2026-09-11 03:51:51 UTC
ESNT,,PASS,0,,68.34,Breakout seen but no run-up trigger (pullback/run-up thresholds not met),2026-09-11 03:51:51 UTC
ESOA,,PASS,37,37.4,11.39,Breakout seen but no run-up trigger (pullback/run-up thresholds not met),2026-09-11 03:51:51 UTC
ESP,,PASS,41,40.8,63.0,Breakout seen but no run-up trigger (pullback/run-up thresholds not met),2026-09-11 03:51:51 UTC
ESPR,,PASS,0,,,**symbol** not found: ESPR. Please specify it correctly according to API Documentation.,2026-09-11 03:51:51 UTC
ESQ,,PASS,34,33.8,119.13,Breakout seen but no run-up trigger (pullback/run-up thresholds not met),2026-09-11 03:51:51 UTC
ESRT,,PASS,0,,4.24,Breakout seen but no run-up trigger (pullback/run-up thresholds not met),2026-09-11 03:51:51 UTC
ESS,,PASS,0,,271.37,Breakout seen but no run-up trigger (pullback/run-up thresholds not met),2026-09-11 03:51:51 UTC
ESTA,,PASS,47,46.8,71.39,Breakout seen but no run-up trigger (pullback/run-up thresholds not met),2026-09-11 03:51:51 UTC
ESTC,,PASS,62,62.5,83.48,"Triangle occurred on 2024-12-19, not within last 5 bars",2026-09-11 03:51:51 UTC
ETD,,PASS,0,,21.85,Breakout seen but no run-up trigger (pullback/run-up thresholds not met),2026-09-11 03:51:51 UTC
ETHM,,PASS,0,,,**symbol** ETHM is not available with your plan. You may select the appropriate plan at https://twelvedata.com/pricing,2026-09-11 03:51:51 UTC
ETHZ,,PASS,0,,,**symbol** not found: ETHZ. Please specify it correctly according to API Documentation.,2026-09-11 03:51:51 UTC
ETN,,PASS,33,33.5,409.15,"Triangle occurred on 2026-08-21, not within last 5 bars",2026-09-11 03:51:51 UTC
ETON,,PASS,63,63.4,57.88,"Triangle occurred on 2026-09-01, not within last 5 bars",2026-09-11 03:51:51 UTC
ETOR,,PASS,39,38.7,30.02,Breakout seen but no run-up trigger (pullback/run-up thresholds not met),2026-09-11 03:51:51 UTC
ETR,,PASS,0,,105.73,Breakout seen but no run-up trigger (pullback/run-up thresholds not met),2026-09-11 03:51:51 UTC
ETSS.UN,,PASS,0,,,Not enough daily data,2026-09-11 03:51:51 UTC
ETSY,,PASS,35,35.4,71.59,Breakout seen but no run-up trigger (pullback/run-up thresholds not met),2026-09-11 03:51:51 UTC
EUDA,,PASS,103,102.9,13.12,"Triangle occurred on 2026-08-26, not within last 5 bars",2026-09-11 03:51:51 UTC
EURK,,PASS,0,,11.66,Breakout seen but no run-up trigger (pullback/run-up thresholds not met),2026-09-11 03:51:51 UTC
EURN,,PASS,40,40.4,19.38,Breakout seen but no run-up trigger (pullback/run-up thresholds not met),2026-09-11 03:51:51 UTC
EVAC,,PASS,0,,10.31,Breakout seen but no run-up trigger (pullback/run-up thresholds not met),2026-09-11 03:51:51 UTC
EVAC.UN,,PASS,0,,10.32,Breakout seen but no run-up trigger (pullback/run-up thresholds not met),2026-09-11 03:51:51 UTC
EVAX,,PASS,54,53.7,3.1,Run-up triggered but EMA stack failed on run-up top (EMA10>EMA20>EMA50),2026-09-11 03:51:51 UTC
EVC,,PASS,57,56.8,8.67,"Triangle occurred on 2026-07-09, not within last 5 bars",2026-09-11 03:51:51 UTC
EVCM,,PASS,31,30.9,6.53,"Triangle occurred on 2026-08-10, not within last 5 bars",2026-09-11 03:51:51 UTC
EVER,,PASS,41,41.4,23.49,Breakout seen but no run-up trigger (pullback/run-up thresholds not met),2026-09-11 03:51:51 UTC
EVEX,,PASS,38,38.1,2.1,Run-up triggered but EMA stack failed on run-up top (EMA10>EMA20>EMA50),2026-09-11 03:51:51 UTC
EVGO,,PASS,0,,1.33,Price below minimum ($2.00),2026-09-11 03:51:51 UTC
EVH,,PASS,71,70.5,4.17,"Triangle occurred on 2026-09-01, not within last 5 bars",2026-09-11 03:51:51 UTC
EVI,,PASS,33,33.0,15.45,Breakout seen but no run-up trigger (pullback/run-up thresholds not met),2026-09-11 03:51:51 UTC
EVLV,,PASS,32,32.5,4.97,Breakout seen but no run-up trigger (pullback/run-up thresholds not met),2026-09-11 03:51:51 UTC
EVMN,,PASS,39,39.4,10.56,Run-up triggered but EMA stack failed on run-up top (EMA10>EMA20>EMA50),2026-09-11 03:51:51 UTC
EVO,,PASS,0,,1.77,Price below minimum ($2.00),2026-09-11 03:51:51 UTC
EVOX,,PASS,0,,10.12,Breakout seen but no run-up trigger (pullback/run-up thresholds not met),2026-09-11 03:51:51 UTC
EVR,,PASS,38,38.0,283.62,Breakout seen but no run-up trigger (pullback/run-up thresholds not met),2026-09-11 03:51:51 UTC
EVRG,,PASS,0,,81.36,Breakout seen but no run-up trigger (pullback/run-up thresholds not met),2026-09-11 03:51:51 UTC
EVTC,,PASS,31,30.6,29.15,Breakout seen but no run-up trigger (pullback/run-up thresholds not met),2026-09-11 03:51:51 UTC
EVTL,,PASS,0,,0.55,Price below minimum ($2.00),2026-09-11 03:51:51 UTC
EVTV,,PASS,0,,1.18,Price below minimum ($2.00),2026-09-11 03:51:51 UTC
EW,,PASS,0,,86.77,Breakout seen but no run-up trigger (pullback/run-up thresholds not met),2026-09-11 03:51:51 UTC
EWBC,,PASS,0,,129.37,Breakout seen but no run-up trigger (pullback/run-up thresholds not met),2026-09-11 03:51:51 UTC
EWCZ,,PASS,0,,,**symbol** not found: EWCZ. Please specify it correctly according to API Documentation.,2026-09-11 03:51:51 UTC
EWTX,,PASS,42,42.4,42.9,Breakout seen but no run-up trigger (pullback/run-up thresholds not met),2026-09-11 03:51:51 UTC
EXC,,PASS,0,,43.39,Breakout seen but no run-up trigger (pullback/run-up thresholds not met),2026-09-11 03:51:51 UTC
EXE,,PASS,0,,96.87,Breakout seen but no run-up trigger (pullback/run-up thresholds not met),2026-09-11 03:51:51 UTC
EXEL,,PASS,40,40.0,57.43,Breakout seen but no run-up trigger (pullback/run-up thresholds not met),2026-09-11 03:51:51 UTC
EXK,,PASS,53,53.3,10.52,"Triangle occurred on 2026-09-01, not within last 5 bars",2026-09-11 03:51:51 UTC
EXLS,,PASS,38,38.0,34.62,Breakout seen but no run-up trigger (pullback/run-up thresholds not met),2026-09-11 03:51:51 UTC
EXOD,,WATCH,119,118.7,5.97,"Triangle on 2026-09-04 (last 5 bars) + higher low after; EMA10 touched 3 bars; breakout 2026-08-25, top 2026-08-25, pullback-trigger 2026-08-26",2026-09-11 03:51:51 UTC
EXOZ,,PASS,84,84.1,6.17,Run-up triggered but EMA stack failed on run-up top (EMA10>EMA20>EMA50),2026-09-11 03:51:51 UTC
EXP,,PASS,0,,183.77,Breakout seen but no run-up trigger (pullback/run-up thresholds not met),2026-09-11 03:51:51 UTC
EXPD,,PASS,0,,189.32,Breakout seen but no run-up trigger (pullback/run-up thresholds not met),2026-09-11 03:51:51 UTC
EXPE,,PASS,32,31.9,276.88,Breakout seen but no run-up trigger (pullback/run-up thresholds not met),2026-09-11 03:51:51 UTC
EXPI,,PASS,31,30.6,3.76,Breakout seen but no run-up trigger (pullback/run-up thresholds not met),2026-09-11 03:51:51 UTC
EXPO,,PASS,0,,67.33,Breakout seen but no run-up trigger (pullback/run-up thresholds not met),2026-09-11 03:51:51 UTC
EXR,,PASS,0,,136.45,Breakout seen but no run-up trigger (pullback/run-up thresholds not met),2026-09-11 03:51:51 UTC
EXTR,,PASS,30,30.0,21.18,Breakout seen but no run-up trigger (pullback/run-up thresholds not met),2026-09-11 03:51:51 UTC
EXYN,,PASS,0,,,Not enough daily data,2026-09-11 03:51:51 UTC
EYE,,PASS,35,35.3,17.13,Breakout seen but no run-up trigger (pullback/run-up thresholds not met),2026-09-11 03:51:51 UTC
EYEN,,WATCH,43,43.4,3.59,"Triangle on 2026-09-03 (last 5 bars) + higher low after; EMA20 touched 3 bars; breakout 2026-08-27, top 2026-08-27, pullback-trigger 2026-08-28",2026-09-11 03:51:51 UTC
EYES,,PASS,0,,,Not enough daily data,2026-09-11 03:51:51 UTC
EYPT,,PASS,32,31.7,4.25,Breakout seen but no run-up trigger (pullback/run-up thresholds not met),2026-09-11 03:51:51 UTC
EZGO,,PASS,0,,0.88,Price below minimum ($2.00),2026-09-11 03:51:51 UTC
EZPW,,PASS,35,34.8,32.47,"Triangle occurred on 2026-09-02, not within last 5 bars",2026-09-11 03:51:51 UTC
EZRA,,PASS,220,219.8,2.72,"Triangle occurred on 2025-08-29, not within last 5 bars",2026-09-11 03:51:51 UTC
F,,PASS,40,39.8,13.88,Breakout seen but no run-up trigger (pullback/run-up thresholds not met),2026-09-11 03:51:51 UTC
F.PR.D,,PASS,0,,20.67,Breakout seen but no run-up trigger (pullback/run-up thresholds not met),2026-09-11 03:51:51 UTC
FA,,PASS,35,35.0,20.42,Breakout seen but no run-up trigger (pullback/run-up thresholds not met),2026-09-11 03:51:51 UTC
FABC,,PASS,84,83.6,2.36,Breakout seen but no run-up trigger (pullback/run-up thresholds not met),2026-09-11 03:51:51 UTC
FACA,,PASS,0,,10.04,Breakout seen but no run-up trigger (pullback/run-up thresholds not met),2026-09-11 03:51:51 UTC
FACO,,PASS,0,,6.07,Breakout seen but no run-up trigger (pullback/run-up thresholds not met),2026-09-11 03:51:51 UTC
FACT,,PASS,0,,10.71,Breakout seen but no run-up trigger (pullback/run-up thresholds not met),2026-09-11 03:51:51 UTC
FAF,,PASS,0,,71.18,Breakout seen but no run-up trigger (pullback/run-up thresholds not met),2026-09-11 03:51:51 UTC
FANG,,PASS,0,,205.39,Breakout seen but no run-up trigger (pullback/run-up thresholds not met),2026-09-11 03:51:51 UTC
FANH,,PASS,65,64.5,12.4,"Triangle occurred on 2026-06-29, not within last 5 bars",2026-09-11 03:51:51 UTC
FAST,,PASS,0,,49.01,Breakout seen but no run-up trigger (pullback/run-up thresholds not met),2026-09-11 03:51:51 UTC
FATE,,PASS,77,77.3,2.33,"Triangle occurred on 2026-07-17, not within last 5 bars",2026-09-11 03:51:51 UTC
FATN,,PASS,62,62.3,5.58,"Triangle occurred on 2026-08-19, not within last 5 bars",2026-09-11 03:51:51 UTC
FBHS,,PASS,37,36.6,39.74,"Triangle occurred on 2026-07-15, not within last 5 bars",2026-09-11 03:51:51 UTC
FBIN,,PASS,37,36.6,39.74,"Triangle occurred on 2026-07-15, not within last 5 bars",2026-09-11 03:51:51 UTC
FBIO,,PASS,34,33.8,2.57,"Triangle occurred on 2026-07-21, not within last 5 bars",2026-09-11 03:51:51 UTC
FBIZ,,PASS,34,33.5,72.27,Breakout seen but no run-up trigger (pullback/run-up thresholds not met),2026-09-11 03:51:51 UTC
FBK,,PASS,0,,54.94,Breakout seen but no run-up trigger (pullback/run-up thresholds not met),2026-09-11 03:51:51 UTC
FBLA,,PASS,0,,15.99,Breakout seen but no run-up trigger (pullback/run-up thresholds not met),2026-09-11 03:51:51 UTC
FBNC,,PASS,0,,64.68,Breakout seen but no run-up trigger (pullback/run-up thresholds not met),2026-09-11 03:51:51 UTC
FBP,,PASS,0,,27.74,Breakout seen but no run-up trigger (pullback/run-up thresholds not met),2026-09-11 03:51:51 UTC
FBRT,,PASS,0,,7.68,Breakout seen but no run-up trigger (pullback/run-up thresholds not met),2026-09-11 03:51:51 UTC
FBRX,,PASS,213,213.1,76.99,Breakout seen but no run-up trigger (pullback/run-up thresholds not met),2026-09-11 03:51:51 UTC
FBYD,,PASS,49,48.6,6.64,"Triangle occurred on 2026-07-09, not within last 5 bars",2026-09-11 03:51:51 UTC
FC,,PASS,114,114.0,17.91,Breakout seen but no run-up trigger (pullback/run-up thresholds not met),2026-09-11 03:51:51 UTC
FCAP,,PASS,50,49.5,63.3,Breakout seen but no run-up trigger (pullback/run-up thresholds not met),2026-09-11 03:51:51 UTC
FCBC,,PASS,0,,47.71,Breakout seen but no run-up trigger (pullback/run-up thresholds not met),2026-09-11 03:51:51 UTC
FCCO,,PASS,0,,34.15,Breakout seen but no run-up trigger (pullback/run-up thresholds not met),2026-09-11 03:51:51 UTC
FCEL,,PASS,106,105.9,15.6,"Triangle occurred on 2026-07-07, not within last 5 bars",2026-09-11 03:51:51 UTC
FCF,,PASS,0,,21.25,Breakout seen but no run-up trigger (pullback/run-up thresholds not met),2026-09-11 03:51:51 UTC
FCFS,,PASS,0,,227.38,Breakout seen but no run-up trigger (pullback/run-up thresholds not met),2026-09-11 03:51:51 UTC
FCN,,PASS,0,,150.31,Breakout seen but no run-up trigger (pullback/run-up thresholds not met),2026-09-11 03:51:51 UTC
FCNCA,,PASS,0,,2165.43,Breakout seen but no run-up trigger (pullback/run-up thresholds not met),2026-09-11 03:51:51 UTC
FCPT,,PASS,0,,24.1,Breakout seen but no run-up trigger (pullback/run-up thresholds not met),2026-09-11 03:51:51 UTC
FCRS,,PASS,0,,10.26,Breakout seen but no run-up trigger (pullback/run-up thresholds not met),2026-09-11 03:51:51 UTC
FCRS.UN,,PASS,0,,10.41,Breakout seen but no run-up trigger (pullback/run-up thresholds not met),2026-09-11 03:51:51 UTC
FCX,,PASS,31,31.0,71.21,Breakout seen but no run-up trigger (pullback/run-up thresholds not met),2026-09-11 03:51:51 UTC
FDAGP,,PASS,0,,,**symbol** not found: FDAGP. Please specify it correctly according to API Documentation.,2026-09-11 03:51:51 UTC
FDBC,,PASS,0,,54.91,Breakout seen but no run-up trigger (pullback/run-up thresholds not met),2026-09-11 03:51:51 UTC
FDMT,,WATCH,80,80.3,13.49,"Triangle on 2026-09-03 (last 5 bars) + higher low after; EMA10 touched 3 bars; breakout 2026-08-19, top 2026-08-19, pullback-trigger 2026-08-21",2026-09-11 03:51:51 UTC
FDP,,PASS,0,,,**symbol** not found: FDP. Please specify it correctly according to API Documentation.,2026-09-11 03:51:51 UTC
FDS,,PASS,38,37.6,262.93,Breakout seen but no run-up trigger (pullback/run-up thresholds not met),2026-09-11 03:51:51 UTC
FDSB,,PASS,0,,18.67,Breakout seen but no run-up trigger (pullback/run-up thresholds not met),2026-09-11 03:51:51 UTC
FDUS,,PASS,0,,19.49,Breakout seen but no run-up trigger (pullback/run-up thresholds not met),2026-09-11 03:51:51 UTC
FDX,,PASS,31,31.3,311.8,Breakout seen but no run-up trigger (pullback/run-up thresholds not met),2026-09-11 03:51:51 UTC
FE,,PASS,0,,46.25,Breakout seen but no run-up trigger (pullback/run-up thresholds not met),2026-09-11 03:51:51 UTC
FEAM,,PASS,0,,1.5,Price below minimum ($2.00),2026-09-11 03:51:51 UTC
FEDU,,PASS,77,76.7,10.43,Breakout seen but no run-up trigger (pullback/run-up thresholds not met),2026-09-11 03:51:51 UTC
FEIM,,PASS,64,63.6,62.06,Triangle on 2026-09-10 but no higher low after triangle (last 10 bars),2026-09-11 03:51:51 UTC
FELE,,PASS,0,,97.14,Breakout seen but no run-up trigger (pullback/run-up thresholds not met),2026-09-11 03:51:51 UTC
FENC,,PASS,41,41.0,11.3,"Triangle occurred on 2026-08-27, not within last 5 bars",2026-09-11 03:51:51 UTC
FENG,,PASS,0,,1.48,Price below minimum ($2.00),2026-09-11 03:51:51 UTC
FER,,PASS,0,,55.5,Breakout seen but no run-up trigger (pullback/run-up thresholds not met),2026-09-11 03:51:51 UTC
FERA,,PASS,0,,10.52,Breakout seen but no run-up trigger (pullback/run-up thresholds not met),2026-09-11 03:51:51 UTC
FERG,,PASS,0,,220.97,Breakout seen but no run-up trigger (pullback/run-up thresholds not met),2026-09-11 03:51:51 UTC
FET,,PASS,74,73.9,80.96,Triangle on 2026-09-09 but no higher low after triangle (last 10 bars),2026-09-11 03:51:51 UTC
FF,,PASS,53,53.0,5.35,"Triangle occurred on 2026-08-24, not within last 5 bars",2026-09-11 03:51:51 UTC
FFBC,,PASS,0,,32.53,Breakout seen but no run-up trigger (pullback/run-up thresholds not met),2026-09-11 03:51:51 UTC
FFBW,,PASS,0,,16.2,Breakout seen but no run-up trigger (pullback/run-up thresholds not met),2026-09-11 03:51:51 UTC
FFIC,,PASS,0,,,**symbol** not found: FFIC. Please specify it correctly according to API Documentation.,2026-09-11 03:51:51 UTC
FFIN,,PASS,0,,33.06,Breakout seen but no run-up trigger (pullback/run-up thresholds not met),2026-09-11 03:51:51 UTC
FFIV,,PASS,0,,398.48,Breakout seen but no run-up trigger (pullback/run-up thresholds not met),2026-09-11 03:51:51 UTC
FG,,PASS,0,,23.57,Breakout seen but no run-up trigger (pullback/run-up thresholds not met),2026-09-11 03:51:51 UTC
FGBI,,PASS,90,90.1,8.22,Breakout seen but no run-up trigger (pullback/run-up thresholds not met),2026-09-11 03:51:51 UTC
FGF,,PASS,0,,,**symbol** not found: FGF. Please specify it correctly according to API Documentation.,2026-09-11 03:51:51 UTC
FGI,,PASS,392,392.1,8.46,"Triangle occurred on 2026-08-27, not within last 5 bars",2026-09-11 03:51:51 UTC
FGII,,PASS,0,,10.02,Breakout seen but no run-up trigger (pullback/run-up thresholds not met),2026-09-11 03:51:51 UTC
FGL,,PASS,81,80.7,5.1,Run-up triggered but EMA stack failed on run-up top (EMA10>EMA20>EMA50),2026-09-11 03:51:51 UTC
FGMC,,PASS,68,68.2,4.36,"Triangle occurred on 2026-06-24, not within last 5 bars",2026-09-11 03:51:51 UTC
FGNX,,PASS,32,31.7,8.05,Triangle on 2026-09-10 but no higher low after triangle (last 10 bars),2026-09-11 03:51:51 UTC
FGNXP,,PASS,36,35.6,23.32,Breakout seen but no run-up trigger (pullback/run-up thresholds not met),2026-09-11 03:51:51 UTC
FHB,,PASS,0,,25.67,Breakout seen but no run-up trigger (pullback/run-up thresholds not met),2026-09-11 03:51:51 UTC
FHI,,PASS,0,,60.99,Breakout seen but no run-up trigger (pullback/run-up thresholds not met),2026-09-11 03:51:51 UTC
FHN,,PASS,0,,24.76,Breakout seen but no run-up trigger (pullback/run-up thresholds not met),2026-09-11 03:51:51 UTC
FHN-H,,PASS,0,,,Not enough daily data,2026-09-11 03:51:51 UTC
FHNPL,,PASS,0,,,**symbol** not found: FHNPL. Please specify it correctly according to API Documentation.,2026-09-11 03:51:51 UTC
FHTX,,PASS,56,55.5,4.49,Breakout seen but no run-up trigger (pullback/run-up thresholds not met),2026-09-11 03:51:51 UTC
FI,,PASS,0,,48.93,Breakout seen but no run-up trigger (pullback/run-up thresholds not met),2026-09-11 03:51:51 UTC
FIBK,,PASS,0,,36.88,Breakout seen but no run-up trigger (pullback/run-up thresholds not met),2026-09-11 03:51:51 UTC
FICO,,PASS,37,36.8,960.67,Breakout seen but no run-up trigger (pullback/run-up thresholds not met),2026-09-11 03:51:51 UTC
FIEE,,PASS,42,42.3,4.01,"Triangle occurred on 2026-03-30, not within last 5 bars",2026-09-11 03:51:51 UTC
FIG,,PASS,41,40.9,22.15,"Triangle occurred on 2026-09-02, not within last 5 bars",2026-09-11 03:51:51 UTC
FIGR,,PASS,72,72.1,36.57,"Triangle occurred on 2026-08-31, not within last 5 bars",2026-09-11 03:51:51 UTC
FIGS,,PASS,79,78.6,12.95,Run-up triggered but EMA stack failed on run-up top (EMA10>EMA20>EMA50),2026-09-11 03:51:51 UTC
FIGX,,PASS,0,,10.32,Breakout seen but no run-up trigger (pullback/run-up thresholds not met),2026-09-11 03:51:51 UTC
FIHL,,PASS,0,,25.17,Breakout seen but no run-up trigger (pullback/run-up thresholds not met),2026-09-11 03:51:51 UTC
FINV,,PASS,40,39.7,3.4,Breakout seen but no run-up trigger (pullback/run-up thresholds not met),2026-09-11 03:51:51 UTC
FINW,,PASS,30,30.1,13.45,Breakout seen but no run-up trigger (pullback/run-up thresholds not met),2026-09-11 03:51:51 UTC
FIP,,PASS,31,31.0,3.3,Breakout seen but no run-up trigger (pullback/run-up thresholds not met),2026-09-11 03:51:51 UTC
FIS,,PASS,0,,38.52,Breakout seen but no run-up trigger (pullback/run-up thresholds not met),2026-09-11 03:51:51 UTC
FISI,,PASS,0,,41.09,Breakout seen but no run-up trigger (pullback/run-up thresholds not met),2026-09-11 03:51:51 UTC
FISV,,PASS,0,,48.93,Breakout seen but no run-up trigger (pullback/run-up thresholds not met),2026-09-11 03:51:51 UTC
FITB,,PASS,0,,54.43,Breakout seen but no run-up trigger (pullback/run-up thresholds not met),2026-09-11 03:51:51 UTC
FIVE,,PASS,33,32.7,241.28,"Triangle occurred on 2026-08-31, not within last 5 bars",2026-09-11 03:51:51 UTC
FIVN,,PASS,67,66.6,30.25,"Triangle occurred on 2026-06-05, not within last 5 bars",2026-09-11 03:51:51 UTC
FIX,,PASS,65,65.3,1590.81,Breakout seen but no run-up trigger (pullback/run-up thresholds not met),2026-09-11 03:51:51 UTC
FIXX,,PASS,123,123.4,12.25,"Triangle occurred on 2026-07-20, not within last 5 bars",2026-09-11 03:51:51 UTC
FIZZ,,PASS,0,,30.91,Breakout seen but no run-up trigger (pullback/run-up thresholds not met),2026-09-11 03:51:51 UTC
FJET,,PASS,100,100.2,2.01,Breakout seen but no run-up trigger (pullback/run-up thresholds not met),2026-09-11 03:51:51 UTC
FKWL,,PASS,62,61.9,2.4,Breakout seen but no run-up trigger (pullback/run-up thresholds not met),2026-09-11 03:51:51 UTC
FLAC,,PASS,52,51.5,21.86,Breakout seen but no run-up trigger (pullback/run-up thresholds not met),2026-09-11 03:51:51 UTC
FLEX,,PASS,38,37.6,108.01,"Triangle occurred on 2026-06-09, not within last 5 bars",2026-09-11 03:51:51 UTC
FLG,,PASS,31,31.0,13.27,Breakout seen but no run-up trigger (pullback/run-up thresholds not met),2026-09-11 03:51:51 UTC
FLG-U,,PASS,0,,39.89,Breakout seen but no run-up trigger (pullback/run-up thresholds not met),2026-09-11 03:51:51 UTC
FLGC,,PASS,349,349.3,4.9,Run-up triggered but EMA stack failed on run-up top (EMA10>EMA20>EMA50),2026-09-11 03:51:51 UTC
FLGT,,PASS,39,38.7,20.12,Breakout seen but no run-up trigger (pullback/run-up thresholds not met),2026-09-11 03:51:51 UTC
FLL,,PASS,41,41.0,2.04,"Triangle occurred on 2026-06-22, not within last 5 bars",2026-09-11 03:51:51 UTC
FLNC,,PASS,142,141.6,9.69,"Triangle occurred on 2026-05-19, not within last 5 bars",2026-09-11 03:51:51 UTC
FLNG,,PASS,0,,31.61,Breakout seen but no run-up trigger (pullback/run-up thresholds not met),2026-09-11 03:51:51 UTC
FLNT,,PASS,35,34.8,3.05,"Triangle occurred on 2026-08-27, not within last 5 bars",2026-09-11 03:51:51 UTC
FLO,,PASS,0,,6.11,Breakout seen but no run-up trigger (pullback/run-up thresholds not met),2026-09-11 03:51:51 UTC
FLOC,,PASS,31,30.7,20.29,Breakout seen but no run-up trigger (pullback/run-up thresholds not met),2026-09-11 03:51:51 UTC
FLR,,PASS,0,,53.55,Breakout seen but no run-up trigger (pullback/run-up thresholds not met),2026-09-11 03:51:51 UTC
FLS,,PASS,48,48.0,72.83,Breakout seen but no run-up trigger (pullback/run-up thresholds not met),2026-09-11 03:51:51 UTC
FLT,,PASS,0,,408.47,Breakout seen but no run-up trigger (pullback/run-up thresholds not met),2026-09-11 03:51:51 UTC
FLUT,,PASS,0,,98.68,Breakout seen but no run-up trigger (pullback/run-up thresholds not met),2026-09-11 03:51:51 UTC
FLWS,,PASS,63,63.4,3.04,Breakout seen but no run-up trigger (pullback/run-up thresholds not met),2026-09-11 03:51:51 UTC
FLX,,PASS,0,,1.5,Price below minimum ($2.00),2026-09-11 03:51:51 UTC
FLXN,,PASS,0,,24.58,Breakout seen but no run-up trigger (pullback/run-up thresholds not met),2026-09-11 03:51:51 UTC
FLXS,,PASS,39,39.1,82.74,Breakout seen but no run-up trigger (pullback/run-up thresholds not met),2026-09-11 03:51:51 UTC
FLY,,PASS,59,59.2,20.9,Run-up triggered but EMA stack failed on run-up top (EMA10>EMA20>EMA50),2026-09-11 03:51:51 UTC
FLYE,,PASS,0,,1.81,Price below minimum ($2.00),2026-09-11 03:51:51 UTC
FLYW,,PASS,36,36.3,17.75,Breakout seen but no run-up trigger (pullback/run-up thresholds not met),2026-09-11 03:51:51 UTC
FLYX,,PASS,0,,1.1,Price below minimum ($2.00),2026-09-11 03:51:51 UTC
FMAC,,PASS,55,54.6,10.09,Breakout seen but no run-up trigger (pullback/run-up thresholds not met),2026-09-11 03:51:51 UTC
FMAO,,PASS,0,,35.41,Breakout seen but no run-up trigger (pullback/run-up thresholds not met),2026-09-11 03:51:51 UTC
FMBH,,PASS,0,,50.85,Breakout seen but no run-up trigger (pullback/run-up thresholds not met),2026-09-11 03:51:51 UTC
FMC,,PASS,40,40.3,12.08,Breakout seen but no run-up trigger (pullback/run-up thresholds not met),2026-09-11 03:51:51 UTC
FMNB,,PASS,0,,15.88,Breakout seen but no run-up trigger (pullback/run-up thresholds not met),2026-09-11 03:51:51 UTC
FMS,,PASS,0,,22.23,Breakout seen but no run-up trigger (pullback/run-up thresholds not met),2026-09-11 03:51:51 UTC
FMST,,PASS,0,,0.91,Price below minimum ($2.00),2026-09-11 03:51:51 UTC
FMX,,PASS,0,,117.57,Breakout seen but no run-up trigger (pullback/run-up thresholds not met),2026-09-11 03:51:51 UTC
FN,,PASS,49,49.4,403.95,Run-up triggered but EMA stack failed on run-up top (EMA10>EMA20>EMA50),2026-09-11 03:51:51 UTC
FNB,,PASS,0,,18.26,Breakout seen but no run-up trigger (pullback/run-up thresholds not met),2026-09-11 03:51:51 UTC
FND,,PASS,0,,46.87,Breakout seen but no run-up trigger (pullback/run-up thresholds not met),2026-09-11 03:51:51 UTC
FNF,,PASS,0,,43.95,Breakout seen but no run-up trigger (pullback/run-up thresholds not met),2026-09-11 03:51:51 UTC
FNKO,,PASS,36,35.9,5.41,Breakout seen but no run-up trigger (pullback/run-up thresholds not met),2026-09-11 03:51:51 UTC
FNLC,,PASS,0,,35.04,Breakout seen but no run-up trigger (pullback/run-up thresholds not met),2026-09-11 03:51:51 UTC
FNRN,,PASS,0,,17.27,Breakout seen but no run-up trigger (pullback/run-up thresholds not met),2026-09-11 03:51:51 UTC
FNUC,,PASS,0,,1.42,Price below minimum ($2.00),2026-09-11 03:51:51 UTC
FNV,,PASS,35,35.0,260.66,Breakout seen but no run-up trigger (pullback/run-up thresholds not met),2026-09-11 03:51:51 UTC
FNWB,,PASS,0,,10.68,Breakout seen but no run-up trigger (pullback/run-up thresholds not met),2026-09-11 03:51:51 UTC
FNWD,,PASS,0,,43.08,Breakout seen but no run-up trigger (pullback/run-up thresholds not met),2026-09-11 03:51:51 UTC
FOA,,PASS,52,51.9,15.65,"Triangle occurred on 2026-07-13, not within last 5 bars",2026-09-11 03:51:51 UTC
FOFO,,PASS,383,382.9,2.2,Run-up triggered but EMA stack failed on run-up top (EMA10>EMA20>EMA50),2026-09-11 03:51:51 UTC
FOLD,,PASS,0,,,**symbol** not found: FOLD. Please specify it correctly according to API Documentation.,2026-09-11 03:51:51 UTC
FONR,,PASS,0,,,**symbol** not found: FONR. Please specify it correctly according to API Documentation.,2026-09-11 03:51:51 UTC
FOR,,PASS,0,,26.52,Breakout seen but no run-up trigger (pullback/run-up thresholds not met),2026-09-11 03:51:51 UTC
FORA,,PASS,43,43.0,2.97,Breakout seen but no run-up trigger (pullback/run-up thresholds not met),2026-09-11 03:51:51 UTC
FORD,,PASS,79,78.6,6.46,"Triangle occurred on 2025-09-25, not within last 5 bars",2026-09-11 03:51:51 UTC
FORM,,PASS,70,69.8,112.12,Run-up triggered but EMA stack failed on run-up top (EMA10>EMA20>EMA50),2026-09-11 03:51:51 UTC
FORR,,PASS,41,41.4,11.84,Breakout seen but no run-up trigger (pullback/run-up thresholds not met),2026-09-11 03:51:51 UTC
FORTY,,PASS,0,,129.0,Breakout seen but no run-up trigger (pullback/run-up thresholds not met),2026-09-11 03:51:51 UTC
FOSL,,PASS,59,58.8,4.49,"Triangle occurred on 2026-08-13, not within last 5 bars",2026-09-11 03:51:51 UTC
FOUR,,PASS,37,37.3,43.03,Breakout seen but no run-up trigger (pullback/run-up thresholds not met),2026-09-11 03:51:51 UTC
FOUR-A,,PASS,0,,56.85,Breakout seen but no run-up trigger (pullback/run-up thresholds not met),2026-09-11 03:51:51 UTC
FOX,,PASS,0,,58.06,Breakout seen but no run-up trigger (pullback/run-up thresholds not met),2026-09-11 03:51:51 UTC
FOXA,,PASS,0,,65.18,Breakout seen but no run-up trigger (pullback/run-up thresholds not met),2026-09-11 03:51:51 UTC
FOXF,,PASS,32,31.9,19.62,Breakout seen but no run-up trigger (pullback/run-up thresholds not met),2026-09-11 03:51:51 UTC
FOXX,,PASS,72,72.1,2.7,Run-up triggered but EMA stack failed on run-up top (EMA10>EMA20>EMA50),2026-09-11 03:51:51 UTC
FPH,,PASS,88,88.5,5.0,Breakout seen but no run-up trigger (pullback/run-up thresholds not met),2026-09-11 03:51:51 UTC
FPI,,PASS,0,,10.64,Breakout seen but no run-up trigger (pullback/run-up thresholds not met),2026-09-11 03:51:51 UTC
FPS,,PASS,57,57.0,29.2,"Triangle occurred on 2026-06-11, not within last 5 bars",2026-09-11 03:51:51 UTC
FR,,PASS,0,,60.78,Breakout seen but no run-up trigger (pullback/run-up thresholds not met),2026-09-11 03:51:51 UTC
FRAF,,PASS,37,37.1,63.28,Breakout seen but no run-up trigger (pullback/run-up thresholds not met),2026-09-11 03:51:51 UTC
FRBA,,PASS,0,,17.95,Breakout seen but no run-up trigger (pullback/run-up thresholds not met),2026-09-11 03:51:51 UTC
FRD,,PASS,48,48.1,44.5,"Triangle occurred on 2026-08-24, not within last 5 bars",2026-09-11 03:51:51 UTC
FRGT,,PASS,0,,0.98,Price below minimum ($2.00),2026-09-11 03:51:51 UTC
FRHC,,PASS,41,41.4,162.73,Breakout seen but no run-up trigger (pullback/run-up thresholds not met),2026-09-11 03:51:51 UTC
FRME,,PASS,0,,41.1,Breakout seen but no run-up trigger (pullback/run-up thresholds not met),2026-09-11 03:51:51 UTC
FRMI,,PASS,42,42.1,5.39,Run-up triggered but EMA stack failed on run-up top (EMA10>EMA20>EMA50),2026-09-11 03:51:51 UTC
FRMM,,PASS,50,49.5,4.53,"Triangle occurred on 2026-07-20, not within last 5 bars",2026-09-11 03:51:51 UTC
FRO,,PASS,45,44.5,48.4,Breakout seen but no run-up trigger (pullback/run-up thresholds not met),2026-09-11 03:51:51 UTC
FROG,,PASS,32,32.0,88.65,Breakout seen but no run-up trigger (pullback/run-up thresholds not met),2026-09-11 03:51:51 UTC
FRPH,,PASS,0,,22.25,Breakout seen but no run-up trigger (pullback/run-up thresholds not met),2026-09-11 03:51:51 UTC
FRPT,,PASS,34,34.0,65.17,"Triangle occurred on 2026-09-01, not within last 5 bars",2026-09-11 03:51:51 UTC
FRSH,,PASS,30,30.1,11.87,Breakout seen but no run-up trigger (pullback/run-up thresholds not met),2026-09-11 03:51:51 UTC
FRST,,PASS,31,30.6,16.1,Breakout seen but no run-up trigger (pullback/run-up thresholds not met),2026-09-11 03:51:51 UTC
FRSX,,PASS,0,,1.11,Price below minimum ($2.00),2026-09-11 03:51:51 UTC
FRT,,PASS,0,,114.84,Breakout seen but no run-up trigger (pullback/run-up thresholds not met),2026-09-11 03:51:51 UTC
FRVO,,PASS,0,,,Not enough daily data,2026-09-11 03:51:51 UTC
FSBC,,PASS,0,,46.49,Breakout seen but no run-up trigger (pullback/run-up thresholds not met),2026-09-11 03:51:51 UTC
FSBW,,PASS,0,,43.41,Breakout seen but no run-up trigger (pullback/run-up thresholds not met),2026-09-11 03:51:51 UTC
FSEA,,PASS,0,,17.2,Breakout seen but no run-up trigger (pullback/run-up thresholds not met),2026-09-11 03:51:51 UTC
FSHP,,PASS,0,,11.37,Breakout seen but no run-up trigger (pullback/run-up thresholds not met),2026-09-11 03:51:51 UTC
FSI,,PASS,44,44.1,5.7,Breakout seen but no run-up trigger (pullback/run-up thresholds not met),2026-09-11 03:51:51 UTC
FSK,,PASS,0,,11.89,Breakout seen but no run-up trigger (pullback/run-up thresholds not met),2026-09-11 03:51:51 UTC
FSLR,,PASS,38,37.7,207.17,Run-up triggered but EMA stack failed on run-up top (EMA10>EMA20>EMA50),2026-09-11 03:51:51 UTC
FSLY,,PASS,62,62.1,22.71,Triangle on 2026-09-10 but no higher low after triangle (last 10 bars),2026-09-11 03:51:51 UTC
FSM,,PASS,37,37.4,12.05,Breakout seen but no run-up trigger (pullback/run-up thresholds not met),2026-09-11 03:51:51 UTC
FSS,,PASS,33,32.9,113.46,"Triangle occurred on 2026-07-13, not within last 5 bars",2026-09-11 03:51:51 UTC
FSTR,,PASS,41,40.7,37.39,Breakout seen but no run-up trigger (pullback/run-up thresholds not met),2026-09-11 03:51:51 UTC
FSUN,,PASS,34,33.8,40.13,Breakout seen but no run-up trigger (pullback/run-up thresholds not met),2026-09-11 03:51:51 UTC
FSV,,PASS,0,,136.01,Breakout seen but no run-up trigger (pullback/run-up thresholds not met),2026-09-11 03:51:51 UTC
FTAI,,PASS,31,31.5,180.09,"Triangle occurred on 2026-06-30, not within last 5 bars",2026-09-11 03:51:51 UTC
FTCI,,PASS,48,48.0,2.31,Run-up triggered but EMA stack failed on run-up top (EMA10>EMA20>EMA50),2026-09-11 03:51:51 UTC
FTDR,,PASS,31,31.0,79.56,"Triangle occurred on 2026-08-19, not within last 5 bars",2026-09-11 03:51:51 UTC
FTEL,,PASS,0,,0.52,Price below minimum ($2.00),2026-09-11 03:51:51 UTC
FTEV,,PASS,0,,10.18,Breakout seen but no run-up trigger (pullback/run-up thresholds not met),2026-09-11 03:51:51 UTC
FTI,,PASS,30,30.4,75.58,Breakout seen but no run-up trigger (pullback/run-up thresholds not met),2026-09-11 03:51:51 UTC
FTK,,PASS,85,84.6,27.42,"Triangle occurred on 2026-07-27, not within last 5 bars",2026-09-11 03:51:51 UTC
FTLF,,PASS,34,34.3,9.22,Run-up triggered but EMA stack failed on run-up top (EMA10>EMA20>EMA50),2026-09-11 03:51:51 UTC
FTNT,,PASS,64,63.6,158.85,Breakout seen but no run-up trigger (pullback/run-up thresholds not met),2026-09-11 03:51:51 UTC
FTRE,,PASS,35,35.0,17.02,Breakout seen but no run-up trigger (pullback/run-up thresholds not met),2026-09-11 03:51:51 UTC
FTS,,PASS,0,,54.48,Breakout seen but no run-up trigger (pullback/run-up thresholds not met),2026-09-11 03:51:51 UTC
FTV,,PASS,0,,54.51,Breakout seen but no run-up trigger (pullback/run-up thresholds not met),2026-09-11 03:51:51 UTC
FTW,,PASS,30,30.3,10.56,Breakout seen but no run-up trigger (pullback/run-up thresholds not met),2026-09-11 03:51:51 UTC
FTW.WT,,PASS,0,,1.24,Price below minimum ($2.00),2026-09-11 03:51:51 UTC
FUBO,,PASS,33,32.6,11.41,Breakout seen but no run-up trigger (pullback/run-up thresholds not met),2026-09-11 03:51:51 UTC
FUFU,,PASS,0,,1.25,Price below minimum ($2.00),2026-09-11 03:51:51 UTC
FUL,,PASS,0,,51.65,Breakout seen but no run-up trigger (pullback/run-up thresholds not met),2026-09-11 03:51:51 UTC
FULC,,PASS,117,116.5,3.8,Breakout seen but no run-up trigger (pullback/run-up thresholds not met),2026-09-11 03:51:51 UTC
FULT,,PASS,0,,23.6,Breakout seen but no run-up trigger (pullback/run-up thresholds not met),2026-09-11 03:51:51 UTC
FUN,,PASS,33,33.3,13.67,"Triangle occurred on 2026-06-24, not within last 5 bars",2026-09-11 03:51:51 UTC
FUNC,,PASS,33,33.4,44.4,Breakout seen but no run-up trigger (pullback/run-up thresholds not met),2026-09-11 03:51:51 UTC
FUSB,,PASS,0,,16.46,Breakout seen but no run-up trigger (pullback/run-up thresholds not met),2026-09-11 03:51:51 UTC
FUTU,,PASS,30,30.3,113.51,Breakout seen but no run-up trigger (pullback/run-up thresholds not met),2026-09-11 03:51:51 UTC
FVAV,,PASS,0,,10.2,Breakout seen but no run-up trigger (pullback/run-up thresholds not met),2026-09-11 03:51:51 UTC
FVCB,,PASS,0,,18.43,Breakout seen but no run-up trigger (pullback/run-up thresholds not met),2026-09-11 03:51:51 UTC
FVN,,PASS,106,106.4,10.28,"Triangle occurred on 2026-08-25, not within last 5 bars",2026-09-11 03:51:51 UTC
FVR,,PASS,0,,18.71,Breakout seen but no run-up trigger (pullback/run-up thresholds not met),2026-09-11 03:51:51 UTC
FVRR,,PASS,32,32.3,8.93,Breakout seen but no run-up trigger (pullback/run-up thresholds not met),2026-09-11 03:51:51 UTC
FWDI,,PASS,79,78.6,6.46,"Triangle occurred on 2025-09-25, not within last 5 bars",2026-09-11 03:51:51 UTC
FWONA,,PASS,0,,86.99,Breakout seen but no run-up trigger (pullback/run-up thresholds not met),2026-09-11 03:51:51 UTC
FWONK,,PASS,0,,95.44,Breakout seen but no run-up trigger (pullback/run-up thresholds not met),2026-09-11 03:51:51 UTC
FWRD,,PASS,50,49.9,16.42,"Triangle occurred on 2026-08-21, not within last 5 bars",2026-09-11 03:51:51 UTC
FWRG,,PASS,37,37.0,11.19,Breakout seen but no run-up trigger (pullback/run-up thresholds not met),2026-09-11 03:51:51 UTC
FXNC,,PASS,35,34.7,30.91,Breakout seen but no run-up trigger (pullback/run-up thresholds not met),2026-09-11 03:51:51 UTC
G,,PASS,34,34.2,34.41,Breakout seen but no run-up trigger (pullback/run-up thresholds not met),2026-09-11 03:51:51 UTC
GABC,,PASS,0,,49.7,Breakout seen but no run-up trigger (pullback/run-up thresholds not met),2026-09-11 03:51:51 UTC
GAIA,,PASS,0,,1.46,Price below minimum ($2.00),2026-09-11 03:51:51 UTC
GAIN,,PASS,0,,16.05,Breakout seen but no run-up trigger (pullback/run-up thresholds not met),2026-09-11 03:51:51 UTC
GALT,,PASS,47,47.4,3.9,Breakout seen but no run-up trigger (pullback/run-up thresholds not met),2026-09-11 03:51:51 UTC
GAMB,,PASS,0,,1.8,Price below minimum ($2.00),2026-09-11 03:51:51 UTC
GANX,,PASS,0,,1.71,Price below minimum ($2.00),2026-09-11 03:51:51 UTC
GAP,,PASS,32,32.2,20.91,Run-up triggered but EMA stack failed on run-up top (EMA10>EMA20>EMA50),2026-09-11 03:51:51 UTC
GASS,,PASS,37,36.6,9.27,Breakout seen but no run-up trigger (pullback/run-up thresholds not met),2026-09-11 03:51:51 UTC
GATX,,PASS,0,,176.86,Breakout seen but no run-up trigger (pullback/run-up thresholds not met),2026-09-11 03:51:51 UTC
GAU,,PASS,33,32.5,2.16,Breakout seen but no run-up trigger (pullback/run-up thresholds not met),2026-09-11 03:51:51 UTC
GBCI,,PASS,33,32.7,45.93,Breakout seen but no run-up trigger (pullback/run-up thresholds not met),2026-09-11 03:51:51 UTC
GBDC,,PASS,0,,12.7,Breakout seen but no run-up trigger (pullback/run-up thresholds not met),2026-09-11 03:51:51 UTC
GBFH,,PASS,65,64.8,19.93,Breakout seen but no run-up trigger (pullback/run-up thresholds not met),2026-09-11 03:51:51 UTC
GBL,,PASS,64,64.1,26.3,Breakout seen but no run-up trigger (pullback/run-up thresholds not met),2026-09-11 03:51:51 UTC
GBLI,,PASS,0,,29.5,Breakout seen but no run-up trigger (pullback/run-up thresholds not met),2026-09-11 03:51:51 UTC
GBTG,,PASS,0,,9.48,Breakout seen but no run-up trigger (pullback/run-up thresholds not met),2026-09-11 03:51:51 UTC
GBX,,PASS,0,,42.66,Breakout seen but no run-up trigger (pullback/run-up thresholds not met),2026-09-11 03:51:51 UTC
GCBC,,PASS,34,33.7,35.23,Breakout seen but no run-up trigger (pullback/run-up thresholds not met),2026-09-11 03:51:51 UTC
GCI,,PASS,31,31.4,6.29,Breakout seen but no run-up trigger (pullback/run-up thresholds not met),2026-09-11 03:51:51 UTC
GCMG,,PASS,0,,12.78,Breakout seen but no run-up trigger (pullback/run-up thresholds not met),2026-09-11 03:51:51 UTC
GCO,,PASS,32,31.9,33.31,Breakout seen but no run-up trigger (pullback/run-up thresholds not met),2026-09-11 03:51:51 UTC
GCT,,PASS,59,59.0,51.8,"Triangle occurred on 2026-08-20, not within last 5 bars",2026-09-11 03:51:51 UTC
GCTS,,PASS,0,,1.86,Price below minimum ($2.00),2026-09-11 03:51:51 UTC
GD,,PASS,0,,354.25,Breakout seen but no run-up trigger (pullback/run-up thresholds not met),2026-09-11 03:51:51 UTC
GDDY,,PASS,0,,96.37,Breakout seen but no run-up trigger (pullback/run-up thresholds not met),2026-09-11 03:51:51 UTC
GDEN,,PASS,0,,,**symbol** not found: GDEN. Please specify it correctly according to API Documentation.,2026-09-11 03:51:51 UTC
GDEV,,PASS,42,42.5,11.94,"Triangle occurred on 2026-05-05, not within last 5 bars",2026-09-11 03:51:51 UTC
GDHG,,PASS,0,,1.32,Price below minimum ($2.00),2026-09-11 03:51:51 UTC
GDOT,,PASS,53,53.3,13.27,Breakout seen but no run-up trigger (pullback/run-up thresholds not met),2026-09-11 03:51:51 UTC
GDP,,PASS,30,30.3,23.02,"Triangle occurred on 2021-10-07, not within last 5 bars",2026-09-11 03:51:51 UTC
GDRX,,PASS,37,37.5,3.35,"Triangle occurred on 2026-08-21, not within last 5 bars",2026-09-11 03:51:51 UTC
GDS,,PASS,35,34.6,31.06,Breakout seen but no run-up trigger (pullback/run-up thresholds not met),2026-09-11 03:51:51 UTC
GDYN,,PASS,48,47.6,7.83,"Triangle occurred on 2026-08-27, not within last 5 bars",2026-09-11 03:51:51 UTC
GE,,PASS,0,,324.15,Breakout seen but no run-up trigger (pullback/run-up thresholds not met),2026-09-11 03:51:51 UTC
GECC,,PASS,0,,5.97,Breakout seen but no run-up trigger (pullback/run-up thresholds not met),2026-09-11 03:51:51 UTC
GEF,,PASS,31,30.6,83.64,"Triangle occurred on 2026-08-24, not within last 5 bars",2026-09-11 03:51:51 UTC
GEF.B,,PASS,0,,106.8,Breakout seen but no run-up trigger (pullback/run-up thresholds not met),2026-09-11 03:51:51 UTC
GEG,,PASS,32,31.6,2.22,Breakout seen but no run-up trigger (pullback/run-up thresholds not met),2026-09-11 03:51:51 UTC
GEHC,,PASS,0,,64.24,Breakout seen but no run-up trigger (pullback/run-up thresholds not met),2026-09-11 03:51:51 UTC
GEMI,,PASS,52,52.0,4.39,Run-up triggered but EMA stack failed on run-up top (EMA10>EMA20>EMA50),2026-09-11 03:51:51 UTC
GEN,,PASS,48,48.3,29.97,Breakout seen but no run-up trigger (pullback/run-up thresholds not met),2026-09-11 03:51:51 UTC
GENB,,PASS,74,74.1,15.39,"Triangle occurred on 2026-09-01, not within last 5 bars",2026-09-11 03:51:51 UTC
GENC,,PASS,43,42.7,18.07,"Triangle occurred on 2026-09-01, not within last 5 bars",2026-09-11 03:51:51 UTC
GENI,,PASS,39,39.3,6.72,"Triangle occurred on 2026-08-11, not within last 5 bars",2026-09-11 03:51:51 UTC
GENK,,PASS,0,,1.85,Price below minimum ($2.00),2026-09-11 03:51:51 UTC
GENVR,,PASS,149,148.9,3.89,Triangle on 2026-09-10 but no higher low after triangle (last 10 bars),2026-09-11 03:51:51 UTC
GEO,,PASS,34,33.5,31.38,Breakout seen but no run-up trigger (pullback/run-up thresholds not met),2026-09-11 03:51:51 UTC
GEOS,,PASS,55,55.1,5.09,Run-up triggered but EMA stack failed on run-up top (EMA10>EMA20>EMA50),2026-09-11 03:51:51 UTC
GEV,,PASS,33,33.4,923.91,Breakout seen but no run-up trigger (pullback/run-up thresholds not met),2026-09-11 03:51:51 UTC
GEVO,,PASS,0,,1.58,Price below minimum ($2.00),2026-09-11 03:51:51 UTC
GFF,,PASS,36,35.6,95.3,Breakout seen but no run-up trigger (pullback/run-up thresholds not met),2026-09-11 03:51:51 UTC
GFI,,PASS,34,33.8,45.68,Breakout seen but no run-up trigger (pullback/run-up thresholds not met),2026-09-11 03:51:51 UTC
GFL,,PASS,0,,41.63,Breakout seen but no run-up trigger (pullback/run-up thresholds not met),2026-09-11 03:51:51 UTC
GFR,,PASS,33,32.9,6.25,Breakout seen but no run-up trigger (pullback/run-up thresholds not met),2026-09-11 03:51:51 UTC
GFS,,PASS,41,41.3,45.96,"Triangle occurred on 2026-06-09, not within last 5 bars",2026-09-11 03:51:51 UTC
GGAL,,PASS,31,30.7,44.72,Breakout seen but no run-up trigger (pullback/run-up thresholds not met),2026-09-11 03:51:51 UTC
GGB,,PASS,31,30.8,5.1,"Triangle occurred on 2026-08-13, not within last 5 bars",2026-09-11 03:51:51 UTC
GGG,,PASS,0,,75.97,Breakout seen but no run-up trigger (pullback/run-up thresholds not met),2026-09-11 03:51:51 UTC
GGR,,PASS,94,93.9,2.54,"Triangle occurred on 2026-03-30, not within last 5 bars",2026-09-11 03:51:51 UTC
GH,,PASS,39,39.3,159.03,"Triangle occurred on 2026-07-13, not within last 5 bars",2026-09-11 03:51:51 UTC
GHC,,PASS,0,,1136.8,Breakout seen but no run-up trigger (pullback/run-up thresholds not met),2026-09-11 03:51:51 UTC
GHM,,PASS,33,32.6,85.49,"Triangle occurred on 2026-07-07, not within last 5 bars",2026-09-11 03:51:51 UTC
GHRS,,PASS,48,48.4,27.28,Breakout seen but no run-up trigger (pullback/run-up thresholds not met),2026-09-11 03:51:51 UTC
GIAC,,PASS,0,,1.2,Price below minimum ($2.00),2026-09-11 03:51:51 UTC
GIB,,PASS,0,,69.06,Breakout seen but no run-up trigger (pullback/run-up thresholds not met),2026-09-11 03:51:51 UTC
GIC,,PASS,31,31.2,38.66,Breakout seen but no run-up trigger (pullback/run-up thresholds not met),2026-09-11 03:51:51 UTC
GIG,,PASS,0,,0.5,Price below minimum ($2.00),2026-09-11 03:51:51 UTC
GIII,,PASS,31,30.7,27.67,Breakout seen but no run-up trigger (pullback/run-up thresholds not met),2026-09-11 03:51:51 UTC
GIL,,PASS,0,,48.93,Breakout seen but no run-up trigger (pullback/run-up thresholds not met),2026-09-11 03:51:51 UTC
GILD,,PASS,35,34.6,144.81,Breakout seen but no run-up trigger (pullback/run-up thresholds not met),2026-09-11 03:51:51 UTC
GILT,,PASS,37,36.9,9.54,Breakout seen but no run-up trigger (pullback/run-up thresholds not met),2026-09-11 03:51:51 UTC
GIS,,PASS,0,,35.96,Breakout seen but no run-up trigger (pullback/run-up thresholds not met),2026-09-11 03:51:51 UTC
GITS,,PASS,61,61.3,2.15,"Triangle occurred on 2026-02-11, not within last 5 bars",2026-09-11 03:51:51 UTC
GIW,,PASS,0,,10.16,Breakout seen but no run-up trigger (pullback/run-up thresholds not met),2026-09-11 03:51:51 UTC
GIX,,PASS,0,,10.0,Breakout seen but no run-up trigger (pullback/run-up thresholds not met),2026-09-11 03:51:51 UTC
GKOS,,PASS,31,31.4,170.38,"Triangle occurred on 2026-08-28, not within last 5 bars",2026-09-11 03:51:51 UTC
GL,,PASS,0,,170.8,Breakout seen but no run-up trigger (pullback/run-up thresholds not met),2026-09-11 03:51:51 UTC
GLAD,,PASS,0,,19.38,Breakout seen but no run-up trigger (pullback/run-up thresholds not met),2026-09-11 03:51:51 UTC
GLBE,,PASS,0,,36.5,Breakout seen but no run-up trigger (pullback/run-up thresholds not met),2026-09-11 03:51:51 UTC
GLBS,,PASS,39,39.0,3.5,"Triangle occurred on 2026-08-20, not within last 5 bars",2026-09-11 03:51:51 UTC
GLED,,PASS,0,,,Not enough daily data,2026-09-11 03:51:51 UTC
GLED.UN,,PASS,0,,10.13,Breakout seen but no run-up trigger (pullback/run-up thresholds not met),2026-09-11 03:51:51 UTC
GLIBA,,PASS,31,31.1,26.1,"Triangle occurred on 2026-09-02, not within last 5 bars",2026-09-11 03:51:51 UTC
GLIBK,,PASS,0,,25.71,Breakout seen but no run-up trigger (pullback/run-up thresholds not met),2026-09-11 03:51:51 UTC
GLND,,PASS,0,,,Not enough daily data,2026-09-11 03:51:51 UTC
GLNG,,PASS,32,32.5,52.69,Breakout seen but no run-up trigger (pullback/run-up thresholds not met),2026-09-11 03:51:51 UTC
GLOB,,PASS,33,33.2,36.7,Breakout seen but no run-up trigger (pullback/run-up thresholds not met),2026-09-11 03:51:51 UTC
GLOO,,PASS,75,74.7,3.01,"Triangle occurred on 2026-04-29, not within last 5 bars",2026-09-11 03:51:51 UTC
GLPG,,PASS,0,,26.81,Breakout seen but no run-up trigger (pullback/run-up thresholds not met),2026-09-11 03:51:51 UTC
GLPI,,PASS,0,,40.98,Breakout seen but no run-up trigger (pullback/run-up thresholds not met),2026-09-11 03:51:51 UTC
GLRE,,PASS,0,,15.02,Breakout seen but no run-up trigger (pullback/run-up thresholds not met),2026-09-11 03:51:51 UTC
GLSI,,PASS,31,30.9,15.06,Run-up triggered but EMA stack failed on run-up top (EMA10>EMA20>EMA50),2026-09-11 03:51:51 UTC
GLT,,PASS,33,32.6,11.56,Breakout seen but no run-up trigger (pullback/run-up thresholds not met),2026-09-11 03:51:51 UTC
GLTO,,PASS,33,32.7,26.84,"Triangle occurred on 2026-07-29, not within last 5 bars",2026-09-11 03:51:51 UTC
GLUE,,PASS,57,56.5,14.32,"Triangle occurred on 2026-07-14, not within last 5 bars",2026-09-11 03:51:51 UTC
GLW,,PASS,55,54.5,163.12,Run-up triggered but EMA stack failed on run-up top (EMA10>EMA20>EMA50),2026-09-11 03:51:51 UTC
GLXY,,PASS,31,30.9,24.13,Breakout seen but no run-up trigger (pullback/run-up thresholds not met),2026-09-11 03:51:51 UTC
GLYC,,PASS,38,38.4,19.46,"Triangle occurred on 2026-05-01, not within last 5 bars",2026-09-11 03:51:51 UTC
GM,,PASS,0,,86.12,Breakout seen but no run-up trigger (pullback/run-up thresholds not met),2026-09-11 03:51:51 UTC
GMAB,,PASS,0,,32.23,Breakout seen but no run-up trigger (pullback/run-up thresholds not met),2026-09-11 03:51:51 UTC
GME,,PASS,40,39.5,20.39,Breakout seen but no run-up trigger (pullback/run-up thresholds not met),2026-09-11 03:51:51 UTC
GME.WT,,PASS,99,98.6,2.32,Run-up triggered but EMA stack failed on run-up top (EMA10>EMA20>EMA50),2026-09-11 03:51:51 UTC
GMED,,PASS,46,46.5,73.56,Breakout seen but no run-up trigger (pullback/run-up thresholds not met),2026-09-11 03:51:51 UTC
GMEX,,PASS,0,,0.52,Price below minimum ($2.00),2026-09-11 03:51:51 UTC
GMGI,,PASS,0,,,**symbol** not found: GMGI. Please specify it correctly according to API Documentation.,2026-09-11 03:51:51 UTC
GMRS,,PASS,0,,,Not enough daily data,2026-09-11 03:51:51 UTC
GMTL,,PASS,0,,,Not enough daily data,2026-09-11 03:51:51 UTC
GMTX,,PASS,64,64.4,76.51,Breakout seen but no run-up trigger (pullback/run-up thresholds not met),2026-09-11 03:51:51 UTC
GNE,,PASS,94,94.5,15.69,Breakout seen but no run-up trigger (pullback/run-up thresholds not met),2026-09-11 03:51:51 UTC
GNK,,PASS,32,32.0,26.75,Breakout seen but no run-up trigger (pullback/run-up thresholds not met),2026-09-11 03:51:51 UTC
GNL,,PASS,0,,9.08,Breakout seen but no run-up trigger (pullback/run-up thresholds not met),2026-09-11 03:51:51 UTC
GNLN,,PASS,113,113.1,2.58,Run-up triggered but EMA stack failed on run-up top (EMA10>EMA20>EMA50),2026-09-11 03:51:51 UTC
GNLX,,PASS,31,30.9,2.48,Run-up triggered but EMA stack failed on run-up top (EMA10>EMA20>EMA50),2026-09-11 03:51:51 UTC
GNMX,,PASS,14550,14549.6,34.4,Breakout seen but no run-up trigger (pullback/run-up thresholds not met),2026-09-11 03:51:51 UTC
GNRC,,PASS,31,31.1,181.67,Breakout seen but no run-up trigger (pullback/run-up thresholds not met),2026-09-11 03:51:51 UTC
GNSS,,PASS,0,,1.55,Price below minimum ($2.00),2026-09-11 03:51:51 UTC
GNTX,,PASS,0,,22.68,Breakout seen but no run-up trigger (pullback/run-up thresholds not met),2026-09-11 03:51:51 UTC
GNW,,PASS,0,,10.47,Breakout seen but no run-up trigger (pullback/run-up thresholds not met),2026-09-11 03:51:51 UTC
GO,,PASS,32,32.0,11.08,"Triangle occurred on 2026-06-23, not within last 5 bars",2026-09-11 03:51:51 UTC
GOAI,,PASS,74,74.0,2.93,Run-up triggered but EMA stack failed on run-up top (EMA10>EMA20>EMA50),2026-09-11 03:51:51 UTC
GOGO,,PASS,31,30.9,2.59,Breakout seen but no run-up trigger (pullback/run-up thresholds not met),2026-09-11 03:51:51 UTC
GOLD,,PASS,30,30.1,45.88,"Triangle occurred on 2026-02-18, not within last 5 bars",2026-09-11 03:51:51 UTC
GOLF,,PASS,38,38.3,85.27,"Triangle occurred on 2026-07-09, not within last 5 bars",2026-09-11 03:51:51 UTC
GOOD,,PASS,0,,12.78,Breakout seen but no run-up trigger (pullback/run-up thresholds not met),2026-09-11 03:51:51 UTC
GOOG,,PASS,30,30.0,330.39,Breakout seen but no run-up trigger (pullback/run-up thresholds not met),2026-09-11 03:51:51 UTC
GOOGL,,PASS,30,30.2,332.6,Breakout seen but no run-up trigger (pullback/run-up thresholds not met),2026-09-11 03:51:51 UTC
GOOS,,PASS,41,40.5,7.63,Breakout seen but no run-up trigger (pullback/run-up thresholds not met),2026-09-11 03:51:51 UTC
GOTU,,PASS,40,39.9,2.08,"Triangle occurred on 2025-05-28, not within last 5 bars",2026-09-11 03:51:51 UTC
GOVX,,PASS,0,,0.47,Price below minimum ($2.00),2026-09-11 03:51:51 UTC
GPAC,,PASS,188,188.3,10.06,Breakout seen but no run-up trigger (pullback/run-up thresholds not met),2026-09-11 03:51:51 UTC
GPAT,,PASS,0,,10.97,Breakout seen but no run-up trigger (pullback/run-up thresholds not met),2026-09-11 03:51:51 UTC
GPC,,PASS,0,,134.16,Breakout seen but no run-up trigger (pullback/run-up thresholds not met),2026-09-11 03:51:51 UTC
GPCO,,PASS,0,,1.65,Price below minimum ($2.00),2026-09-11 03:51:51 UTC
GPCR,,PASS,57,56.6,39.55,"Triangle occurred on 2026-07-14, not within last 5 bars",2026-09-11 03:51:51 UTC
GPGI,,PASS,33,32.6,12.9,Breakout seen but no run-up trigger (pullback/run-up thresholds not met),2026-09-11 03:51:51 UTC
GPI,,PASS,0,,281.84,Breakout seen but no run-up trigger (pullback/run-up thresholds not met),2026-09-11 03:51:51 UTC
GPK,,PASS,0,,9.39,Breakout seen but no run-up trigger (pullback/run-up thresholds not met),2026-09-11 03:51:51 UTC
GPN,,PASS,0,,88.55,Breakout seen but no run-up trigger (pullback/run-up thresholds not met),2026-09-11 03:51:51 UTC
GPOR,,PASS,0,,176.3,Breakout seen but no run-up trigger (pullback/run-up thresholds not met),2026-09-11 03:51:51 UTC
GPRE,,PASS,40,40.2,15.34,"Triangle occurred on 2026-07-29, not within last 5 bars",2026-09-11 03:51:51 UTC
GPRK,,PASS,38,37.6,11.97,"Triangle occurred on 2025-11-17, not within last 5 bars",2026-09-11 03:51:51 UTC
GPS,,PASS,32,32.2,20.91,Run-up triggered but EMA stack failed on run-up top (EMA10>EMA20>EMA50),2026-09-11 03:51:51 UTC
GPUS-D,,PASS,31,30.8,19.1,Breakout seen but no run-up trigger (pullback/run-up thresholds not met),2026-09-11 03:51:51 UTC
GPUS.PR.D,,PASS,31,30.8,19.1,Breakout seen but no run-up trigger (pullback/run-up thresholds not met),2026-09-11 03:51:51 UTC
GRAB,,PASS,37,36.8,3.01,Breakout seen but no run-up trigger (pullback/run-up thresholds not met),2026-09-11 03:51:51 UTC
GRAF,,PASS,0,,10.88,Breakout seen but no run-up trigger (pullback/run-up thresholds not met),2026-09-11 03:51:51 UTC
GRAL,,PASS,33,33.2,77.56,Breakout seen but no run-up trigger (pullback/run-up thresholds not met),2026-09-11 03:51:51 UTC
GRBK,,PASS,0,,67.5,Breakout seen but no run-up trigger (pullback/run-up thresholds not met),2026-09-11 03:51:51 UTC
GRBK.PR.A,,PASS,0,,22.23,Breakout seen but no run-up trigger (pullback/run-up thresholds not met),2026-09-11 03:51:51 UTC
GRC,,PASS,44,43.7,73.23,Breakout seen but no run-up trigger (pullback/run-up thresholds not met),2026-09-11 03:51:51 UTC
GRCE,,PASS,30,30.3,2.26,Breakout seen but no run-up trigger (pullback/run-up thresholds not met),2026-09-11 03:51:51 UTC
GRDN,,PASS,36,36.4,43.83,Breakout seen but no run-up trigger (pullback/run-up thresholds not met),2026-09-11 03:51:51 UTC
GRDX,,PASS,58,58.0,2.97,Run-up triggered but EMA stack failed on run-up top (EMA10>EMA20>EMA50),2026-09-11 03:51:51 UTC
GRFS,,PASS,0,,7.65,Breakout seen but no run-up trigger (pullback/run-up thresholds not met),2026-09-11 03:51:51 UTC
GRI,,PASS,0,,1.94,Price below minimum ($2.00),2026-09-11 03:51:51 UTC
GRIN,,PASS,0,,32.7,Breakout seen but no run-up trigger (pullback/run-up thresholds not met),2026-09-11 03:51:51 UTC
GRMN,,PASS,33,33.3,272.2,"Triangle occurred on 2026-08-24, not within last 5 bars",2026-09-11 03:51:51 UTC
GRND,,PASS,31,31.2,15.38,"Triangle occurred on 2026-08-11, not within last 5 bars",2026-09-11 03:51:51 UTC
GRNT,,PASS,0,,5.1,Breakout seen but no run-up trigger (pullback/run-up thresholds not met),2026-09-11 03:51:51 UTC
GRO,,PASS,30,30.5,2.43,Triangle on 2026-09-08 but no higher low after triangle (last 10 bars),2026-09-11 03:51:51 UTC
GROW,,PASS,48,47.8,2.9,Breakout seen but no run-up trigger (pullback/run-up thresholds not met),2026-09-11 03:51:51 UTC
GROY,,PASS,39,39.5,3.28,Triangle on 2026-09-09 but no higher low after triangle (last 10 bars),2026-09-11 03:51:51 UTC
GRPN,,PASS,32,32.2,18.28,"Triangle occurred on 2026-08-07, not within last 5 bars",2026-09-11 03:51:51 UTC
GRRR,,PASS,55,55.5,13.76,Run-up triggered but EMA stack failed on run-up top (EMA10>EMA20>EMA50),2026-09-11 03:51:51 UTC
GRVY,,PASS,0,,70.77,Breakout seen but no run-up trigger (pullback/run-up thresholds not met),2026-09-11 03:51:51 UTC
GRWG,,PASS,0,,1.57,Price below minimum ($2.00),2026-09-11 03:51:51 UTC
GS,,PASS,0,,1019.77,Breakout seen but no run-up trigger (pullback/run-up thresholds not met),2026-09-11 03:51:51 UTC
GSAT,,PASS,31,31.2,81.97,Breakout seen but no run-up trigger (pullback/run-up thresholds not met),2026-09-11 03:51:51 UTC
GSBC,,PASS,0,,79.92,Breakout seen but no run-up trigger (pullback/run-up thresholds not met),2026-09-11 03:51:51 UTC
GSBD,,PASS,0,,9.58,Breakout seen but no run-up trigger (pullback/run-up thresholds not met),2026-09-11 03:51:51 UTC
GSHD,,PASS,47,47.1,56.44,Breakout seen but no run-up trigger (pullback/run-up thresholds not met),2026-09-11 03:51:51 UTC
GSHR,,PASS,0,,10.55,Breakout seen but no run-up trigger (pullback/run-up thresholds not met),2026-09-11 03:51:51 UTC
GSIT,,PASS,40,39.8,5.31,Run-up triggered but EMA stack failed on run-up top (EMA10>EMA20>EMA50),2026-09-11 03:51:51 UTC
GSIW,,PASS,52,51.8,14.7,"Triangle occurred on 2026-06-22, not within last 5 bars",2026-09-11 03:51:51 UTC
GSK,,PASS,0,,48.12,Breakout seen but no run-up trigger (pullback/run-up thresholds not met),2026-09-11 03:51:51 UTC
GSL,,PASS,0,,45.54,Breakout seen but no run-up trigger (pullback/run-up thresholds not met),2026-09-11 03:51:51 UTC
GSM,,PASS,53,53.2,4.46,Run-up triggered but EMA stack failed on run-up top (EMA10>EMA20>EMA50),2026-09-11 03:51:51 UTC
GSRF,,PASS,0,,10.23,Breakout seen but no run-up trigger (pullback/run-up thresholds not met),2026-09-11 03:51:51 UTC
GSRFR,,PASS,0,,1.9,Price below minimum ($2.00),2026-09-11 03:51:51 UTC
GT,,PASS,37,37.3,5.54,Breakout seen but no run-up trigger (pullback/run-up thresholds not met),2026-09-11 03:51:51 UTC
GTE,,PASS,82,82.0,11.01,Breakout seen but no run-up trigger (pullback/run-up thresholds not met),2026-09-11 03:51:51 UTC
GTEN,,PASS,0,,10.55,Breakout seen but no run-up trigger (pullback/run-up thresholds not met),2026-09-11 03:51:51 UTC
GTERA,,PASS,0,,10.4,Breakout seen but no run-up trigger (pullback/run-up thresholds not met),2026-09-11 03:51:51 UTC
GTES,,PASS,39,39.2,25.63,Breakout seen but no run-up trigger (pullback/run-up thresholds not met),2026-09-11 03:51:51 UTC
GTLB,,PASS,38,38.4,47.3,"Triangle occurred on 2026-07-20, not within last 5 bars",2026-09-11 03:51:51 UTC
GTLS,,PASS,0,,,**symbol** not found: GTLS. Please specify it correctly according to API Documentation.,2026-09-11 03:51:51 UTC
GTM,,PASS,58,58.0,3.8,Run-up triggered but EMA stack failed on run-up top (EMA10>EMA20>EMA50),2026-09-11 03:51:51 UTC
GTN,,PASS,39,38.8,4.87,"Triangle occurred on 2026-09-01, not within last 5 bars",2026-09-11 03:51:51 UTC
GTN.A,,PASS,47,47.0,5.97,"Triangle occurred on 2026-05-07, not within last 5 bars",2026-09-11 03:51:51 UTC
GTX,,PASS,72,71.7,27.19,Breakout seen but no run-up trigger (pullback/run-up thresholds not met),2026-09-11 03:51:51 UTC
GTY,,PASS,0,,32.47,Breakout seen but no run-up trigger (pullback/run-up thresholds not met),2026-09-11 03:51:51 UTC
GURE,,PASS,39,38.8,3.2,Run-up triggered but EMA stack failed on run-up top (EMA10>EMA20>EMA50),2026-09-11 03:51:51 UTC
GVA,,PASS,39,38.9,115.25,Breakout seen but no run-up trigger (pullback/run-up thresholds not met),2026-09-11 03:51:51 UTC
GVH,,PASS,0,,1.0,Price below minimum ($2.00),2026-09-11 03:51:51 UTC
GWAV,,PASS,95,94.6,4.51,"Triangle occurred on 2025-07-30, not within last 5 bars",2026-09-11 03:51:51 UTC
GWRE,,PASS,31,31.2,140.09,Breakout seen but no run-up trigger (pullback/run-up thresholds not met),2026-09-11 03:51:51 UTC
GWRS,,PASS,35,34.7,8.77,Run-up triggered but no 3-consecutive EMA touch afterwards,2026-09-11 03:51:51 UTC
GWW,,PASS,0,,1271.49,Breakout seen but no run-up trigger (pullback/run-up thresholds not met),2026-09-11 03:51:51 UTC
GXO,,PASS,31,31.0,45.43,Breakout seen but no run-up trigger (pullback/run-up thresholds not met),2026-09-11 03:51:51 UTC
GYRE,,PASS,30,30.1,6.74,Breakout seen but no run-up trigger (pullback/run-up thresholds not met),2026-09-11 03:51:51 UTC
GYRO,,PASS,41,41.0,4.99,Breakout seen but no run-up trigger (pullback/run-up thresholds not met),2026-09-11 03:51:51 UTC
H,,PASS,0,,161.39,Breakout seen but no run-up trigger (pullback/run-up thresholds not met),2026-09-11 03:51:51 UTC
HACQ,,PASS,0,,,Not enough daily data,2026-09-11 03:51:51 UTC
HAE,,PASS,36,35.6,101.06,"Triangle occurred on 2026-09-02, not within last 5 bars",2026-09-11 03:51:51 UTC
HAFC,,PASS,32,32.2,31.89,Breakout seen but no run-up trigger (pullback/run-up thresholds not met),2026-09-11 03:51:51 UTC
HAFN,,PASS,41,41.3,9.36,Breakout seen but no run-up trigger (pullback/run-up thresholds not met),2026-09-11 03:51:51 UTC
HAL,,PASS,34,33.6,36.07,Breakout seen but no run-up trigger (pullback/run-up thresholds not met),2026-09-11 03:51:51 UTC
HALO,,PASS,0,,107.0,Breakout seen but no run-up trigger (pullback/run-up thresholds not met),2026-09-11 03:51:51 UTC
HAS,,PASS,36,36.3,90.16,Breakout seen but no run-up trigger (pullback/run-up thresholds not met),2026-09-11 03:51:51 UTC
HASI,,PASS,0,,37.61,Breakout seen but no run-up trigger (pullback/run-up thresholds not met),2026-09-11 03:51:51 UTC
HAVA,,PASS,0,,10.21,Breakout seen but no run-up trigger (pullback/run-up thresholds not met),2026-09-11 03:51:51 UTC
HAWK,,PASS,0,,,Not enough daily data,2026-09-11 03:51:51 UTC
HAYW,,PASS,0,,12.88,Breakout seen but no run-up trigger (pullback/run-up thresholds not met),2026-09-11 03:51:51 UTC
HBAN,,PASS,0,,16.73,Breakout seen but no run-up trigger (pullback/run-up thresholds not met),2026-09-11 03:51:51 UTC
HBB,,PASS,60,60.4,30.08,"Triangle occurred on 2026-08-27, not within last 5 bars",2026-09-11 03:51:51 UTC
HBCP,,PASS,33,33.3,69.47,Breakout seen but no run-up trigger (pullback/run-up thresholds not met),2026-09-11 03:51:51 UTC
HBIO,,PASS,42,42.1,8.15,Run-up triggered but no 3-consecutive EMA touch afterwards,2026-09-11 03:51:51 UTC
HBM,,PASS,39,38.5,26.65,Breakout seen but no run-up trigger (pullback/run-up thresholds not met),2026-09-11 03:51:51 UTC
HBNB,,PASS,49,48.6,5.0,Breakout seen but no run-up trigger (pullback/run-up thresholds not met),2026-09-11 03:51:51 UTC
HBNC,,PASS,0,,19.76,Breakout seen but no run-up trigger (pullback/run-up thresholds not met),2026-09-11 03:51:51 UTC
HBT,,PASS,0,,36.29,Breakout seen but no run-up trigger (pullback/run-up thresholds not met),2026-09-11 03:51:51 UTC
HCA,,PASS,0,,421.21,Breakout seen but no run-up trigger (pullback/run-up thresholds not met),2026-09-11 03:51:51 UTC
HCAC,,PASS,101,100.8,10.1,Breakout seen but no run-up trigger (pullback/run-up thresholds not met),2026-09-11 03:51:51 UTC
HCAI,,PASS,400,399.8,2.59,"Triangle occurred on 2026-05-20, not within last 5 bars",2026-09-11 03:51:51 UTC
HCC,,PASS,30,30.4,101.65,Breakout seen but no run-up trigger (pullback/run-up thresholds not met),2026-09-11 03:51:51 UTC
HCHL,,PASS,48,48.5,3.96,"Triangle occurred on 2026-06-04, not within last 5 bars",2026-09-11 03:51:51 UTC
HCI,,PASS,36,36.2,186.59,Breakout seen but no run-up trigger (pullback/run-up thresholds not met),2026-09-11 03:51:51 UTC
HCIC,,PASS,0,,9.99,Breakout seen but no run-up trigger (pullback/run-up thresholds not met),2026-09-11 03:51:51 UTC
HCKT,,PASS,34,34.4,10.94,Breakout seen but no run-up trigger (pullback/run-up thresholds not met),2026-09-11 03:51:51 UTC
HCM,,PASS,37,37.4,13.12,Breakout seen but no run-up trigger (pullback/run-up thresholds not met),2026-09-11 03:51:51 UTC
HCMA,,PASS,43,42.8,10.32,Breakout seen but no run-up trigger (pullback/run-up thresholds not met),2026-09-11 03:51:51 UTC
HCSG,,PASS,33,32.6,21.84,"Triangle occurred on 2026-07-10, not within last 5 bars",2026-09-11 03:51:51 UTC
HCTI,,PASS,0,,0.74,Price below minimum ($2.00),2026-09-11 03:51:51 UTC
HCWB,,PASS,621,621.0,2.43,"Triangle occurred on 2026-07-16, not within last 5 bars",2026-09-11 03:51:51 UTC
HD,,PASS,0,,305.69,Breakout seen but no run-up trigger (pullback/run-up thresholds not met),2026-09-11 03:51:51 UTC
HDB,,PASS,0,,21.84,Breakout seen but no run-up trigger (pullback/run-up thresholds not met),2026-09-11 03:51:51 UTC
HDL,,PASS,93,93.1,12.05,Breakout seen but no run-up trigger (pullback/run-up thresholds not met),2026-09-11 03:51:51 UTC
HDSN,,PASS,63,62.8,5.35,Breakout seen but no run-up trigger (pullback/run-up thresholds not met),2026-09-11 03:51:51 UTC
HE,,PASS,55,54.9,10.47,Breakout seen but no run-up trigger (pullback/run-up thresholds not met),2026-09-11 03:51:51 UTC
HEI,,PASS,0,,312.49,Breakout seen but no run-up trigger (pullback/run-up thresholds not met),2026-09-11 03:51:51 UTC
HEI.A,,PASS,0,,232.34,Breakout seen but no run-up trigger (pullback/run-up thresholds not met),2026-09-11 03:51:51 UTC
HELE,,PASS,95,95.2,26.5,Breakout seen but no run-up trigger (pullback/run-up thresholds not met),2026-09-11 03:51:51 UTC
HELP,,PASS,96,95.5,12.84,"Triangle occurred on 2026-09-02, not within last 5 bars",2026-09-11 03:51:51 UTC
HEPS,,PASS,44,43.5,2.64,Breakout seen but no run-up trigger (pullback/run-up thresholds not met),2026-09-11 03:51:51 UTC
HERE,,PASS,0,,1.88,Price below minimum ($2.00),2026-09-11 03:51:51 UTC
HESM,,PASS,0,,40.2,Breakout seen but no run-up trigger (pullback/run-up thresholds not met),2026-09-11 03:51:51 UTC
HFBL,,PASS,0,,25.94,Breakout seen but no run-up trigger (pullback/run-up thresholds not met),2026-09-11 03:51:51 UTC
HFFG,,PASS,0,,1.69,Price below minimum ($2.00),2026-09-11 03:51:51 UTC
HFRO.PR.B,,PASS,0,,16.45,Breakout seen but no run-up trigger (pullback/run-up thresholds not met),2026-09-11 03:51:51 UTC
HFWA,,PASS,0,,28.41,Breakout seen but no run-up trigger (pullback/run-up thresholds not met),2026-09-11 03:51:51 UTC
HG,,PASS,0,,34.9,Breakout seen but no run-up trigger (pullback/run-up thresholds not met),2026-09-11 03:51:51 UTC
HGTY,,PASS,0,,13.49,Breakout seen but no run-up trigger (pullback/run-up thresholds not met),2026-09-11 03:51:51 UTC
HGV,,PASS,33,33.4,39.2,Breakout seen but no run-up trigger (pullback/run-up thresholds not met),2026-09-11 03:51:51 UTC
HHH,,PASS,0,,61.63,Breakout seen but no run-up trigger (pullback/run-up thresholds not met),2026-09-11 03:51:51 UTC
HHS,,PASS,110,110.3,4.28,Run-up triggered but no 3-consecutive EMA touch afterwards,2026-09-11 03:51:51 UTC
HIFS,,PASS,33,32.7,308.39,Breakout seen but no run-up trigger (pullback/run-up thresholds not met),2026-09-11 03:51:51 UTC
HIG,,PASS,0,,136.8,Breakout seen but no run-up trigger (pullback/run-up thresholds not met),2026-09-11 03:51:51 UTC
HII,,PASS,0,,281.67,Breakout seen but no run-up trigger (pullback/run-up thresholds not met),2026-09-11 03:51:51 UTC
HIMS,,PASS,42,41.7,27.44,Breakout seen but no run-up trigger (pullback/run-up thresholds not met),2026-09-11 03:51:51 UTC
HIMX,,PASS,45,44.9,13.78,"Triangle occurred on 2026-06-09, not within last 5 bars",2026-09-11 03:51:51 UTC
HIND,,PASS,31,31.2,2.1,Breakout seen but no run-up trigger (pullback/run-up thresholds not met),2026-09-11 03:51:51 UTC
HIPO,,PASS,53,53.1,32.06,Breakout seen but no run-up trigger (pullback/run-up thresholds not met),2026-09-11 03:51:51 UTC
HITI,,PASS,72,72.4,2.56,Breakout seen but no run-up trigger (pullback/run-up thresholds not met),2026-09-11 03:51:51 UTC
HIVE,,PASS,87,87.3,2.99,"Triangle occurred on 2026-06-09, not within last 5 bars",2026-09-11 03:51:51 UTC
HIW,,PASS,0,,30.44,Breakout seen but no run-up trigger (pullback/run-up thresholds not met),2026-09-11 03:51:51 UTC
HJLI,,PASS,4480,4479.8,11.12,Breakout seen but no run-up trigger (pullback/run-up thresholds not met),2026-09-11 03:51:51 UTC
HKD,,PASS,0,,1.7,Price below minimum ($2.00),2026-09-11 03:51:51 UTC
HL,,PASS,57,57.4,20.02,"Triangle occurred on 2026-09-02, not within last 5 bars",2026-09-11 03:51:51 UTC
HLF,,PASS,31,30.7,12.28,Breakout seen but no run-up trigger (pullback/run-up thresholds not met),2026-09-11 03:51:51 UTC
HLI,,PASS,0,,135.97,Breakout seen but no run-up trigger (pullback/run-up thresholds not met),2026-09-11 03:51:51 UTC
HLIO,,PASS,30,30.2,68.06,Breakout seen but no run-up trigger (pullback/run-up thresholds not met),2026-09-11 03:51:51 UTC
HLIT,,PASS,44,44.1,11.64,Run-up triggered but EMA stack failed on run-up top (EMA10>EMA20>EMA50),2026-09-11 03:51:51 UTC
HLLY,,PASS,38,37.9,2.62,"Triangle occurred on 2026-08-24, not within last 5 bars",2026-09-11 03:51:51 UTC
HLMN,,PASS,38,37.7,6.98,Breakout seen but no run-up trigger (pullback/run-up thresholds not met),2026-09-11 03:51:51 UTC
HLN,,PASS,0,,9.22,Breakout seen but no run-up trigger (pullback/run-up thresholds not met),2026-09-11 03:51:51 UTC
HLNE,,PASS,36,35.9,95.79,"Triangle occurred on 2026-09-02, not within last 5 bars",2026-09-11 03:51:51 UTC
HLSCF,,PASS,0,,,**symbol** not found: HLSCF. Please specify it correctly according to API Documentation.,2026-09-11 03:51:51 UTC
HLT,,PASS,0,,306.24,Breakout seen but no run-up trigger (pullback/run-up thresholds not met),2026-09-11 03:51:51 UTC
HLX,,PASS,30,30.1,9.2,Breakout seen but no run-up trigger (pullback/run-up thresholds not met),2026-09-11 03:51:51 UTC
HLXC,,PASS,0,,10.8,Breakout seen but no run-up trigger (pullback/run-up thresholds not met),2026-09-11 03:51:51 UTC
HMC,,PASS,0,,31.62,Breakout seen but no run-up trigger (pullback/run-up thresholds not met),2026-09-11 03:51:51 UTC
HMH,,PASS,0,,,Not enough daily data,2026-09-11 03:51:51 UTC
HMN,,PASS,0,,49.53,Breakout seen but no run-up trigger (pullback/run-up thresholds not met),2026-09-11 03:51:51 UTC
HMR,,PASS,0,,1.24,Price below minimum ($2.00),2026-09-11 03:51:51 UTC
HMST,,PASS,40,39.7,15.43,Breakout seen but no run-up trigger (pullback/run-up thresholds not met),2026-09-11 03:51:51 UTC
HMY,,WATCH,56,55.7,20.19,"Triangle on 2026-09-08 (last 5 bars) + higher low after; EMA10 touched 3 bars; breakout 2026-08-21, top 2026-08-24, pullback-trigger 2026-08-26",2026-09-11 03:51:51 UTC
HNGE,,PASS,30,30.4,88.26,"Triangle occurred on 2026-09-01, not within last 5 bars",2026-09-11 03:51:51 UTC
HNI,,PASS,32,31.9,46.3,Breakout seen but no run-up trigger (pullback/run-up thresholds not met),2026-09-11 03:51:51 UTC
HNNA,,PASS,33,33.5,10.17,Breakout seen but no run-up trigger (pullback/run-up thresholds not met),2026-09-11 03:51:51 UTC
HNRG,,PASS,48,48.1,15.6,Breakout seen but no run-up trigger (pullback/run-up thresholds not met),2026-09-11 03:51:51 UTC
HNST,,PASS,63,63.1,5.31,"Triangle occurred on 2026-08-19, not within last 5 bars",2026-09-11 03:51:51 UTC
HNVR,,PASS,37,36.6,27.52,Breakout seen but no run-up trigger (pullback/run-up thresholds not met),2026-09-11 03:51:51 UTC
HOFT,,PASS,36,36.2,12.57,Breakout seen but no run-up trigger (pullback/run-up thresholds not met),2026-09-11 03:51:51 UTC
HOG,,PASS,44,44.4,26.96,Breakout seen but no run-up trigger (pullback/run-up thresholds not met),2026-09-11 03:51:51 UTC
HOLO,,PASS,0,,1.6,Price below minimum ($2.00),2026-09-11 03:51:51 UTC
HOMB,,PASS,0,,29.77,Breakout seen but no run-up trigger (pullback/run-up thresholds not met),2026-09-11 03:51:51 UTC
HON,,PASS,0,,202.18,Breakout seen but no run-up trigger (pullback/run-up thresholds not met),2026-09-11 03:51:51 UTC
HOOD,,PASS,43,42.5,113.33,Breakout seen but no run-up trigger (pullback/run-up thresholds not met),2026-09-11 03:51:51 UTC
HOPE,,PASS,0,,13.95,Breakout seen but no run-up trigger (pullback/run-up thresholds not met),2026-09-11 03:51:51 UTC
HOUR,,PASS,0,,1.85,Price below minimum ($2.00),2026-09-11 03:51:51 UTC
HOV,,PASS,38,37.8,113.29,"Triangle occurred on 2026-07-14, not within last 5 bars",2026-09-11 03:51:51 UTC
HOVR,,PASS,0,,1.62,Price below minimum ($2.00),2026-09-11 03:51:51 UTC
HP,,PASS,35,35.3,44.56,Breakout seen but no run-up trigger (pullback/run-up thresholds not met),2026-09-11 03:51:51 UTC
HPE,,PASS,47,46.5,55.22,"Triangle occurred on 2026-08-21, not within last 5 bars",2026-09-11 03:51:51 UTC
HPE-C,,PASS,42,42.3,141.71,"Triangle occurred on 2026-08-27, not within last 5 bars",2026-09-11 03:51:51 UTC
HPK,,PASS,30,30.1,8.58,"Triangle occurred on 2026-08-14, not within last 5 bars",2026-09-11 03:51:51 UTC
HPP,,PASS,51,51.0,11.88,Breakout seen but no run-up trigger (pullback/run-up thresholds not met),2026-09-11 03:51:51 UTC
HPQ,,PASS,45,45.1,32.73,Breakout seen but no run-up trigger (pullback/run-up thresholds not met),2026-09-11 03:51:51 UTC
HQ,,PASS,75,75.0,15.45,Run-up triggered but EMA stack failed on run-up top (EMA10>EMA20>EMA50),2026-09-11 03:51:51 UTC
HQI,,PASS,57,56.9,15.84,"Triangle occurred on 2026-08-31, not within last 5 bars",2026-09-11 03:51:51 UTC
HQY,,PASS,0,,94.55,Breakout seen but no run-up trigger (pullback/run-up thresholds not met),2026-09-11 03:51:51 UTC
HR,,PASS,0,,18.88,Breakout seen but no run-up trigger (pullback/run-up thresholds not met),2026-09-11 03:51:51 UTC
HRB,,PASS,32,32.0,44.88,"Triangle occurred on 2026-09-01, not within last 5 bars",2026-09-11 03:51:51 UTC
HRI,,PASS,32,32.2,142.04,Breakout seen but no run-up trigger (pullback/run-up thresholds not met),2026-09-11 03:51:51 UTC
HRL,,PASS,0,,20.84,Breakout seen but no run-up trigger (pullback/run-up thresholds not met),2026-09-11 03:51:51 UTC
HRMY,,PASS,33,32.8,41.1,Breakout seen but no run-up trigger (pullback/run-up thresholds not met),2026-09-11 03:51:51 UTC
HROW,,PASS,37,37.1,36.58,Breakout seen but no run-up trigger (pullback/run-up thresholds not met),2026-09-11 03:51:51 UTC
HRTG,,WATCH,42,42.0,34.53,"Triangle on 2026-09-09 (last 5 bars) + higher low after; EMA10 touched 3 bars; breakout 2026-08-06, top 2026-08-06, pullback-trigger 2026-08-07",2026-09-11 03:51:51 UTC
HRYU,,PASS,61,61.3,2.15,"Triangle occurred on 2026-02-11, not within last 5 bars",2026-09-11 03:51:51 UTC
HRZN,,PASS,0,,4.85,Breakout seen but no run-up trigger (pullback/run-up thresholds not met),2026-09-11 03:51:51 UTC
HSAI,,PASS,37,36.5,17.4,Run-up triggered but EMA stack failed on run-up top (EMA10>EMA20>EMA50),2026-09-11 03:51:51 UTC
HSAQ,,PASS,63,62.6,5.81,Breakout seen but no run-up trigger (pullback/run-up thresholds not met),2026-09-11 03:51:51 UTC
HSBC,,PASS,0,,103.7,Breakout seen but no run-up trigger (pullback/run-up thresholds not met),2026-09-11 03:51:51 UTC
HSCS,,PASS,125,125.4,3.51,"Triangle occurred on 2025-07-15, not within last 5 bars",2026-09-11 03:51:51 UTC
HSDT,,WATCH,53,53.1,2.15,"Triangle on 2026-09-03 (last 5 bars) + higher low after; EMA10 touched 3 bars; breakout 2026-08-27, top 2026-08-27, pullback-trigger 2026-08-28",2026-09-11 03:51:51 UTC
HSHP,,PASS,48,48.0,17.95,Breakout seen but no run-up trigger (pullback/run-up thresholds not met),2026-09-11 03:51:51 UTC
HSIC,,PASS,0,,87.3,Breakout seen but no run-up trigger (pullback/run-up thresholds not met),2026-09-11 03:51:51 UTC
HSLV,,PASS,36,36.4,5.71,Breakout seen but no run-up trigger (pullback/run-up thresholds not met),2026-09-11 03:51:51 UTC
HSPT,,PASS,0,,,**symbol** not found: HSPT. Please specify it correctly according to API Documentation.,2026-09-11 03:51:51 UTC
HST,,PASS,0,,22.14,Breakout seen but no run-up trigger (pullback/run-up thresholds not met),2026-09-11 03:51:51 UTC
HSTM,,PASS,0,,28.88,Breakout seen but no run-up trigger (pullback/run-up thresholds not met),2026-09-11 03:51:51 UTC
HSY,,PASS,0,,174.34,Breakout seen but no run-up trigger (pullback/run-up thresholds not met),2026-09-11 03:51:51 UTC
HTB,,PASS,0,,48.76,Breakout seen but no run-up trigger (pullback/run-up thresholds not met),2026-09-11 03:51:51 UTC
HTBI,,PASS,0,,48.76,Breakout seen but no run-up trigger (pullback/run-up thresholds not met),2026-09-11 03:51:51 UTC
HTCO,,PASS,489,489.5,2.54,"Triangle occurred on 2026-04-28, not within last 5 bars",2026-09-11 03:51:51 UTC
HTCR,,PASS,56,55.6,2.06,Run-up triggered but EMA stack failed on run-up top (EMA10>EMA20>EMA50),2026-09-11 03:51:51 UTC
HTFL,,PASS,114,114.5,45.49,Triangle on 2026-09-10 but no higher low after triangle (last 10 bars),2026-09-11 03:51:51 UTC
HTGC,,PASS,0,,17.39,Breakout seen but no run-up trigger (pullback/run-up thresholds not met),2026-09-11 03:51:51 UTC
HTH,,PASS,0,,38.9,Breakout seen but no run-up trigger (pullback/run-up thresholds not met),2026-09-11 03:51:51 UTC
HTHT,,PASS,52,52.0,43.01,Breakout seen but no run-up trigger (pullback/run-up thresholds not met),2026-09-11 03:51:51 UTC
HTIBP,,PASS,0,,25.31,Breakout seen but no run-up trigger (pullback/run-up thresholds not met),2026-09-11 03:51:51 UTC
HTLD,,PASS,38,38.3,12.19,"Triangle occurred on 2026-07-01, not within last 5 bars",2026-09-11 03:51:51 UTC
HTLM,,PASS,0,,1.78,Price below minimum ($2.00),2026-09-11 03:51:51 UTC
HTO,,PASS,0,,63.03,Breakout seen but no run-up trigger (pullback/run-up thresholds not met),2026-09-11 03:51:51 UTC
HTOO,,PASS,45,45.5,2.43,"Triangle occurred on 2026-06-05, not within last 5 bars",2026-09-11 03:51:51 UTC
HTT,,PASS,50,49.8,2.54,Breakout seen but no run-up trigger (pullback/run-up thresholds not met),2026-09-11 03:51:51 UTC
HTZ,,PASS,103,103.1,2.05,Run-up triggered but EMA stack failed on run-up top (EMA10>EMA20>EMA50),2026-09-11 03:51:51 UTC
HUBB,,PASS,0,,452.41,Breakout seen but no run-up trigger (pullback/run-up thresholds not met),2026-09-11 03:51:51 UTC
HUBG,,PASS,37,37.4,35.67,Breakout seen but no run-up trigger (pullback/run-up thresholds not met),2026-09-11 03:51:51 UTC
HUBS,,PASS,43,43.2,223.55,Triangle on 2026-09-09 but no higher low after triangle (last 10 bars),2026-09-11 03:51:51 UTC
HUHU,,PASS,30,30.1,4.07,"Triangle occurred on 2026-06-12, not within last 5 bars",2026-09-11 03:51:51 UTC
HUIZ,,PASS,0,,1.59,Price below minimum ($2.00),2026-09-11 03:51:51 UTC
HUM,,PASS,80,79.9,400.73,Breakout seen but no run-up trigger (pullback/run-up thresholds not met),2026-09-11 03:51:51 UTC
HUN,,PASS,34,34.4,9.53,Breakout seen but no run-up trigger (pullback/run-up thresholds not met),2026-09-11 03:51:51 UTC
HURA,,PASS,48,48.1,2.03,"Triangle occurred on 2026-06-30, not within last 5 bars",2026-09-11 03:51:51 UTC
HURC,,PASS,45,44.8,22.59,"Triangle occurred on 2026-07-06, not within last 5 bars",2026-09-11 03:51:51 UTC
HURN,,WATCH,60,59.9,149.43,"Triangle on 2026-09-03 (last 5 bars) + higher low after; EMA10 touched 3 bars; breakout 2026-07-29, top 2026-07-29, pullback-trigger 2026-07-30",2026-09-11 03:51:51 UTC
HUSN,,PASS,0,,0.98,Price below minimum ($2.00),2026-09-11 03:51:51 UTC
HUT,,PASS,35,35.2,90.6,Run-up triggered but EMA stack failed on run-up top (EMA10>EMA20>EMA50),2026-09-11 03:51:51 UTC
HUYA,,PASS,53,52.6,2.04,"Triangle occurred on 2026-02-17, not within last 5 bars",2026-09-11 03:51:51 UTC
HVII,,PASS,93,92.8,10.56,Run-up triggered but EMA stack failed on run-up top (EMA10>EMA20>EMA50),2026-09-11 03:51:51 UTC
HVMC,,PASS,0,,10.25,Breakout seen but no run-up trigger (pullback/run-up thresholds not met),2026-09-11 03:51:51 UTC
HVT,,PASS,0,,27.31,Breakout seen but no run-up trigger (pullback/run-up thresholds not met),2026-09-11 03:51:51 UTC
HVT.A,,PASS,31,31.0,28.61,Breakout seen but no run-up trigger (pullback/run-up thresholds not met),2026-09-11 03:51:51 UTC
HWBK,,PASS,0,,39.86,Breakout seen but no run-up trigger (pullback/run-up thresholds not met),2026-09-11 03:51:51 UTC
HWC,,PASS,0,,74.4,Breakout seen but no run-up trigger (pullback/run-up thresholds not met),2026-09-11 03:51:51 UTC
HWKN,,PASS,30,30.5,122.63,Breakout seen but no run-up trigger (pullback/run-up thresholds not met),2026-09-11 03:51:51 UTC
HWM,,PASS,0,,227.91,Breakout seen but no run-up trigger (pullback/run-up thresholds not met),2026-09-11 03:51:51 UTC
HXL,,PASS,0,,89.82,Breakout seen but no run-up trigger (pullback/run-up thresholds not met),2026-09-11 03:51:51 UTC
HY,,PASS,30,30.2,34.04,Breakout seen but no run-up trigger (pullback/run-up thresholds not met),2026-09-11 03:51:51 UTC
HYFT,,PASS,0,,1.32,Price below minimum ($2.00),2026-09-11 03:51:51 UTC
HYLN,,PASS,32,32.2,3.82,"Triangle occurred on 2026-08-06, not within last 5 bars",2026-09-11 03:51:51 UTC
HYMC,,PASS,60,60.1,21.39,Run-up triggered but EMA stack failed on run-up top (EMA10>EMA20>EMA50),2026-09-11 03:51:51 UTC
HYNE,,PASS,0,,16.55,Breakout seen but no run-up trigger (pullback/run-up thresholds not met),2026-09-11 03:51:51 UTC
HYPD,,WATCH,43,43.4,3.59,"Triangle on 2026-09-03 (last 5 bars) + higher low after; EMA20 touched 3 bars; breakout 2026-08-27, top 2026-08-27, pullback-trigger 2026-08-28",2026-09-11 03:51:51 UTC
HZO,,PASS,32,31.8,52.2,Breakout seen but no run-up trigger (pullback/run-up thresholds not met),2026-09-11 03:51:51 UTC
IAC,,PASS,0,,37.54,Breakout seen but no run-up trigger (pullback/run-up thresholds not met),2026-09-11 03:51:51 UTC
IACC,,PASS,0,,10.04,Breakout seen but no run-up trigger (pullback/run-up thresholds not met),2026-09-11 03:51:51 UTC
IACO,,PASS,0,,,Not enough daily data,2026-09-11 03:51:51 UTC
IAG,,PASS,41,40.9,20.09,Breakout seen but no run-up trigger (pullback/run-up thresholds not met),2026-09-11 03:51:51 UTC
IART,,PASS,31,30.7,15.54,Breakout seen but no run-up trigger (pullback/run-up thresholds not met),2026-09-11 03:51:51 UTC
IAUX,,PASS,0,,1.73,Price below minimum ($2.00),2026-09-11 03:51:51 UTC
IBAC,,PASS,0,,10.92,Breakout seen but no run-up trigger (pullback/run-up thresholds not met),2026-09-11 03:51:51 UTC
IBCP,,PASS,0,,37.15,Breakout seen but no run-up trigger (pullback/run-up thresholds not met),2026-09-11 03:51:51 UTC
IBEX,,PASS,50,50.0,37.26,Breakout seen but no run-up trigger (pullback/run-up thresholds not met),2026-09-11 03:51:51 UTC
IBIO,,PASS,0,,1.23,Price below minimum ($2.00),2026-09-11 03:51:51 UTC
IBKR,,PASS,32,31.5,89.42,Breakout seen but no run-up trigger (pullback/run-up thresholds not met),2026-09-11 03:51:51 UTC
IBM,,PASS,53,53.4,234.02,Breakout seen but no run-up trigger (pullback/run-up thresholds not met),2026-09-11 03:51:51 UTC
IBN,,PASS,0,,28.85,Breakout seen but no run-up trigger (pullback/run-up thresholds not met),2026-09-11 03:51:51 UTC
IBOC,,PASS,0,,71.04,Breakout seen but no run-up trigger (pullback/run-up thresholds not met),2026-09-11 03:51:51 UTC
IBP,,PASS,42,41.6,201.72,Breakout seen but no run-up trigger (pullback/run-up thresholds not met),2026-09-11 03:51:51 UTC
IBRX,,PASS,44,43.6,7.72,Breakout seen but no run-up trigger (pullback/run-up thresholds not met),2026-09-11 03:51:51 UTC
IBTA,,PASS,56,56.0,40.16,Breakout seen but no run-up trigger (pullback/run-up thresholds not met),2026-09-11 03:51:51 UTC
ICCC,,PASS,31,30.8,9.91,"Triangle occurred on 2026-07-17, not within last 5 bars",2026-09-11 03:51:51 UTC
ICE,,PASS,0,,155.81,Breakout seen but no run-up trigger (pullback/run-up thresholds not met),2026-09-11 03:51:51 UTC
ICFI,,PASS,31,31.2,85.75,Breakout seen but no run-up trigger (pullback/run-up thresholds not met),2026-09-11 03:51:51 UTC
ICHR,,PASS,31,31.2,55.77,"Triangle occurred on 2026-07-14, not within last 5 bars",2026-09-11 03:51:51 UTC
ICL,,PASS,31,31.3,5.72,Breakout seen but no run-up trigger (pullback/run-up thresholds not met),2026-09-11 03:51:51 UTC
ICLK,,PASS,0,,0.99,Price below minimum ($2.00),2026-09-11 03:51:51 UTC
ICLR,,PASS,31,31.0,165.69,"Triangle occurred on 2026-07-15, not within last 5 bars",2026-09-11 03:51:51 UTC
ICU,,PASS,82,81.8,3.13,"Triangle occurred on 2026-07-16, not within last 5 bars",2026-09-11 03:51:51 UTC
ICUI,,PASS,0,,157.26,Breakout seen but no run-up trigger (pullback/run-up thresholds not met),2026-09-11 03:51:51 UTC
IDA,,PASS,0,,135.45,Breakout seen but no run-up trigger (pullback/run-up thresholds not met),2026-09-11 03:51:51 UTC
IDAI,,PASS,84,84.0,3.26,Breakout seen but no run-up trigger (pullback/run-up thresholds not met),2026-09-11 03:51:51 UTC
IDCC,,WATCH,39,39.2,346.44,"Triangle on 2026-09-08 (last 5 bars) + higher low after; EMA10 touched 3 bars; breakout 2026-08-12, top 2026-08-13, pullback-trigger 2026-08-27",2026-09-11 03:51:51 UTC
IDN,,PASS,68,68.3,2.6,Breakout seen but no run-up trigger (pullback/run-up thresholds not met),2026-09-11 03:51:51 UTC
IDR,,PASS,33,33.2,30.59,Run-up triggered but EMA stack failed on run-up top (EMA10>EMA20>EMA50),2026-09-11 03:51:51 UTC
IDT,,PASS,30,30.3,69.42,Breakout seen but no run-up trigger (pullback/run-up thresholds not met),2026-09-11 03:51:51 UTC
IDXX,,PASS,36,35.7,506.53,Breakout seen but no run-up trigger (pullback/run-up thresholds not met),2026-09-11 03:51:51 UTC
IDYA,,PASS,43,42.5,37.45,Breakout seen but no run-up trigger (pullback/run-up thresholds not met),2026-09-11 03:51:51 UTC
IE,,PASS,34,33.9,10.35,Breakout seen but no run-up trigger (pullback/run-up thresholds not met),2026-09-11 03:51:51 UTC
IEAG,,PASS,0,,10.22,Breakout seen but no run-up trigger (pullback/run-up thresholds not met),2026-09-11 03:51:51 UTC
IESC,,PASS,65,64.6,319.52,"Triangle occurred on 2026-08-21, not within last 5 bars",2026-09-11 03:51:51 UTC
IEX,,PASS,0,,221.46,Breakout seen but no run-up trigger (pullback/run-up thresholds not met),2026-09-11 03:51:51 UTC
IFF,,PASS,0,,84.05,Breakout seen but no run-up trigger (pullback/run-up thresholds not met),2026-09-11 03:51:51 UTC
IFIN,,PASS,39,38.5,3.58,"Triangle occurred on 2026-08-25, not within last 5 bars",2026-09-11 03:51:51 UTC
IFRX,,PASS,37,36.6,2.05,Breakout seen but no run-up trigger (pullback/run-up thresholds not met),2026-09-11 03:51:51 UTC
IFS,,PASS,0,,54.67,Breakout seen but no run-up trigger (pullback/run-up thresholds not met),2026-09-11 03:51:51 UTC
IGAC,,PASS,0,,10.05,Breakout seen but no run-up trigger (pullback/run-up thresholds not met),2026-09-11 03:51:51 UTC
IGIC,,PASS,0,,26.02,Breakout seen but no run-up trigger (pullback/run-up thresholds not met),2026-09-11 03:51:51 UTC
IGT,,PASS,0,,10.66,Breakout seen but no run-up trigger (pullback/run-up thresholds not met),2026-09-11 03:51:51 UTC
IH,,PASS,0,,1.2,Price below minimum ($2.00),2026-09-11 03:51:51 UTC
IHG,,PASS,0,,152.77,Breakout seen but no run-up trigger (pullback/run-up thresholds not met),2026-09-11 03:51:51 UTC
IHRT,,PASS,69,68.6,2.72,"Triangle occurred on 2026-05-14, not within last 5 bars",2026-09-11 03:51:51 UTC
IHS,,PASS,35,34.8,8.47,Breakout seen but no run-up trigger (pullback/run-up thresholds not met),2026-09-11 03:51:51 UTC
III,,PASS,42,42.2,5.07,"Triangle occurred on 2026-08-21, not within last 5 bars",2026-09-11 03:51:51 UTC
IIIN,,PASS,67,67.2,30.45,Breakout seen but no run-up trigger (pullback/run-up thresholds not met),2026-09-11 03:51:51 UTC
IIIV,,PASS,33,33.0,15.52,Breakout seen but no run-up trigger (pullback/run-up thresholds not met),2026-09-11 03:51:51 UTC
IIPR,,PASS,0,,55.6,Breakout seen but no run-up trigger (pullback/run-up thresholds not met),2026-09-11 03:51:51 UTC
IKNA,,PASS,36,36.4,4.85,Breakout seen but no run-up trigger (pullback/run-up thresholds not met),2026-09-11 03:51:51 UTC
IKT,,PASS,44,44.2,2.33,"Triangle occurred on 2026-07-15, not within last 5 bars",2026-09-11 03:51:51 UTC
ILAG,,PASS,73,73.3,2.96,"Triangle occurred on 2026-07-16, not within last 5 bars",2026-09-11 03:51:51 UTC
ILLU,,PASS,0,,,Not enough daily data,2026-09-11 03:51:51 UTC
ILMN,,PASS,41,41.0,201.27,Breakout seen but no run-up trigger (pullback/run-up thresholds not met),2026-09-11 03:51:51 UTC
ILPT,,PASS,54,54.2,7.66,Breakout seen but no run-up trigger (pullback/run-up thresholds not met),2026-09-11 03:51:51 UTC
IMA,,PASS,36,36.4,5.01,Breakout seen but no run-up trigger (pullback/run-up thresholds not met),2026-09-11 03:51:51 UTC
IMAB,,PASS,0,,1.69,Price below minimum ($2.00),2026-09-11 03:51:51 UTC
IMAX,,PASS,39,39.3,51.35,Breakout seen but no run-up trigger (pullback/run-up thresholds not met),2026-09-11 03:51:51 UTC
IMCR,,PASS,30,30.1,33.58,Breakout seen but no run-up trigger (pullback/run-up thresholds not met),2026-09-11 03:51:51 UTC
IMDX,,PASS,106,106.4,3.98,"Triangle occurred on 2026-05-22, not within last 5 bars",2026-09-11 03:51:51 UTC
IMKTA,,PASS,0,,82.02,Breakout seen but no run-up trigger (pullback/run-up thresholds not met),2026-09-11 03:51:51 UTC
IMMR,,PASS,0,,7.36,Breakout seen but no run-up trigger (pullback/run-up thresholds not met),2026-09-11 03:51:51 UTC
IMMX,,PASS,93,92.8,12.7,Triangle on 2026-09-04 but no higher low after triangle (last 10 bars),2026-09-11 03:51:51 UTC
IMNM,,PASS,40,40.2,24.97,Breakout seen but no run-up trigger (pullback/run-up thresholds not met),2026-09-11 03:51:51 UTC
IMNN,,PASS,0,,1.45,Price below minimum ($2.00),2026-09-11 03:51:51 UTC
IMO,,PASS,0,,130.81,Breakout seen but no run-up trigger (pullback/run-up thresholds not met),2026-09-11 03:51:51 UTC
IMOS,,PASS,42,42.4,55.99,"Triangle occurred on 2026-07-17, not within last 5 bars",2026-09-11 03:51:51 UTC
IMPP,,PASS,41,41.2,5.61,Breakout seen but no run-up trigger (pullback/run-up thresholds not met),2026-09-11 03:51:51 UTC
IMRX,,PASS,35,34.7,4.57,"Triangle occurred on 2026-08-28, not within last 5 bars",2026-09-11 03:51:51 UTC
IMSR,,PASS,68,67.6,5.26,"Triangle occurred on 2026-06-09, not within last 5 bars",2026-09-11 03:51:51 UTC
IMSRW,,PASS,0,,2.08,No breakout run-up cycle found,2026-09-11 03:51:51 UTC
IMTX,,PASS,36,35.8,8.75,Breakout seen but no run-up trigger (pullback/run-up thresholds not met),2026-09-11 03:51:51 UTC
IMUX,,PASS,45,45.1,11.84,Breakout seen but no run-up trigger (pullback/run-up thresholds not met),2026-09-11 03:51:51 UTC
IMVT,,PASS,36,36.3,38.1,Breakout seen but no run-up trigger (pullback/run-up thresholds not met),2026-09-11 03:51:51 UTC
IMXI,,PASS,33,32.9,14.07,Run-up triggered but EMA stack failed on run-up top (EMA10>EMA20>EMA50),2026-09-11 03:51:51 UTC
INAB,,PASS,0,,1.1,Price below minimum ($2.00),2026-09-11 03:51:51 UTC
INAC,,PASS,0,,10.34,Breakout seen but no run-up trigger (pullback/run-up thresholds not met),2026-09-11 03:51:51 UTC
INBK,,PASS,32,32.4,29.08,Breakout seen but no run-up trigger (pullback/run-up thresholds not met),2026-09-11 03:51:51 UTC
INBS,,PASS,130,129.6,2.19,Run-up triggered but EMA stack failed on run-up top (EMA10>EMA20>EMA50),2026-09-11 03:51:51 UTC
INBX,,PASS,54,54.0,111.42,Triangle on 2026-09-10 but no higher low after triangle (last 10 bars),2026-09-11 03:51:51 UTC
INCY,,PASS,30,30.1,123.28,Breakout seen but no run-up trigger (pullback/run-up thresholds not met),2026-09-11 03:51:51 UTC
INDB,,PASS,0,,82.8,Breakout seen but no run-up trigger (pullback/run-up thresholds not met),2026-09-11 03:51:51 UTC
INDI,,PASS,72,72.4,3.31,Run-up triggered but EMA stack failed on run-up top (EMA10>EMA20>EMA50),2026-09-11 03:51:51 UTC
INDO,,PASS,162,161.5,3.17,Breakout seen but no run-up trigger (pullback/run-up thresholds not met),2026-09-11 03:51:51 UTC
INDV,,PASS,32,32.1,34.51,"Triangle occurred on 2026-07-15, not within last 5 bars",2026-09-11 03:51:51 UTC
INFQ,,PASS,61,60.9,12.96,Breakout seen but no run-up trigger (pullback/run-up thresholds not met),2026-09-11 03:51:51 UTC
INFQ.WT,,PASS,75,75.2,6.29,"Triangle occurred on 2026-08-26, not within last 5 bars",2026-09-11 03:51:51 UTC
INFU,,PASS,49,49.3,12.12,"Triangle occurred on 2026-08-25, not within last 5 bars",2026-09-11 03:51:51 UTC
INFY,,PASS,70,70.3,10.91,Breakout seen but no run-up trigger (pullback/run-up thresholds not met),2026-09-11 03:51:51 UTC
ING,,PASS,0,,36.67,Breakout seen but no run-up trigger (pullback/run-up thresholds not met),2026-09-11 03:51:51 UTC
INGM,,PASS,42,41.7,26.37,Breakout seen but no run-up trigger (pullback/run-up thresholds not met),2026-09-11 03:51:51 UTC
INGN,,PASS,34,34.2,5.18,Breakout seen but no run-up trigger (pullback/run-up thresholds not met),2026-09-11 03:51:51 UTC
INGR,,PASS,0,,101.13,Breakout seen but no run-up trigger (pullback/run-up thresholds not met),2026-09-11 03:51:51 UTC
INKT,,PASS,37,36.5,12.13,Breakout seen but no run-up trigger (pullback/run-up thresholds not met),2026-09-11 03:51:51 UTC
INLF,,PASS,36604,36603.7,3.35,Run-up triggered but EMA stack failed on run-up top (EMA10>EMA20>EMA50),2026-09-11 03:51:51 UTC
INLX,,PASS,48,47.7,5.36,Breakout seen but no run-up trigger (pullback/run-up thresholds not met),2026-09-11 03:51:51 UTC
INM,,PASS,0,,1.31,Price below minimum ($2.00),2026-09-11 03:51:51 UTC
INMD,,PASS,0,,14.77,Breakout seen but no run-up trigger (pullback/run-up thresholds not met),2026-09-11 03:51:51 UTC
INN,,PASS,0,,5.67,Breakout seen but no run-up trigger (pullback/run-up thresholds not met),2026-09-11 03:51:51 UTC
INN-F,,PASS,0,,16.68,Breakout seen but no run-up trigger (pullback/run-up thresholds not met),2026-09-11 03:51:51 UTC
INNV,,PASS,80,79.5,10.6,"Triangle occurred on 2026-07-14, not within last 5 bars",2026-09-11 03:51:51 UTC
INOD,,PASS,43,42.8,53.11,"Triangle occurred on 2026-06-08, not within last 5 bars",2026-09-11 03:51:51 UTC
INPX,,PASS,0,,1.04,Price below minimum ($2.00),2026-09-11 03:51:51 UTC
INR,,PASS,35,34.8,15.38,Run-up triggered but no 3-consecutive EMA touch afterwards,2026-09-11 03:51:51 UTC
INSE,,PASS,39,38.9,5.27,Breakout seen but no run-up trigger (pullback/run-up thresholds not met),2026-09-11 03:51:51 UTC
INSG,,PASS,56,56.3,4.28,"Triangle occurred on 2026-05-14, not within last 5 bars",2026-09-11 03:51:51 UTC
INSM,,PASS,43,42.8,127.28,Run-up triggered but EMA stack failed on run-up top (EMA10>EMA20>EMA50),2026-09-11 03:51:51 UTC
INSP,,PASS,37,37.3,68.12,Breakout seen but no run-up trigger (pullback/run-up thresholds not met),2026-09-11 03:51:51 UTC
INSW,,PASS,35,35.4,102.14,Breakout seen but no run-up trigger (pullback/run-up thresholds not met),2026-09-11 03:51:51 UTC
INTA,,PASS,62,61.9,38.04,Breakout seen but no run-up trigger (pullback/run-up thresholds not met),2026-09-11 03:51:51 UTC
INTC,,PASS,44,43.9,100.32,"Triangle occurred on 2026-06-29, not within last 5 bars",2026-09-11 03:51:51 UTC
INTG,,PASS,68,68.1,38.7,Breakout seen but no run-up trigger (pullback/run-up thresholds not met),2026-09-11 03:51:51 UTC
INTJ,,PASS,56,56.3,2.8,Run-up triggered but EMA stack failed on run-up top (EMA10>EMA20>EMA50),2026-09-11 03:51:51 UTC
INTR,,PASS,31,30.6,5.78,Breakout seen but no run-up trigger (pullback/run-up thresholds not met),2026-09-11 03:51:51 UTC
INTS,,PASS,33,32.5,4.04,Run-up triggered but EMA stack failed on run-up top (EMA10>EMA20>EMA50),2026-09-11 03:51:51 UTC
INTT,,PASS,35,35.3,11.22,"Triangle occurred on 2026-04-30, not within last 5 bars",2026-09-11 03:51:51 UTC
INTU,,PASS,34,33.7,312.77,Triangle on 2026-09-03 but no higher low after triangle (last 10 bars),2026-09-11 03:51:51 UTC
INUV,,PASS,0,,0.62,Price below minimum ($2.00),2026-09-11 03:51:51 UTC
INV,,PASS,0,,1.03,Price below minimum ($2.00),2026-09-11 03:51:51 UTC
INVA,,PASS,30,30.4,20.62,Breakout seen but no run-up trigger (pullback/run-up thresholds not met),2026-09-11 03:51:51 UTC
INVE,,PASS,51,51.4,2.64,Breakout seen but no run-up trigger (pullback/run-up thresholds not met),2026-09-11 03:51:51 UTC
INVH,,PASS,0,,27.56,Breakout seen but no run-up trigger (pullback/run-up thresholds not met),2026-09-11 03:51:51 UTC
INVO,,PASS,0,,0.96,Price below minimum ($2.00),2026-09-11 03:51:51 UTC
INVX,,PASS,32,31.7,29.69,"Triangle occurred on 2026-08-11, not within last 5 bars",2026-09-11 03:51:51 UTC
IONQ,,PASS,51,50.7,36.84,Run-up triggered but EMA stack failed on run-up top (EMA10>EMA20>EMA50),2026-09-11 03:51:51 UTC
IONR,,PASS,31,30.8,2.91,"Triangle occurred on 2026-05-19, not within last 5 bars",2026-09-11 03:51:51 UTC
IONS,,PASS,55,55.2,55.65,Breakout seen but no run-up trigger (pullback/run-up thresholds not met),2026-09-11 03:51:51 UTC
IOR,,PASS,0,,18.5,Breakout seen but no run-up trigger (pullback/run-up thresholds not met),2026-09-11 03:51:51 UTC
IOSP,,PASS,0,,93.08,Breakout seen but no run-up trigger (pullback/run-up thresholds not met),2026-09-11 03:51:51 UTC
IOT,,PASS,33,32.5,38.44,Breakout seen but no run-up trigger (pullback/run-up thresholds not met),2026-09-11 03:51:51 UTC
IOTR,,PASS,238,237.8,2.3,Run-up triggered but EMA stack failed on run-up top (EMA10>EMA20>EMA50),2026-09-11 03:51:51 UTC
IOVA,,PASS,136,136.4,8.14,"Triangle occurred on 2026-07-30, not within last 5 bars",2026-09-11 03:51:51 UTC
IP,,PASS,34,34.2,34.29,Breakout seen but no run-up trigger (pullback/run-up thresholds not met),2026-09-11 03:51:51 UTC
IPA,,PASS,0,,1.32,Price below minimum ($2.00),2026-09-11 03:51:51 UTC
IPAR,,PASS,0,,110.49,Breakout seen but no run-up trigger (pullback/run-up thresholds not met),2026-09-11 03:51:51 UTC
IPCX,,PASS,0,,3.76,Breakout seen but no run-up trigger (pullback/run-up thresholds not met),2026-09-11 03:51:51 UTC
IPEX,,PASS,0,,8.58,Breakout seen but no run-up trigger (pullback/run-up thresholds not met),2026-09-11 03:51:51 UTC
IPFX,,PASS,0,,,Not enough daily data,2026-09-11 03:51:51 UTC
IPGP,,PASS,110,110.3,78.33,"Triangle occurred on 2026-02-27, not within last 5 bars",2026-09-11 03:51:51 UTC
IPHA,,PASS,0,,1.88,Price below minimum ($2.00),2026-09-11 03:51:51 UTC
IPI,,PASS,31,30.9,40.28,Breakout seen but no run-up trigger (pullback/run-up thresholds not met),2026-09-11 03:51:51 UTC
IPM,,PASS,0,,1.87,Price below minimum ($2.00),2026-09-11 03:51:51 UTC
IPOD,,PASS,0,,,**symbol** not found: IPOD. Please specify it correctly according to API Documentation.,2026-09-11 03:51:51 UTC
IPSC,,PASS,0,,1.94,Price below minimum ($2.00),2026-09-11 03:51:51 UTC
IPST,,PASS,1227,1226.7,3.76,"Triangle occurred on 2025-10-08, not within last 5 bars",2026-09-11 03:51:51 UTC
IPW,,PASS,0,,1.7,Price below minimum ($2.00),2026-09-11 03:51:51 UTC
IPWR,,PASS,70,70.3,4.82,"Triangle occurred on 2026-06-05, not within last 5 bars",2026-09-11 03:51:51 UTC
IPX,,PASS,37,37.3,19.42,"Triangle occurred on 2026-06-05, not within last 5 bars",2026-09-11 03:51:51 UTC
IPXX,,PASS,59,58.5,16.04,Run-up triggered but EMA stack failed on run-up top (EMA10>EMA20>EMA50),2026-09-11 03:51:51 UTC
IQV,,PASS,31,30.9,257.3,Breakout seen but no run-up trigger (pullback/run-up thresholds not met),2026-09-11 03:51:51 UTC
IR,,PASS,0,,73.09,Breakout seen but no run-up trigger (pullback/run-up thresholds not met),2026-09-11 03:51:51 UTC
IRAB,,PASS,0,,10.0,Breakout seen but no run-up trigger (pullback/run-up thresholds not met),2026-09-11 03:51:51 UTC
IRAB.UN,,PASS,0,,10.31,Breakout seen but no run-up trigger (pullback/run-up thresholds not met),2026-09-11 03:51:51 UTC
IRD,,PASS,101,101.4,6.07,"Triangle occurred on 2026-04-22, not within last 5 bars",2026-09-11 03:51:51 UTC
IRDM,,PASS,41,40.8,47.03,"Triangle occurred on 2026-07-15, not within last 5 bars",2026-09-11 03:51:51 UTC
IREN,,PASS,70,70.0,43.64,Run-up triggered but EMA stack failed on run-up top (EMA10>EMA20>EMA50),2026-09-11 03:51:51 UTC
IRHO,,PASS,0,,10.06,Breakout seen but no run-up trigger (pullback/run-up thresholds not met),2026-09-11 03:51:51 UTC
IRM,,PASS,32,32.3,112.9,Breakout seen but no run-up trigger (pullback/run-up thresholds not met),2026-09-11 03:51:51 UTC
IRMD,,PASS,0,,81.87,Breakout seen but no run-up trigger (pullback/run-up thresholds not met),2026-09-11 03:51:51 UTC
IROH,,PASS,0,,,**symbol** not found: IROH. Please specify it correctly according to API Documentation.,2026-09-11 03:51:51 UTC
IRON,,PASS,64,64.4,74.14,Breakout seen but no run-up trigger (pullback/run-up thresholds not met),2026-09-11 03:51:51 UTC
IRS,,PASS,31,31.5,15.57,"Triangle occurred on 2026-06-24, not within last 5 bars",2026-09-11 03:51:51 UTC
IRT,,PASS,0,,15.23,Breakout seen but no run-up trigger (pullback/run-up thresholds not met),2026-09-11 03:51:51 UTC
IRTC,,PASS,36,35.5,112.88,"Triangle occurred on 2026-08-12, not within last 5 bars",2026-09-11 03:51:51 UTC
IRWD,,PASS,40,39.8,3.97,"Triangle occurred on 2026-07-15, not within last 5 bars",2026-09-11 03:51:51 UTC
ISBA,,PASS,48,47.5,38.91,Breakout seen but no run-up trigger (pullback/run-up thresholds not met),2026-09-11 03:51:51 UTC
ISDR,,PASS,37,37.0,5.02,Breakout seen but no run-up trigger (pullback/run-up thresholds not met),2026-09-11 03:51:51 UTC
ISENF,,PASS,36,35.7,11.07,Breakout seen but no run-up trigger (pullback/run-up thresholds not met),2026-09-11 03:51:51 UTC
ISOU,,PASS,36,35.7,11.07,Breakout seen but no run-up trigger (pullback/run-up thresholds not met),2026-09-11 03:51:51 UTC
ISPC,,PASS,0,,1.5,Price below minimum ($2.00),2026-09-11 03:51:51 UTC
ISPR,,PASS,0,,1.43,Price below minimum ($2.00),2026-09-11 03:51:51 UTC
ISRG,,PASS,0,,360.46,Breakout seen but no run-up trigger (pullback/run-up thresholds not met),2026-09-11 03:51:51 UTC
ISRL,,PASS,116,115.7,24.66,Run-up triggered but no 3-consecutive EMA touch afterwards,2026-09-11 03:51:51 UTC
ISSC,,PASS,31,30.7,18.8,"Triangle occurred on 2026-08-24, not within last 5 bars",2026-09-11 03:51:51 UTC
ISTR,,PASS,32,32.4,30.67,Breakout seen but no run-up trigger (pullback/run-up thresholds not met),2026-09-11 03:51:51 UTC
IT,,PASS,51,51.1,170.62,Breakout seen but no run-up trigger (pullback/run-up thresholds not met),2026-09-11 03:51:51 UTC
ITGR,,PASS,31,31.3,126.05,Breakout seen but no run-up trigger (pullback/run-up thresholds not met),2026-09-11 03:51:51 UTC
ITHA,,PASS,0,,10.05,Breakout seen but no run-up trigger (pullback/run-up thresholds not met),2026-09-11 03:51:51 UTC
ITIC,,PASS,0,,301.32,Breakout seen but no run-up trigger (pullback/run-up thresholds not met),2026-09-11 03:51:51 UTC
ITRG,,PASS,43,43.2,2.76,Breakout seen but no run-up trigger (pullback/run-up thresholds not met),2026-09-11 03:51:51 UTC
ITRI,,PASS,31,30.6,93.55,"Triangle occurred on 2026-08-17, not within last 5 bars",2026-09-11 03:51:51 UTC
ITRN,,PASS,34,33.9,51.75,Breakout seen but no run-up trigger (pullback/run-up thresholds not met),2026-09-11 03:51:51 UTC
ITT,,PASS,0,,196.23,Breakout seen but no run-up trigger (pullback/run-up thresholds not met),2026-09-11 03:51:51 UTC
ITUB,,PASS,0,,8.3,Breakout seen but no run-up trigger (pullback/run-up thresholds not met),2026-09-11 03:51:51 UTC
ITW,,PASS,0,,265.2,Breakout seen but no run-up trigger (pullback/run-up thresholds not met),2026-09-11 03:51:51 UTC
IVA,,PASS,41,41.5,4.14,Run-up triggered but EMA stack failed on run-up top (EMA10>EMA20>EMA50),2026-09-11 03:51:51 UTC
IVCP,,PASS,242,242.1,3.47,Breakout seen but no run-up trigger (pullback/run-up thresholds not met),2026-09-11 03:51:51 UTC
IVF,,PASS,0,,0.96,Price below minimum ($2.00),2026-09-11 03:51:51 UTC
IVR,,PASS,0,,6.91,Breakout seen but no run-up trigger (pullback/run-up thresholds not met),2026-09-11 03:51:51 UTC
IVT,,PASS,0,,32.03,Breakout seen but no run-up trigger (pullback/run-up thresholds not met),2026-09-11 03:51:51 UTC
IVZ,,PASS,33,32.5,31.93,Breakout seen but no run-up trigger (pullback/run-up thresholds not met),2026-09-11 03:51:51 UTC
IX,,PASS,0,,39.09,Breakout seen but no run-up trigger (pullback/run-up thresholds not met),2026-09-11 03:51:51 UTC
IXHL,,PASS,38,37.7,3.25,Breakout seen but no run-up trigger (pullback/run-up thresholds not met),2026-09-11 03:51:51 UTC
IZEA,,PASS,33,33.3,2.96,"Triangle occurred on 2026-04-29, not within last 5 bars",2026-09-11 03:51:51 UTC
J,,PASS,0,,140.53,Breakout seen but no run-up trigger (pullback/run-up thresholds not met),2026-09-11 03:51:51 UTC
JACK,,PASS,76,75.6,14.66,"Triangle occurred on 2026-08-18, not within last 5 bars",2026-09-11 03:51:51 UTC
JACS,,PASS,0,,10.75,Breakout seen but no run-up trigger (pullback/run-up thresholds not met),2026-09-11 03:51:51 UTC
JACS.UN,,PASS,0,,10.78,Breakout seen but no run-up trigger (pullback/run-up thresholds not met),2026-09-11 03:51:51 UTC
JAGU,,PASS,0,,1.57,Price below minimum ($2.00),2026-09-11 03:51:51 UTC
JAGX,,PASS,0,,0.32,Price below minimum ($2.00),2026-09-11 03:51:51 UTC
JAKK,,PASS,38,37.6,23.79,Breakout seen but no run-up trigger (pullback/run-up thresholds not met),2026-09-11 03:51:51 UTC
JAN,,PASS,0,,30.81,Breakout seen but no run-up trigger (pullback/run-up thresholds not met),2026-09-11 03:51:51 UTC
JANX,,PASS,30,30.2,17.68,Breakout seen but no run-up trigger (pullback/run-up thresholds not met),2026-09-11 03:51:51 UTC
JATT,,PASS,0,,,Not enough daily data,2026-09-11 03:51:51 UTC
JAZZ,,PASS,42,42.1,240.48,Breakout seen but no run-up trigger (pullback/run-up thresholds not met),2026-09-11 03:51:51 UTC
JBGS,,PASS,35,34.8,11.26,Breakout seen but no run-up trigger (pullback/run-up thresholds not met),2026-09-11 03:51:51 UTC
JBHT,,PASS,32,32.1,267.83,Breakout seen but no run-up trigger (pullback/run-up thresholds not met),2026-09-11 03:51:51 UTC
JBI,,PASS,30,30.1,4.57,Breakout seen but no run-up trigger (pullback/run-up thresholds not met),2026-09-11 03:51:51 UTC
JBIO,,PASS,115,114.8,19.14,Breakout seen but no run-up trigger (pullback/run-up thresholds not met),2026-09-11 03:51:51 UTC
JBL,,PASS,32,31.9,302.8,Run-up triggered but no 3-consecutive EMA touch afterwards,2026-09-11 03:51:51 UTC
JBLU,,PASS,36,36.4,4.39,"Triangle occurred on 2026-07-13, not within last 5 bars",2026-09-11 03:51:51 UTC
JBS,,PASS,31,31.4,12.62,Breakout seen but no run-up trigger (pullback/run-up thresholds not met),2026-09-11 03:51:51 UTC
JBSS,,PASS,0,,70.84,Breakout seen but no run-up trigger (pullback/run-up thresholds not met),2026-09-11 03:51:51 UTC
JBTM,,PASS,0,,112.4,Breakout seen but no run-up trigger (pullback/run-up thresholds not met),2026-09-11 03:51:51 UTC
JCAP,,PASS,30,30.1,21.2,Breakout seen but no run-up trigger (pullback/run-up thresholds not met),2026-09-11 03:51:51 UTC
JCI,,PASS,0,,142.81,Breakout seen but no run-up trigger (pullback/run-up thresholds not met),2026-09-11 03:51:51 UTC
JCIC,,PASS,0,,1.04,Price below minimum ($2.00),2026-09-11 03:51:51 UTC
JCTC,,PASS,38,37.8,2.93,"Triangle occurred on 2026-08-26, not within last 5 bars",2026-09-11 03:51:51 UTC
JCTCF,,PASS,38,37.8,2.93,"Triangle occurred on 2026-08-26, not within last 5 bars",2026-09-11 03:51:51 UTC
JD,,PASS,33,33.1,27.02,Breakout seen but no run-up trigger (pullback/run-up thresholds not met),2026-09-11 03:51:51 UTC
JDZG,,PASS,341,340.8,3.53,Run-up triggered but EMA stack failed on run-up top (EMA10>EMA20>EMA50),2026-09-11 03:51:51 UTC
JEF,,PASS,39,39.4,53.93,Breakout seen but no run-up trigger (pullback/run-up thresholds not met),2026-09-11 03:51:51 UTC
JELD,,WATCH,39,39.3,2.03,"Triangle on 2026-09-03 (last 5 bars) + higher low after; EMA10 touched 3 bars; breakout 2026-08-24, top 2026-08-25, pullback-trigger 2026-08-26",2026-09-11 03:51:51 UTC
JENA,,PASS,0,,10.48,Breakout seen but no run-up trigger (pullback/run-up thresholds not met),2026-09-11 03:51:51 UTC
JFB,,PASS,82,81.8,4.95,"Triangle occurred on 2026-02-06, not within last 5 bars",2026-09-11 03:51:51 UTC
JFIN,,PASS,0,,1.44,Price below minimum ($2.00),2026-09-11 03:51:51 UTC
JFU,,PASS,58,57.6,2.76,Run-up triggered but EMA stack failed on run-up top (EMA10>EMA20>EMA50),2026-09-11 03:51:51 UTC
JG,,PASS,65,65.5,6.5,"Triangle occurred on 2026-08-31, not within last 5 bars",2026-09-11 03:51:51 UTC
JHG,,PASS,0,,,**symbol** not found: JHG. Please specify it correctly according to API Documentation.,2026-09-11 03:51:51 UTC
JHX,,PASS,30,30.4,28.19,Breakout seen but no run-up trigger (pullback/run-up thresholds not met),2026-09-11 03:51:51 UTC
JILL,,PASS,0,,22.77,Breakout seen but no run-up trigger (pullback/run-up thresholds not met),2026-09-11 03:51:51 UTC
JJSF,,PASS,0,,82.56,Breakout seen but no run-up trigger (pullback/run-up thresholds not met),2026-09-11 03:51:51 UTC
JKHY,,PASS,0,,161.42,Breakout seen but no run-up trigger (pullback/run-up thresholds not met),2026-09-11 03:51:51 UTC
JKS,,PASS,52,52.0,11.68,Breakout seen but no run-up trigger (pullback/run-up thresholds not met),2026-09-11 03:51:51 UTC
JL,,PASS,52,52.2,4.95,"Triangle occurred on 2026-04-22, not within last 5 bars",2026-09-11 03:51:51 UTC
JLHL,,PASS,281,281.2,6.03,"Triangle occurred on 2026-06-11, not within last 5 bars",2026-09-11 03:51:51 UTC
JLL,,PASS,0,,342.16,Breakout seen but no run-up trigger (pullback/run-up thresholds not met),2026-09-11 03:51:51 UTC
JMG,,PASS,0,,167.0,Breakout seen but no run-up trigger (pullback/run-up thresholds not met),2026-09-11 03:51:51 UTC
JMIA,,PASS,45,45.3,7.28,Breakout seen but no run-up trigger (pullback/run-up thresholds not met),2026-09-11 03:51:51 UTC
JMSB,,PASS,0,,23.19,Breakout seen but no run-up trigger (pullback/run-up thresholds not met),2026-09-11 03:51:51 UTC
JNJ,,PASS,0,,266.35,Breakout seen but no run-up trigger (pullback/run-up thresholds not met),2026-09-11 03:51:51 UTC
JOBY,,PASS,37,36.9,6.31,Run-up triggered but EMA stack failed on run-up top (EMA10>EMA20>EMA50),2026-09-11 03:51:51 UTC
JOE,,PASS,0,,63.9,Breakout seen but no run-up trigger (pullback/run-up thresholds not met),2026-09-11 03:51:51 UTC
JOUT,,PASS,0,,44.24,Breakout seen but no run-up trigger (pullback/run-up thresholds not met),2026-09-11 03:51:51 UTC
JOYY,,PASS,33,33.4,74.83,Breakout seen but no run-up trigger (pullback/run-up thresholds not met),2026-09-11 03:51:51 UTC
JPM,,PASS,0,,353.56,Breakout seen but no run-up trigger (pullback/run-up thresholds not met),2026-09-11 03:51:51 UTC
JRSH,,PASS,67,66.9,5.27,Breakout seen but no run-up trigger (pullback/run-up thresholds not met),2026-09-11 03:51:51 UTC
JRVR,,PASS,38,37.5,3.85,Breakout seen but no run-up trigger (pullback/run-up thresholds not met),2026-09-11 03:51:51 UTC
JTAI,,PASS,0,,1.25,Price below minimum ($2.00),2026-09-11 03:51:51 UTC
JVA,,PASS,55,54.8,3.43,Breakout seen but no run-up trigger (pullback/run-up thresholds not met),2026-09-11 03:51:51 UTC
JWEL,,PASS,189,188.8,2.12,Run-up triggered but EMA stack failed on run-up top (EMA10>EMA20>EMA50),2026-09-11 03:51:51 UTC
JXG,,PASS,56,56.1,9.15,"Triangle occurred on 2026-07-17, not within last 5 bars",2026-09-11 03:51:51 UTC
JXN,,PASS,0,,138.36,Breakout seen but no run-up trigger (pullback/run-up thresholds not met),2026-09-11 03:51:51 UTC
JYNT,,PASS,37,36.7,8.03,Breakout seen but no run-up trigger (pullback/run-up thresholds not met),2026-09-11 03:51:51 UTC
KAI,,PASS,34,34.1,286.23,Breakout seen but no run-up trigger (pullback/run-up thresholds not met),2026-09-11 03:51:51 UTC
KALA,,PASS,0,,0.56,Price below minimum ($2.00),2026-09-11 03:51:51 UTC
KALU,,PASS,33,32.6,158.42,"Triangle occurred on 2026-09-02, not within last 5 bars",2026-09-11 03:51:51 UTC
KALV,,PASS,0,,,**symbol** not found: KALV. Please specify it correctly according to API Documentation.,2026-09-11 03:51:51 UTC
KAR,,PASS,31,30.7,34.77,Breakout seen but no run-up trigger (pullback/run-up thresholds not met),2026-09-11 03:51:51 UTC
KARO,,PASS,45,45.1,63.85,"Triangle occurred on 2026-08-13, not within last 5 bars",2026-09-11 03:51:51 UTC
KB,,PASS,32,31.6,126.55,Breakout seen but no run-up trigger (pullback/run-up thresholds not met),2026-09-11 03:51:51 UTC
KBDC,,PASS,0,,12.96,Breakout seen but no run-up trigger (pullback/run-up thresholds not met),2026-09-11 03:51:51 UTC
KBH,,PASS,0,,47.75,Breakout seen but no run-up trigger (pullback/run-up thresholds not met),2026-09-11 03:51:51 UTC
KBON,,PASS,0,,10.1,Breakout seen but no run-up trigger (pullback/run-up thresholds not met),2026-09-11 03:51:51 UTC
KBR,,PASS,0,,36.45,Breakout seen but no run-up trigger (pullback/run-up thresholds not met),2026-09-11 03:51:51 UTC
KC,,PASS,35,35.3,9.9,Run-up triggered but EMA stack failed on run-up top (EMA10>EMA20>EMA50),2026-09-11 03:51:51 UTC
KCHV,,PASS,0,,10.45,Breakout seen but no run-up trigger (pullback/run-up thresholds not met),2026-09-11 03:51:51 UTC
KD,,PASS,47,46.7,12.68,Breakout seen but no run-up trigger (pullback/run-up thresholds not met),2026-09-11 03:51:51 UTC
KDK,,PASS,43,43.3,3.8,"Triangle occurred on 2026-04-28, not within last 5 bars",2026-09-11 03:51:51 UTC
KDP,,PASS,0,,31.46,Breakout seen but no run-up trigger (pullback/run-up thresholds not met),2026-09-11 03:51:51 UTC
KE,,PASS,36,35.8,24.86,Breakout seen but no run-up trigger (pullback/run-up thresholds not met),2026-09-11 03:51:51 UTC
KEEL,,PASS,0,,,Not enough daily data,2026-09-11 03:51:51 UTC
KELYA,,PASS,52,52.2,15.92,"Triangle occurred on 2026-08-05, not within last 5 bars",2026-09-11 03:51:51 UTC
KELYB,,PASS,55,55.1,23.27,"Triangle occurred on 2026-02-11, not within last 5 bars",2026-09-11 03:51:51 UTC
KEN,,PASS,0,,65.15,Breakout seen but no run-up trigger (pullback/run-up thresholds not met),2026-09-11 03:51:51 UTC
KEP,,PASS,45,44.6,11.89,Breakout seen but no run-up trigger (pullback/run-up thresholds not met),2026-09-11 03:51:51 UTC
KEQU,,PASS,66,66.4,34.53,Breakout seen but no run-up trigger (pullback/run-up thresholds not met),2026-09-11 03:51:51 UTC
KEX,,PASS,32,31.9,138.59,Breakout seen but no run-up trigger (pullback/run-up thresholds not met),2026-09-11 03:51:51 UTC
KEY,,PASS,0,,21.73,Breakout seen but no run-up trigger (pullback/run-up thresholds not met),2026-09-11 03:51:51 UTC
KEY.PR.L,,PASS,0,,24.93,Breakout seen but no run-up trigger (pullback/run-up thresholds not met),2026-09-11 03:51:51 UTC
KEYS,,PASS,32,32.4,325.65,Breakout seen but no run-up trigger (pullback/run-up thresholds not met),2026-09-11 03:51:51 UTC
KFFB,,PASS,32,32.2,5.95,Breakout seen but no run-up trigger (pullback/run-up thresholds not met),2026-09-11 03:51:51 UTC
KFII,,PASS,0,,10.65,Breakout seen but no run-up trigger (pullback/run-up thresholds not met),2026-09-11 03:51:51 UTC
KFRC,,PASS,39,39.0,51.49,"Triangle occurred on 2026-07-27, not within last 5 bars",2026-09-11 03:51:51 UTC
KFS,,PASS,31,31.2,9.62,Breakout seen but no run-up trigger (pullback/run-up thresholds not met),2026-09-11 03:51:51 UTC
KFY,,PASS,0,,78.14,Breakout seen but no run-up trigger (pullback/run-up thresholds not met),2026-09-11 03:51:51 UTC
KG,,PASS,42,42.0,6.31,"Triangle occurred on 2026-03-26, not within last 5 bars",2026-09-11 03:51:51 UTC
KGC,,PASS,36,36.5,28.93,Breakout seen but no run-up trigger (pullback/run-up thresholds not met),2026-09-11 03:51:51 UTC
KGEI,,PASS,31,31.2,6.53,Breakout seen but no run-up trigger (pullback/run-up thresholds not met),2026-09-11 03:51:51 UTC
KGS,,PASS,48,48.4,62.5,Breakout seen but no run-up trigger (pullback/run-up thresholds not met),2026-09-11 03:51:51 UTC
KHC,,PASS,0,,24.39,Breakout seen but no run-up trigger (pullback/run-up thresholds not met),2026-09-11 03:51:51 UTC
KIDS,,PASS,38,38.3,21.56,Triangle on 2026-09-09 but no higher low after triangle (last 10 bars),2026-09-11 03:51:51 UTC
KIM,,PASS,0,,23.29,Breakout seen but no run-up trigger (pullback/run-up thresholds not met),2026-09-11 03:51:51 UTC
KIM.PR.N,,PASS,0,,60.75,Breakout seen but no run-up trigger (pullback/run-up thresholds not met),2026-09-11 03:51:51 UTC
KIND,,PASS,37,37.1,2.23,Breakout seen but no run-up trigger (pullback/run-up thresholds not met),2026-09-11 03:51:51 UTC
KINS,,PASS,40,40.3,19.25,Breakout seen but no run-up trigger (pullback/run-up thresholds not met),2026-09-11 03:51:51 UTC
KITT,,PASS,0,,0.64,Price below minimum ($2.00),2026-09-11 03:51:51 UTC
KKR,,PASS,0,,100.87,Breakout seen but no run-up trigger (pullback/run-up thresholds not met),2026-09-11 03:51:51 UTC
KKR.PR.D,,PASS,0,,44.77,Breakout seen but no run-up trigger (pullback/run-up thresholds not met),2026-09-11 03:51:51 UTC
KLAC,,PASS,31,30.8,177.18,"Triangle occurred on 2026-07-22, not within last 5 bars",2026-09-11 03:51:51 UTC
KLAR,,PASS,0,,13.8,Breakout seen but no run-up trigger (pullback/run-up thresholds not met),2026-09-11 03:51:51 UTC
KLC,,PASS,35,35.0,2.51,"Triangle occurred on 2026-08-07, not within last 5 bars",2026-09-11 03:51:51 UTC
KLIC,,PASS,38,38.3,82.97,Breakout seen but no run-up trigger (pullback/run-up thresholds not met),2026-09-11 03:51:51 UTC
KLRA,,PASS,0,,,Not enough daily data,2026-09-11 03:51:51 UTC
KLRS,,PASS,36,35.9,3.3,"Triangle occurred on 2026-03-03, not within last 5 bars",2026-09-11 03:51:51 UTC
KLXE,,PASS,0,,1.54,Price below minimum ($2.00),2026-09-11 03:51:51 UTC
KMB,,PASS,0,,98.48,Breakout seen but no run-up trigger (pullback/run-up thresholds not met),2026-09-11 03:51:51 UTC
KMDA,,PASS,38,38.2,7.99,Breakout seen but no run-up trigger (pullback/run-up thresholds not met),2026-09-11 03:51:51 UTC
KMI,,PASS,0,,30.95,Breakout seen but no run-up trigger (pullback/run-up thresholds not met),2026-09-11 03:51:51 UTC
KMPR,,PASS,0,,27.02,Breakout seen but no run-up trigger (pullback/run-up thresholds not met),2026-09-11 03:51:51 UTC
KMRK,,PASS,0,,0.94,Price below minimum ($2.00),2026-09-11 03:51:51 UTC
KMT,,PASS,31,31.0,29.13,Breakout seen but no run-up trigger (pullback/run-up thresholds not met),2026-09-11 03:51:51 UTC
KMTS,,PASS,31,30.7,23.57,"Triangle occurred on 2026-08-24, not within last 5 bars",2026-09-11 03:51:51 UTC
KMX,,PASS,53,53.3,60.52,Breakout seen but no run-up trigger (pullback/run-up thresholds not met),2026-09-11 03:51:51 UTC
KN,,PASS,31,30.8,35.41,Breakout seen but no run-up trigger (pullback/run-up thresholds not met),2026-09-11 03:51:51 UTC
KNF,,PASS,34,33.7,57.18,"Triangle occurred on 2026-07-17, not within last 5 bars",2026-09-11 03:51:51 UTC
KNOP,,PASS,44,44.3,11.32,Breakout seen but no run-up trigger (pullback/run-up thresholds not met),2026-09-11 03:51:51 UTC
KNSA,,PASS,38,38.1,76.48,"Triangle occurred on 2026-08-24, not within last 5 bars",2026-09-11 03:51:51 UTC
KNSL,,PASS,0,,362.7,Breakout seen but no run-up trigger (pullback/run-up thresholds not met),2026-09-11 03:51:51 UTC
KNTK,,PASS,0,,54.2,Breakout seen but no run-up trigger (pullback/run-up thresholds not met),2026-09-11 03:51:51 UTC
KNX,,PASS,40,39.6,69.03,"Triangle occurred on 2026-06-29, not within last 5 bars",2026-09-11 03:51:51 UTC
KO,,PASS,0,,87.83,Breakout seen but no run-up trigger (pullback/run-up thresholds not met),2026-09-11 03:51:51 UTC
KOD,,PASS,95,95.3,32.87,Breakout seen but no run-up trigger (pullback/run-up thresholds not met),2026-09-11 03:51:51 UTC
KODK,,PASS,38,38.0,8.93,Run-up triggered but EMA stack failed on run-up top (EMA10>EMA20>EMA50),2026-09-11 03:51:51 UTC
KOF,,PASS,0,,110.62,Breakout seen but no run-up trigger (pullback/run-up thresholds not met),2026-09-11 03:51:51 UTC
KOP,,PASS,0,,46.35,Breakout seen but no run-up trigger (pullback/run-up thresholds not met),2026-09-11 03:51:51 UTC
KOPN,,PASS,75,74.9,4.38,Run-up triggered but EMA stack failed on run-up top (EMA10>EMA20>EMA50),2026-09-11 03:51:51 UTC
KORE,,PASS,0,,0.16,Price below minimum ($2.00),2026-09-11 03:51:51 UTC
KOS,,PASS,31,31.0,2.94,Breakout seen but no run-up trigger (pullback/run-up thresholds not met),2026-09-11 03:51:51 UTC
KOSS,,PASS,71,71.1,3.4,Breakout seen but no run-up trigger (pullback/run-up thresholds not met),2026-09-11 03:51:51 UTC
KOYN,,PASS,0,,10.23,Breakout seen but no run-up trigger (pullback/run-up thresholds not met),2026-09-11 03:51:51 UTC
KPET,,PASS,0,,,Not enough daily data,2026-09-11 03:51:51 UTC
KPLT,,PASS,45,44.9,9.16,Breakout seen but no run-up trigger (pullback/run-up thresholds not met),2026-09-11 03:51:51 UTC
KPRX,,PASS,64,64.4,2.58,Breakout seen but no run-up trigger (pullback/run-up thresholds not met),2026-09-11 03:51:51 UTC
KPTI,,PASS,0,,1.62,Price below minimum ($2.00),2026-09-11 03:51:51 UTC
KR,,PASS,0,,56.95,Breakout seen but no run-up trigger (pullback/run-up thresholds not met),2026-09-11 03:51:51 UTC
KRAQ,,PASS,0,,10.04,Breakout seen but no run-up trigger (pullback/run-up thresholds not met),2026-09-11 03:51:51 UTC
KRC,,PASS,0,,34.85,Breakout seen but no run-up trigger (pullback/run-up thresholds not met),2026-09-11 03:51:51 UTC
KREF,,PASS,0,,7.12,Breakout seen but no run-up trigger (pullback/run-up thresholds not met),2026-09-11 03:51:51 UTC
KREF-A,,PASS,0,,18.05,Breakout seen but no run-up trigger (pullback/run-up thresholds not met),2026-09-11 03:51:51 UTC
KRG,,PASS,0,,25.95,Breakout seen but no run-up trigger (pullback/run-up thresholds not met),2026-09-11 03:51:51 UTC
KRKR,,PASS,30,30.0,3.15,Run-up triggered but EMA stack failed on run-up top (EMA10>EMA20>EMA50),2026-09-11 03:51:51 UTC
KRMD,,PASS,65,64.7,3.15,Breakout seen but no run-up trigger (pullback/run-up thresholds not met),2026-09-11 03:51:51 UTC
KRMN,,PASS,43,42.8,34.39,"Triangle occurred on 2026-03-23, not within last 5 bars",2026-09-11 03:51:51 UTC
KRNT,,PASS,35,34.7,15.56,"Triangle occurred on 2026-08-21, not within last 5 bars",2026-09-11 03:51:51 UTC
KRNY,,PASS,0,,9.83,Breakout seen but no run-up trigger (pullback/run-up thresholds not met),2026-09-11 03:51:51 UTC
KRO,,PASS,48,48.4,8.1,Breakout seen but no run-up trigger (pullback/run-up thresholds not met),2026-09-11 03:51:51 UTC
KROS,,PASS,35,34.6,11.17,Breakout seen but no run-up trigger (pullback/run-up thresholds not met),2026-09-11 03:51:51 UTC
KRRO,,PASS,80,80.3,13.06,Run-up triggered but EMA stack failed on run-up top (EMA10>EMA20>EMA50),2026-09-11 03:51:51 UTC
KRSP,,PASS,0,,10.52,Breakout seen but no run-up trigger (pullback/run-up thresholds not met),2026-09-11 03:51:51 UTC
KRSP.UN,,PASS,0,,10.73,Breakout seen but no run-up trigger (pullback/run-up thresholds not met),2026-09-11 03:51:51 UTC
KRT,,PASS,31,30.8,46.77,"Triangle occurred on 2026-08-24, not within last 5 bars",2026-09-11 03:51:51 UTC
KRUS,,PASS,35,34.9,41.13,Breakout seen but no run-up trigger (pullback/run-up thresholds not met),2026-09-11 03:51:51 UTC
KRYS,,PASS,34,34.2,345.55,Breakout seen but no run-up trigger (pullback/run-up thresholds not met),2026-09-11 03:51:51 UTC
KSCP,,PASS,0,,1.41,Price below minimum ($2.00),2026-09-11 03:51:51 UTC
KSPI,,PASS,38,38.2,97.15,Breakout seen but no run-up trigger (pullback/run-up thresholds not met),2026-09-11 03:51:51 UTC
KSS,,PASS,59,59.2,16.79,Breakout seen but no run-up trigger (pullback/run-up thresholds not met),2026-09-11 03:51:51 UTC
KT,,PASS,0,,19.6,Breakout seen but no run-up trigger (pullback/run-up thresholds not met),2026-09-11 03:51:51 UTC
KTB,,PASS,53,53.3,66.16,Breakout seen but no run-up trigger (pullback/run-up thresholds not met),2026-09-11 03:51:51 UTC
KTCC,,PASS,38,37.7,2.39,Breakout seen but no run-up trigger (pullback/run-up thresholds not met),2026-09-11 03:51:51 UTC
KTOS,,PASS,56,55.7,46.98,"Triangle occurred on 2026-01-23, not within last 5 bars",2026-09-11 03:51:51 UTC
KTRA,,PASS,48,48.1,2.03,"Triangle occurred on 2026-06-30, not within last 5 bars",2026-09-11 03:51:51 UTC
KTWO,,PASS,30,30.2,10.09,Breakout seen but no run-up trigger (pullback/run-up thresholds not met),2026-09-11 03:51:51 UTC
KULR,,PASS,58,58.3,2.35,"Triangle occurred on 2026-06-23, not within last 5 bars",2026-09-11 03:51:51 UTC
KURA,,PASS,58,57.6,11.57,"Triangle occurred on 2026-06-01, not within last 5 bars",2026-09-11 03:51:51 UTC
KUST,,PASS,0,,0.75,Price below minimum ($2.00),2026-09-11 03:51:51 UTC
KVAC,,PASS,0,,,**symbol** not found: KVAC. Please specify it correctly according to API Documentation.,2026-09-11 03:51:51 UTC
KVHI,,PASS,31,30.6,7.14,Breakout seen but no run-up trigger (pullback/run-up thresholds not met),2026-09-11 03:51:51 UTC
KVUE,,PASS,0,,17.79,Breakout seen but no run-up trigger (pullback/run-up thresholds not met),2026-09-11 03:51:51 UTC
KVYO,,PASS,42,41.9,16.13,Breakout seen but no run-up trigger (pullback/run-up thresholds not met),2026-09-11 03:51:51 UTC
KW,,PASS,0,,,**symbol** KW is not available with your plan. You may select the appropriate plan at https://twelvedata.com/pricing,2026-09-11 03:51:51 UTC
KWAC,,PASS,0,,1.26,Price below minimum ($2.00),2026-09-11 03:51:51 UTC
KWR,,PASS,34,33.5,155.0,Breakout seen but no run-up trigger (pullback/run-up thresholds not met),2026-09-11 03:51:51 UTC
KWY,,PASS,31,31.2,9.62,Breakout seen but no run-up trigger (pullback/run-up thresholds not met),2026-09-11 03:51:51 UTC
KXIN,,PASS,0,,1.08,Price below minimum ($2.00),2026-09-11 03:51:51 UTC
KYIV,,PASS,33,32.6,13.87,Breakout seen but no run-up trigger (pullback/run-up thresholds not met),2026-09-11 03:51:51 UTC
KYMR,,PASS,87,87.2,117.0,Breakout seen but no run-up trigger (pullback/run-up thresholds not met),2026-09-11 03:51:51 UTC
KYNB,,PASS,31,31.0,7.97,Breakout seen but no run-up trigger (pullback/run-up thresholds not met),2026-09-11 03:51:51 UTC
KYTX,,PASS,31,30.9,7.35,Run-up triggered but EMA stack failed on run-up top (EMA10>EMA20>EMA50),2026-09-11 03:51:51 UTC
KZIA,,PASS,32,32.2,11.01,"Triangle occurred on 2026-09-01, not within last 5 bars",2026-09-11 03:51:51 UTC
KZR,,PASS,0,,,**symbol** KZR is not available with your plan. You may select the appropriate plan at https://twelvedata.com/pricing,2026-09-11 03:51:51 UTC
L,,PASS,0,,109.08,Breakout seen but no run-up trigger (pullback/run-up thresholds not met),2026-09-11 03:51:51 UTC
LAC,,PASS,34,34.1,3.02,Run-up triggered but EMA stack failed on run-up top (EMA10>EMA20>EMA50),2026-09-11 03:51:51 UTC
LAD,,PASS,36,35.9,366.15,Breakout seen but no run-up trigger (pullback/run-up thresholds not met),2026-09-11 03:51:51 UTC
LADR,,PASS,0,,9.67,Breakout seen but no run-up trigger (pullback/run-up thresholds not met),2026-09-11 03:51:51 UTC
LAES,,PASS,38,38.3,2.38,Run-up triggered but EMA stack failed on run-up top (EMA10>EMA20>EMA50),2026-09-11 03:51:51 UTC
LAFA,,PASS,0,,10.16,Breakout seen but no run-up trigger (pullback/run-up thresholds not met),2026-09-11 03:51:51 UTC
LAIX,,PASS,1316,1316.0,3.1,Breakout seen but no run-up trigger (pullback/run-up thresholds not met),2026-09-11 03:51:51 UTC
LAKE,,PASS,31,31.0,9.64,Breakout seen but no run-up trigger (pullback/run-up thresholds not met),2026-09-11 03:51:51 UTC
LAMR,,PASS,0,,147.7,Breakout seen but no run-up trigger (pullback/run-up thresholds not met),2026-09-11 03:51:51 UTC
LANC,,PASS,0,,101.47,Breakout seen but no run-up trigger (pullback/run-up thresholds not met),2026-09-11 03:51:51 UTC
LAND,,PASS,0,,9.48,Breakout seen but no run-up trigger (pullback/run-up thresholds not met),2026-09-11 03:51:51 UTC
LANV,,PASS,0,,1.02,Price below minimum ($2.00),2026-09-11 03:51:51 UTC
LAR,,PASS,72,72.1,6.41,"Triangle occurred on 2026-08-06, not within last 5 bars",2026-09-11 03:51:51 UTC
LARK,,PASS,0,,32.48,Breakout seen but no run-up trigger (pullback/run-up thresholds not met),2026-09-11 03:51:51 UTC
LASR,,PASS,37,37.2,39.29,"Triangle occurred on 2026-05-04, not within last 5 bars",2026-09-11 03:51:51 UTC
LATA,,PASS,0,,10.19,Breakout seen but no run-up trigger (pullback/run-up thresholds not met),2026-09-11 03:51:51 UTC
LAUR,,PASS,0,,35.77,Breakout seen but no run-up trigger (pullback/run-up thresholds not met),2026-09-11 03:51:51 UTC
LAW,,PASS,33,33.2,4.06,"Triangle occurred on 2026-08-24, not within last 5 bars",2026-09-11 03:51:51 UTC
LAWR,,PASS,202,202.5,3.75,Breakout seen but no run-up trigger (pullback/run-up thresholds not met),2026-09-11 03:51:51 UTC
LAWS,,PASS,33,33.0,34.75,Breakout seen but no run-up trigger (pullback/run-up thresholds not met),2026-09-11 03:51:51 UTC
LAX,,PASS,103,102.9,13.12,"Triangle occurred on 2026-08-26, not within last 5 bars",2026-09-11 03:51:51 UTC
LAZ,,PASS,31,31.5,41.87,Run-up triggered but EMA stack failed on run-up top (EMA10>EMA20>EMA50),2026-09-11 03:51:51 UTC
LB,,PASS,317,316.9,86.38,Breakout seen but no run-up trigger (pullback/run-up thresholds not met),2026-09-11 03:51:51 UTC
LBDAV,,PASS,0,,,**symbol** not found: LBDAV. Please specify it correctly according to API Documentation.,2026-09-11 03:51:51 UTC
LBDKV,,PASS,0,,,**symbol** not found: LBDKV. Please specify it correctly according to API Documentation.,2026-09-11 03:51:51 UTC
LBRDA,,PASS,43,42.8,35.99,Run-up triggered but EMA stack failed on run-up top (EMA10>EMA20>EMA50),2026-09-11 03:51:51 UTC
LBRDK,,PASS,42,42.2,36.02,Run-up triggered but EMA stack failed on run-up top (EMA10>EMA20>EMA50),2026-09-11 03:51:51 UTC
LBRT,,PASS,33,33.2,20.76,"Triangle occurred on 2026-05-08, not within last 5 bars",2026-09-11 03:51:51 UTC
LBRX,,PASS,67,67.4,46.25,"Triangle occurred on 2026-08-28, not within last 5 bars",2026-09-11 03:51:51 UTC
LBTYA,,PASS,34,34.0,10.62,Breakout seen but no run-up trigger (pullback/run-up thresholds not met),2026-09-11 03:51:51 UTC
LBTYB,,PASS,51,50.6,12.45,Breakout seen but no run-up trigger (pullback/run-up thresholds not met),2026-09-11 03:51:51 UTC
LBTYK,,PASS,31,30.7,10.4,Breakout seen but no run-up trigger (pullback/run-up thresholds not met),2026-09-11 03:51:51 UTC
LC,,PASS,35,34.6,16.7,Breakout seen but no run-up trigger (pullback/run-up thresholds not met),2026-09-11 03:51:51 UTC
LCCC,,PASS,0,,10.53,Breakout seen but no run-up trigger (pullback/run-up thresholds not met),2026-09-11 03:51:51 UTC
LCFY,,PASS,63,62.8,2.22,Breakout seen but no run-up trigger (pullback/run-up thresholds not met),2026-09-11 03:51:51 UTC
LCID,,PASS,259,258.6,4.18,"Triangle occurred on 2026-08-07, not within last 5 bars",2026-09-11 03:51:51 UTC
LCII,,PASS,0,,93.4,Breakout seen but no run-up trigger (pullback/run-up thresholds not met),2026-09-11 03:51:51 UTC
LCLN,,PASS,0,,,Not enough daily data,2026-09-11 03:51:51 UTC
LCNB,,PASS,0,,19.2,Breakout seen but no run-up trigger (pullback/run-up thresholds not met),2026-09-11 03:51:51 UTC
LCUT,,PASS,78,77.6,8.4,"Triangle occurred on 2026-06-09, not within last 5 bars",2026-09-11 03:51:51 UTC
LDDFF,,PASS,0,,,**symbol** not found: LDDFF. Please specify it correctly according to API Documentation.,2026-09-11 03:51:51 UTC
LDOS,,PASS,34,33.6,129.55,Triangle on 2026-09-10 but no higher low after triangle (last 10 bars),2026-09-11 03:51:51 UTC
LDWY,,PASS,59,58.8,3.79,"Triangle occurred on 2026-02-05, not within last 5 bars",2026-09-11 03:51:51 UTC
LE,,PASS,40,39.7,10.33,Breakout seen but no run-up trigger (pullback/run-up thresholds not met),2026-09-11 03:51:51 UTC
LEA,,PASS,0,,127.84,Breakout seen but no run-up trigger (pullback/run-up thresholds not met),2026-09-11 03:51:51 UTC
LECO,,PASS,0,,251.06,Breakout seen but no run-up trigger (pullback/run-up thresholds not met),2026-09-11 03:51:51 UTC
LEDS,,PASS,148,147.9,2.11,"Triangle occurred on 2026-07-24, not within last 5 bars",2026-09-11 03:51:51 UTC
LEE,,PASS,61,60.5,7.43,"Triangle occurred on 2026-06-09, not within last 5 bars",2026-09-11 03:51:51 UTC
LEG,,PASS,31,30.6,9.2,Breakout seen but no run-up trigger (pullback/run-up thresholds not met),2026-09-11 03:51:51 UTC
LEGH,,PASS,0,,27.49,Breakout seen but no run-up trigger (pullback/run-up thresholds not met),2026-09-11 03:51:51 UTC
LEGN,,PASS,42,42.0,19.19,"Triangle occurred on 2026-06-29, not within last 5 bars",2026-09-11 03:51:51 UTC
LEGO,,PASS,0,,10.0,Breakout seen but no run-up trigger (pullback/run-up thresholds not met),2026-09-11 03:51:51 UTC
LEGO.UN,,PASS,0,,,Not enough daily data,2026-09-11 03:51:51 UTC
LEGT,,PASS,0,,,**symbol** not found: LEGT. Please specify it correctly according to API Documentation.,2026-09-11 03:51:51 UTC
LEGT.UN,,PASS,0,,,**symbol** not found: LEGT.UN. Please specify it correctly according to API Documentation.,2026-09-11 03:51:51 UTC
LEN,,PASS,0,,77.9,Breakout seen but no run-up trigger (pullback/run-up thresholds not met),2026-09-11 03:51:51 UTC
LEN.B,,PASS,0,,76.56,Breakout seen but no run-up trigger (pullback/run-up thresholds not met),2026-09-11 03:51:51 UTC
LENZ,,PASS,51,51.1,4.72,Run-up triggered but EMA stack failed on run-up top (EMA10>EMA20>EMA50),2026-09-11 03:51:51 UTC
LESL,,PASS,0,,0.51,Price below minimum ($2.00),2026-09-11 03:51:51 UTC
LEU,,PASS,32,32.1,165.87,"Triangle occurred on 2025-10-21, not within last 5 bars",2026-09-11 03:51:51 UTC
LEVI,,PASS,31,31.4,20.12,Breakout seen but no run-up trigger (pullback/run-up thresholds not met),2026-09-11 03:51:51 UTC
LFAC,,PASS,0,,10.07,Breakout seen but no run-up trigger (pullback/run-up thresholds not met),2026-09-11 03:51:51 UTC
LFC,,PASS,0,,6.21,Breakout seen but no run-up trigger (pullback/run-up thresholds not met),2026-09-11 03:51:51 UTC
LFCR,,PASS,40,40.3,4.09,Run-up triggered but EMA stack failed on run-up top (EMA10>EMA20>EMA50),2026-09-11 03:51:51 UTC
LFMD,,PASS,54,54.2,3.03,"Triangle occurred on 2026-05-11, not within last 5 bars",2026-09-11 03:51:51 UTC
LFS,,PASS,191,190.8,2.17,Run-up triggered but EMA stack failed on run-up top (EMA10>EMA20>EMA50),2026-09-11 03:51:51 UTC
LFST,,PASS,59,59.4,13.0,Breakout seen but no run-up trigger (pullback/run-up thresholds not met),2026-09-11 03:51:51 UTC
LFT-A,,PASS,0,,16.73,Breakout seen but no run-up trigger (pullback/run-up thresholds not met),2026-09-11 03:51:51 UTC
LFUS,,PASS,0,,413.42,Breakout seen but no run-up trigger (pullback/run-up thresholds not met),2026-09-11 03:51:51 UTC
LFVN,,PASS,157,157.1,6.37,Breakout seen but no run-up trigger (pullback/run-up thresholds not met),2026-09-11 03:51:51 UTC
LFWD,,PASS,42,41.5,7.13,"Triangle occurred on 2026-07-15, not within last 5 bars",2026-09-11 03:51:51 UTC
LGCL,,PASS,38,38.4,3.07,Run-up triggered but EMA stack failed on run-up top (EMA10>EMA20>EMA50),2026-09-11 03:51:51 UTC
LGCY,,PASS,47,47.0,10.21,Breakout seen but no run-up trigger (pullback/run-up thresholds not met),2026-09-11 03:51:51 UTC
LGIH,,PASS,34,33.6,48.7,Breakout seen but no run-up trigger (pullback/run-up thresholds not met),2026-09-11 03:51:51 UTC
LGL,,PASS,55,54.6,6.9,Breakout seen but no run-up trigger (pullback/run-up thresholds not met),2026-09-11 03:51:51 UTC
LGN,,PASS,99,99.0,53.55,"Triangle occurred on 2026-05-28, not within last 5 bars",2026-09-11 03:51:51 UTC
LGND,,PASS,33,33.3,289.25,"Triangle occurred on 2026-07-14, not within last 5 bars",2026-09-11 03:51:51 UTC
LGST,,PASS,87,87.2,7.29,Breakout seen but no run-up trigger (pullback/run-up thresholds not met),2026-09-11 03:51:51 UTC
LGV,,PASS,0,,10.09,Breakout seen but no run-up trigger (pullback/run-up thresholds not met),2026-09-11 03:51:51 UTC
LH,,PASS,0,,306.96,Breakout seen but no run-up trigger (pullback/run-up thresholds not met),2026-09-11 03:51:51 UTC
LHX,,PASS,0,,248.37,Breakout seen but no run-up trigger (pullback/run-up thresholds not met),2026-09-11 03:51:51 UTC
LI,,PASS,33,33.2,11.65,Breakout seen but no run-up trigger (pullback/run-up thresholds not met),2026-09-11 03:51:51 UTC
LIDR,,PASS,0,,1.28,Price below minimum ($2.00),2026-09-11 03:51:51 UTC
LIEN,,PASS,0,,10.18,Breakout seen but no run-up trigger (pullback/run-up thresholds not met),2026-09-11 03:51:51 UTC
LIF,,PASS,34,34.2,41.56,"Triangle occurred on 2025-06-11, not within last 5 bars",2026-09-11 03:51:51 UTC
LIFE,,PASS,103,103.1,38.85,Breakout seen but no run-up trigger (pullback/run-up thresholds not met),2026-09-11 03:51:51 UTC
LII,,PASS,0,,372.62,Breakout seen but no run-up trigger (pullback/run-up thresholds not met),2026-09-11 03:51:51 UTC
LIII,,PASS,0,,,Not enough daily data,2026-09-11 03:51:51 UTC
LILA,,PASS,70,69.9,8.7,Breakout seen but no run-up trigger (pullback/run-up thresholds not met),2026-09-11 03:51:51 UTC
LILAK,,PASS,69,69.3,8.68,Breakout seen but no run-up trigger (pullback/run-up thresholds not met),2026-09-11 03:51:51 UTC
LIN,,PASS,0,,461.62,Breakout seen but no run-up trigger (pullback/run-up thresholds not met),2026-09-11 03:51:51 UTC
LINC,,PASS,38,38.1,24.38,Breakout seen but no run-up trigger (pullback/run-up thresholds not met),2026-09-11 03:51:51 UTC
LIND,,PASS,33,32.7,25.29,"Triangle occurred on 2026-08-24, not within last 5 bars",2026-09-11 03:51:51 UTC
LINE,,PASS,0,,37.39,Breakout seen but no run-up trigger (pullback/run-up thresholds not met),2026-09-11 03:51:51 UTC
LINK,,PASS,58,58.5,5.74,"Triangle occurred on 2026-08-20, not within last 5 bars",2026-09-11 03:51:51 UTC
LION,,PASS,38,38.1,11.15,Breakout seen but no run-up trigger (pullback/run-up thresholds not met),2026-09-11 03:51:51 UTC
LIQT,,PASS,0,,0.72,Price below minimum ($2.00),2026-09-11 03:51:51 UTC
LITB,,PASS,65,64.8,3.1,Breakout seen but no run-up trigger (pullback/run-up thresholds not met),2026-09-11 03:51:51 UTC
LITE,,PASS,30,30.5,935.7,"Triangle occurred on 2026-05-22, not within last 5 bars",2026-09-11 03:51:51 UTC
LITM,,PASS,0,,1.42,Price below minimum ($2.00),2026-09-11 03:51:51 UTC
LIVE,,PASS,53,53.0,8.2,"Triangle occurred on 2026-02-11, not within last 5 bars",2026-09-11 03:51:51 UTC
LIVN,,PASS,34,34.3,78.18,Breakout seen but no run-up trigger (pullback/run-up thresholds not met),2026-09-11 03:51:51 UTC
LIXT,,PASS,40,40.3,3.71,"Triangle occurred on 2026-07-06, not within last 5 bars",2026-09-11 03:51:51 UTC
LJAQ,,PASS,403,402.6,7.39,"Triangle occurred on 2026-03-12, not within last 5 bars",2026-09-11 03:51:51 UTC
LKFN,,PASS,0,,60.51,Breakout seen but no run-up trigger (pullback/run-up thresholds not met),2026-09-11 03:51:51 UTC
LKFT,,PASS,0,,26.81,Breakout seen but no run-up trigger (pullback/run-up thresholds not met),2026-09-11 03:51:51 UTC
LKQ,,PASS,0,,23.63,Breakout seen but no run-up trigger (pullback/run-up thresholds not met),2026-09-11 03:51:51 UTC
LKSP,,PASS,0,,10.22,Breakout seen but no run-up trigger (pullback/run-up thresholds not met),2026-09-11 03:51:51 UTC
LLY,,PASS,37,37.3,1123.0,Breakout seen but no run-up trigger (pullback/run-up thresholds not met),2026-09-11 03:51:51 UTC
LLYVA,,PASS,30,30.1,93.38,Breakout seen but no run-up trigger (pullback/run-up thresholds not met),2026-09-11 03:51:51 UTC
LLYVK,,PASS,0,,96.85,Breakout seen but no run-up trigger (pullback/run-up thresholds not met),2026-09-11 03:51:51 UTC
LMAT,,PASS,35,35.1,78.8,Breakout seen but no run-up trigger (pullback/run-up thresholds not met),2026-09-11 03:51:51 UTC
LMB,,PASS,55,54.5,48.31,Breakout seen but no run-up trigger (pullback/run-up thresholds not met),2026-09-11 03:51:51 UTC
LMND,,PASS,47,47.2,49.61,"Triangle occurred on 2026-07-17, not within last 5 bars",2026-09-11 03:51:51 UTC
LMNR,,PASS,0,,13.31,Breakout seen but no run-up trigger (pullback/run-up thresholds not met),2026-09-11 03:51:51 UTC
LMNX,,PASS,116,116.5,9.16,"Triangle occurred on 2026-07-14, not within last 5 bars",2026-09-11 03:51:51 UTC
LMRI,,PASS,32,32.0,11.19,"Triangle occurred on 2026-08-19, not within last 5 bars",2026-09-11 03:51:51 UTC
LMT,,PASS,36,35.7,530.12,Breakout seen but no run-up trigger (pullback/run-up thresholds not met),2026-09-11 03:51:51 UTC
LNAI,,PASS,36,36.2,2.44,Run-up triggered but EMA stack failed on run-up top (EMA10>EMA20>EMA50),2026-09-11 03:51:51 UTC
LNC,,PASS,0,,43.56,Breakout seen but no run-up trigger (pullback/run-up thresholds not met),2026-09-11 03:51:51 UTC
LNC.PR.D,,PASS,0,,26.09,Breakout seen but no run-up trigger (pullback/run-up thresholds not met),2026-09-11 03:51:51 UTC
LND,,PASS,0,,3.82,Breakout seen but no run-up trigger (pullback/run-up thresholds not met),2026-09-11 03:51:51 UTC
LNDC,,PASS,40,40.3,4.09,Run-up triggered but EMA stack failed on run-up top (EMA10>EMA20>EMA50),2026-09-11 03:51:51 UTC
LNG,,PASS,0,,277.84,Breakout seen but no run-up trigger (pullback/run-up thresholds not met),2026-09-11 03:51:51 UTC
LNKB,,PASS,0,,,**symbol** not found: LNKB. Please specify it correctly according to API Documentation.,2026-09-11 03:51:51 UTC
LNKS,,PASS,0,,0.99,Price below minimum ($2.00),2026-09-11 03:51:51 UTC
LNN,,PASS,0,,117.31,Breakout seen but no run-up trigger (pullback/run-up thresholds not met),2026-09-11 03:51:51 UTC
LNSR,,PASS,87,86.9,8.05,"Triangle occurred on 2025-04-03, not within last 5 bars",2026-09-11 03:51:51 UTC
LNT,,PASS,0,,67.25,Breakout seen but no run-up trigger (pullback/run-up thresholds not met),2026-09-11 03:51:51 UTC
LNTH,,PASS,33,33.0,100.39,Breakout seen but no run-up trigger (pullback/run-up thresholds not met),2026-09-11 03:51:51 UTC
LNW,,PASS,0,,,**symbol** LNW is not available with your plan. You may select the appropriate plan at https://twelvedata.com/pricing,2026-09-11 03:51:51 UTC
LNZA,,PASS,214,214.3,5.88,Breakout seen but no run-up trigger (pullback/run-up thresholds not met),2026-09-11 03:51:51 UTC
LOAN,,PASS,0,,4.08,Breakout seen but no run-up trigger (pullback/run-up thresholds not met),2026-09-11 03:51:51 UTC
LOAR,,PASS,36,36.2,64.76,Breakout seen but no run-up trigger (pullback/run-up thresholds not met),2026-09-11 03:51:51 UTC
LOB,,PASS,0,,39.16,Breakout seen but no run-up trigger (pullback/run-up thresholds not met),2026-09-11 03:51:51 UTC
LOB-A,,PASS,0,,25.06,Breakout seen but no run-up trigger (pullback/run-up thresholds not met),2026-09-11 03:51:51 UTC
LOCL,,PASS,0,,1.19,Price below minimum ($2.00),2026-09-11 03:51:51 UTC
LOCO,,PASS,37,37.1,15.06,Breakout seen but no run-up trigger (pullback/run-up thresholds not met),2026-09-11 03:51:51 UTC
LODE,,PASS,37,36.8,2.95,"Triangle occurred on 2026-06-26, not within last 5 bars",2026-09-11 03:51:51 UTC
LOGI,,PASS,30,30.1,99.77,Breakout seen but no run-up trigger (pullback/run-up thresholds not met),2026-09-11 03:51:51 UTC
LOKV,,PASS,0,,,**symbol** not found: LOKV. Please specify it correctly according to API Documentation.,2026-09-11 03:51:51 UTC
LOMA,,PASS,48,48.1,10.09,Breakout seen but no run-up trigger (pullback/run-up thresholds not met),2026-09-11 03:51:51 UTC
LONA,,PASS,181,181.4,6.86,Breakout seen but no run-up trigger (pullback/run-up thresholds not met),2026-09-11 03:51:51 UTC
LOPE,,PASS,0,,151.22,Breakout seen but no run-up trigger (pullback/run-up thresholds not met),2026-09-11 03:51:51 UTC
LOVE,,PASS,42,41.7,14.26,"Triangle occurred on 2026-07-10, not within last 5 bars",2026-09-11 03:51:51 UTC
LOW,,PASS,0,,196.59,Breakout seen but no run-up trigger (pullback/run-up thresholds not met),2026-09-11 03:51:51 UTC
LPA,,PASS,69,69.1,3.03,Run-up triggered but EMA stack failed on run-up top (EMA10>EMA20>EMA50),2026-09-11 03:51:51 UTC
LPAA,,PASS,0,,10.76,Breakout seen but no run-up trigger (pullback/run-up thresholds not met),2026-09-11 03:51:51 UTC
LPBB,,PASS,0,,10.81,Breakout seen but no run-up trigger (pullback/run-up thresholds not met),2026-09-11 03:51:51 UTC
LPCN,,PASS,306,305.6,2.25,Breakout seen but no run-up trigger (pullback/run-up thresholds not met),2026-09-11 03:51:51 UTC
LPCV,,PASS,0,,10.03,Breakout seen but no run-up trigger (pullback/run-up thresholds not met),2026-09-11 03:51:51 UTC
LPG,,PASS,0,,54.41,Breakout seen but no run-up trigger (pullback/run-up thresholds not met),2026-09-11 03:51:51 UTC
LPL,,PASS,31,30.8,3.15,Breakout seen but no run-up trigger (pullback/run-up thresholds not met),2026-09-11 03:51:51 UTC
LPLA,,PASS,0,,347.26,Breakout seen but no run-up trigger (pullback/run-up thresholds not met),2026-09-11 03:51:51 UTC
LPRO,,PASS,0,,,**symbol** not found: LPRO. Please specify it correctly according to API Documentation.,2026-09-11 03:51:51 UTC
LPSN,,PASS,99,98.6,3.1,Breakout seen but no run-up trigger (pullback/run-up thresholds not met),2026-09-11 03:51:51 UTC
LPTH,,PASS,68,68.2,9.68,Run-up triggered but EMA stack failed on run-up top (EMA10>EMA20>EMA50),2026-09-11 03:51:51 UTC
LPX,,PASS,0,,65.72,Breakout seen but no run-up trigger (pullback/run-up thresholds not met),2026-09-11 03:51:51 UTC
LQDA,,PASS,31,30.7,67.85,"Triangle occurred on 2026-08-12, not within last 5 bars",2026-09-11 03:51:51 UTC
LQDT,,PASS,46,45.6,41.49,Breakout seen but no run-up trigger (pullback/run-up thresholds not met),2026-09-11 03:51:51 UTC
LRCX,,PASS,38,37.8,298.01,Run-up triggered but EMA stack failed on run-up top (EMA10>EMA20>EMA50),2026-09-11 03:51:51 UTC
LRMR,,PASS,48,47.9,3.85,Run-up triggered but EMA stack failed on run-up top (EMA10>EMA20>EMA50),2026-09-11 03:51:51 UTC
LRN,,PASS,46,45.8,81.45,Breakout seen but no run-up trigger (pullback/run-up thresholds not met),2026-09-11 03:51:51 UTC
LSAK,,PASS,0,,4.49,Breakout seen but no run-up trigger (pullback/run-up thresholds not met),2026-09-11 03:51:51 UTC
LSBK,,PASS,0,,18.85,Breakout seen but no run-up trigger (pullback/run-up thresholds not met),2026-09-11 03:51:51 UTC
LSCC,,PASS,33,32.8,114.14,"Triangle occurred on 2026-06-09, not within last 5 bars",2026-09-11 03:51:51 UTC
LSE,,PASS,31,31.0,5.11,"Triangle occurred on 2026-08-05, not within last 5 bars",2026-09-11 03:51:51 UTC
LSF,,PASS,64,63.8,3.98,"Triangle occurred on 2026-07-02, not within last 5 bars",2026-09-11 03:51:51 UTC
LSPD,,PASS,42,41.6,9.76,Breakout seen but no run-up trigger (pullback/run-up thresholds not met),2026-09-11 03:51:51 UTC
LSTA,,PASS,0,,1.64,Price below minimum ($2.00),2026-09-11 03:51:51 UTC
LSTR,,PASS,41,40.9,173.7,"Triangle occurred on 2026-06-17, not within last 5 bars",2026-09-11 03:51:51 UTC
LTBR,,PASS,32,31.9,7.34,Breakout seen but no run-up trigger (pullback/run-up thresholds not met),2026-09-11 03:51:51 UTC
LTC,,PASS,0,,42.5,Breakout seen but no run-up trigger (pullback/run-up thresholds not met),2026-09-11 03:51:51 UTC
LTH,,PASS,31,30.9,41.48,Breakout seen but no run-up trigger (pullback/run-up thresholds not met),2026-09-11 03:51:51 UTC
LTM,,PASS,0,,50.68,Breakout seen but no run-up trigger (pullback/run-up thresholds not met),2026-09-11 03:51:51 UTC
LTRN,,PASS,0,,1.76,Price below minimum ($2.00),2026-09-11 03:51:51 UTC
LTRX,,PASS,57,57.1,5.06,Breakout seen but no run-up trigger (pullback/run-up thresholds not met),2026-09-11 03:51:51 UTC
LU,,PASS,0,,1.21,Price below minimum ($2.00),2026-09-11 03:51:51 UTC
LUCK,,PASS,46,46.2,5.54,"Triangle occurred on 2026-06-10, not within last 5 bars",2026-09-11 03:51:51 UTC
LUD,,PASS,200,200.0,4.25,Run-up triggered but EMA stack failed on run-up top (EMA10>EMA20>EMA50),2026-09-11 03:51:51 UTC
LULU,,PASS,41,40.9,96.88,Breakout seen but no run-up trigger (pullback/run-up thresholds not met),2026-09-11 03:51:51 UTC
LUMN,,PASS,32,32.0,6.81,Breakout seen but no run-up trigger (pullback/run-up thresholds not met),2026-09-11 03:51:51 UTC
LUNG,,PASS,0,,1.85,Price below minimum ($2.00),2026-09-11 03:51:51 UTC
LUNR,,PASS,85,84.6,14.62,Run-up triggered but EMA stack failed on run-up top (EMA10>EMA20>EMA50),2026-09-11 03:51:51 UTC
LUV,,PASS,30,30.1,38.69,"Triangle occurred on 2026-07-17, not within last 5 bars",2026-09-11 03:51:51 UTC
LUXE,,PASS,63,62.6,7.42,Breakout seen but no run-up trigger (pullback/run-up thresholds not met),2026-09-11 03:51:51 UTC
LVLU,,PASS,181,180.6,10.9,"Triangle occurred on 2026-08-21, not within last 5 bars",2026-09-11 03:51:51 UTC
LVO,,PASS,45,44.7,3.94,"Triangle occurred on 2026-06-01, not within last 5 bars",2026-09-11 03:51:51 UTC
LVS,,PASS,41,41.2,42.6,Breakout seen but no run-up trigger (pullback/run-up thresholds not met),2026-09-11 03:51:51 UTC
LW,,PASS,0,,47.32,Breakout seen but no run-up trigger (pullback/run-up thresholds not met),2026-09-11 03:51:51 UTC
LWAC,,PASS,0,,10.32,Breakout seen but no run-up trigger (pullback/run-up thresholds not met),2026-09-11 03:51:51 UTC
LWAY,,PASS,40,39.5,24.83,Breakout seen but no run-up trigger (pullback/run-up thresholds not met),2026-09-11 03:51:51 UTC
LWLG,,PASS,56,56.4,5.16,Run-up triggered but EMA stack failed on run-up top (EMA10>EMA20>EMA50),2026-09-11 03:51:51 UTC
LX,,PASS,0,,0.81,Price below minimum ($2.00),2026-09-11 03:51:51 UTC
LXEH,,PASS,0,,1.71,Price below minimum ($2.00),2026-09-11 03:51:51 UTC
LXEO,,PASS,35,35.5,4.36,Run-up triggered but EMA stack failed on run-up top (EMA10>EMA20>EMA50),2026-09-11 03:51:51 UTC
LXFR,,PASS,32,32.3,17.28,Breakout seen but no run-up trigger (pullback/run-up thresholds not met),2026-09-11 03:51:51 UTC
LXP,,PASS,0,,60.82,Breakout seen but no run-up trigger (pullback/run-up thresholds not met),2026-09-11 03:51:51 UTC
LXRX,,PASS,46,45.7,2.02,Breakout seen but no run-up trigger (pullback/run-up thresholds not met),2026-09-11 03:51:51 UTC
LXU,,PASS,60,59.6,11.63,Breakout seen but no run-up trigger (pullback/run-up thresholds not met),2026-09-11 03:51:51 UTC
LYB,,PASS,42,41.7,64.3,Breakout seen but no run-up trigger (pullback/run-up thresholds not met),2026-09-11 03:51:51 UTC
LYEL,,PASS,35,34.9,12.2,Run-up triggered but EMA stack failed on run-up top (EMA10>EMA20>EMA50),2026-09-11 03:51:51 UTC
LYFT,,PASS,32,31.6,15.02,"Triangle occurred on 2026-08-20, not within last 5 bars",2026-09-11 03:51:51 UTC
LYG,,PASS,0,,5.89,Breakout seen but no run-up trigger (pullback/run-up thresholds not met),2026-09-11 03:51:51 UTC
LYTS,,PASS,36,35.6,19.59,Breakout seen but no run-up trigger (pullback/run-up thresholds not met),2026-09-11 03:51:51 UTC
LYV,,PASS,0,,170.08,Breakout seen but no run-up trigger (pullback/run-up thresholds not met),2026-09-11 03:51:51 UTC
LZ,,PASS,54,54.2,5.91,Breakout seen but no run-up trigger (pullback/run-up thresholds not met),2026-09-11 03:51:51 UTC
LZB,,PASS,40,40.4,30.86,Breakout seen but no run-up trigger (pullback/run-up thresholds not met),2026-09-11 03:51:51 UTC
LZM,,PASS,41,40.7,4.05,Breakout seen but no run-up trigger (pullback/run-up thresholds not met),2026-09-11 03:51:51 UTC
M,,PASS,32,31.6,20.5,Breakout seen but no run-up trigger (pullback/run-up thresholds not met),2026-09-11 03:51:51 UTC
MA,,PASS,0,,565.37,Breakout seen but no run-up trigger (pullback/run-up thresholds not met),2026-09-11 03:51:51 UTC
MAA,,PASS,0,,124.48,Breakout seen but no run-up trigger (pullback/run-up thresholds not met),2026-09-11 03:51:51 UTC
MAAQ,,PASS,0,,1.98,Price below minimum ($2.00),2026-09-11 03:51:51 UTC
MAAS,,PASS,141,141.4,15.67,"Triangle occurred on 2026-06-26, not within last 5 bars",2026-09-11 03:51:51 UTC
MAC,,PASS,0,,22.61,Breakout seen but no run-up trigger (pullback/run-up thresholds not met),2026-09-11 03:51:51 UTC
MACI,,PASS,0,,11.0,Breakout seen but no run-up trigger (pullback/run-up thresholds not met),2026-09-11 03:51:51 UTC
MAGH,,PASS,309,308.7,6.76,Breakout seen but no run-up trigger (pullback/run-up thresholds not met),2026-09-11 03:51:51 UTC
MAGN,,PASS,33,32.6,11.56,Breakout seen but no run-up trigger (pullback/run-up thresholds not met),2026-09-11 03:51:51 UTC
MAIN,,PASS,0,,55.8,Breakout seen but no run-up trigger (pullback/run-up thresholds not met),2026-09-11 03:51:51 UTC
MAIR,,PASS,33,33.2,24.91,"Triangle occurred on 2026-06-09, not within last 5 bars",2026-09-11 03:51:51 UTC
MAKO,,PASS,49,49.0,9.82,Breakout seen but no run-up trigger (pullback/run-up thresholds not met),2026-09-11 03:51:51 UTC
MAKOF,,PASS,0,,,**symbol** not found: MAKOF. Please specify it correctly according to API Documentation.,2026-09-11 03:51:51 UTC
MAMA,,PASS,62,61.8,15.02,"Triangle occurred on 2026-07-06, not within last 5 bars",2026-09-11 03:51:51 UTC
MAMK,,PASS,448,448.2,13.0,"Triangle occurred on 2025-10-28, not within last 5 bars",2026-09-11 03:51:51 UTC
MAN,,PASS,52,52.2,57.02,Breakout seen but no run-up trigger (pullback/run-up thresholds not met),2026-09-11 03:51:51 UTC
MANE,,PASS,51,51.1,98.14,"Triangle occurred on 2026-07-09, not within last 5 bars",2026-09-11 03:51:51 UTC
MANH,,PASS,47,47.4,205.02,Breakout seen but no run-up trigger (pullback/run-up thresholds not met),2026-09-11 03:51:51 UTC
MANU,,PASS,31,31.4,20.02,Breakout seen but no run-up trigger (pullback/run-up thresholds not met),2026-09-11 03:51:51 UTC
MAR,,PASS,0,,329.07,Breakout seen but no run-up trigger (pullback/run-up thresholds not met),2026-09-11 03:51:51 UTC
MARA,,PASS,33,32.9,11.43,"Triangle occurred on 2026-06-08, not within last 5 bars",2026-09-11 03:51:51 UTC
MAS,,PASS,30,30.3,67.64,Breakout seen but no run-up trigger (pullback/run-up thresholds not met),2026-09-11 03:51:51 UTC
MASI,,PASS,0,,,**symbol** MASI is not available with your plan. You may select the appropriate plan at https://twelvedata.com/pricing,2026-09-11 03:51:51 UTC
MASK,,PASS,0,,1.26,Price below minimum ($2.00),2026-09-11 03:51:51 UTC
MASS,,PASS,39,38.7,9.35,Breakout seen but no run-up trigger (pullback/run-up thresholds not met),2026-09-11 03:51:51 UTC
MAT,,PASS,32,32.2,13.81,Breakout seen but no run-up trigger (pullback/run-up thresholds not met),2026-09-11 03:51:51 UTC
MATV,,PASS,75,74.8,12.33,"Triangle occurred on 2026-08-27, not within last 5 bars",2026-09-11 03:51:51 UTC
MATW,,PASS,38,38.2,20.04,Breakout seen but no run-up trigger (pullback/run-up thresholds not met),2026-09-11 03:51:51 UTC
MATX,,PASS,31,30.8,227.99,Breakout seen but no run-up trigger (pullback/run-up thresholds not met),2026-09-11 03:51:51 UTC
MAX,,PASS,47,47.4,11.74,"Triangle occurred on 2026-08-11, not within last 5 bars",2026-09-11 03:51:51 UTC
MAYA,,PASS,0,,,**symbol** MAYA is not available with your plan. You may select the appropriate plan at https://twelvedata.com/pricing,2026-09-11 03:51:51 UTC
MAYS,,PASS,59,58.9,40.12,Breakout seen but no run-up trigger (pullback/run-up thresholds not met),2026-09-11 03:51:51 UTC
MAZE,,PASS,48,47.5,24.82,Breakout seen but no run-up trigger (pullback/run-up thresholds not met),2026-09-11 03:51:51 UTC
MB,,PASS,438,437.9,4.38,Run-up triggered but EMA stack failed on run-up top (EMA10>EMA20>EMA50),2026-09-11 03:51:51 UTC
MBAI,,PASS,853,852.8,6.6,"Triangle occurred on 2026-02-11, not within last 5 bars",2026-09-11 03:51:51 UTC
MBAV,,PASS,0,,,**symbol** not found: MBAV. Please specify it correctly according to API Documentation.,2026-09-11 03:51:51 UTC
MBBC,,PASS,0,,15.14,Breakout seen but no run-up trigger (pullback/run-up thresholds not met),2026-09-11 03:51:51 UTC
MBC,,PASS,31,30.6,7.43,Breakout seen but no run-up trigger (pullback/run-up thresholds not met),2026-09-11 03:51:51 UTC
MBI,,PASS,75,75.0,4.61,Breakout seen but no run-up trigger (pullback/run-up thresholds not met),2026-09-11 03:51:51 UTC
MBIN,,PASS,0,,52.98,Breakout seen but no run-up trigger (pullback/run-up thresholds not met),2026-09-11 03:51:51 UTC
MBLY,,PASS,32,31.7,8.21,"Triangle occurred on 2026-06-11, not within last 5 bars",2026-09-11 03:51:51 UTC
MBOT,,PASS,0,,1.46,Price below minimum ($2.00),2026-09-11 03:51:51 UTC
MBRX,,PASS,0,,0.83,Price below minimum ($2.00),2026-09-11 03:51:51 UTC
MBUU,,PASS,34,34.2,25.06,Run-up triggered but EMA stack failed on run-up top (EMA10>EMA20>EMA50),2026-09-11 03:51:51 UTC
MBVI,,PASS,0,,10.23,Breakout seen but no run-up trigger (pullback/run-up thresholds not met),2026-09-11 03:51:51 UTC
MBWM,,PASS,0,,61.3,Breakout seen but no run-up trigger (pullback/run-up thresholds not met),2026-09-11 03:51:51 UTC
MBX,,PASS,38,38.3,60.94,"Triangle occurred on 2026-08-10, not within last 5 bars",2026-09-11 03:51:51 UTC
MC,,PASS,33,33.3,64.25,Breakout seen but no run-up trigger (pullback/run-up thresholds not met),2026-09-11 03:51:51 UTC
MCB,,PASS,31,30.6,90.65,Breakout seen but no run-up trigger (pullback/run-up thresholds not met),2026-09-11 03:51:51 UTC
MCBS,,PASS,0,,35.37,Breakout seen but no run-up trigger (pullback/run-up thresholds not met),2026-09-11 03:51:51 UTC
MCD,,PASS,0,,253.05,Breakout seen but no run-up trigger (pullback/run-up thresholds not met),2026-09-11 03:51:51 UTC
MCFT,,PASS,43,42.7,20.57,Breakout seen but no run-up trigger (pullback/run-up thresholds not met),2026-09-11 03:51:51 UTC
MCGA,,PASS,0,,10.36,Breakout seen but no run-up trigger (pullback/run-up thresholds not met),2026-09-11 03:51:51 UTC
MCHP,,PASS,56,55.5,71.58,Breakout seen but no run-up trigger (pullback/run-up thresholds not met),2026-09-11 03:51:51 UTC
MCHPP,,PASS,47,47.4,61.92,Breakout seen but no run-up trigger (pullback/run-up thresholds not met),2026-09-11 03:51:51 UTC
MCHX,,PASS,0,,1.43,Price below minimum ($2.00),2026-09-11 03:51:51 UTC
MCK,,PASS,0,,880.86,Breakout seen but no run-up trigger (pullback/run-up thresholds not met),2026-09-11 03:51:51 UTC
MCO,,PASS,0,,467.36,Breakout seen but no run-up trigger (pullback/run-up thresholds not met),2026-09-11 03:51:51 UTC
MCRB,,PASS,38,37.9,5.1,Run-up triggered but EMA stack failed on run-up top (EMA10>EMA20>EMA50),2026-09-11 03:51:51 UTC
MCRI,,PASS,39,38.6,119.61,Breakout seen but no run-up trigger (pullback/run-up thresholds not met),2026-09-11 03:51:51 UTC
MCRP,,PASS,0,,0.87,Price below minimum ($2.00),2026-09-11 03:51:51 UTC
MCS,,PASS,50,50.0,27.15,"Triangle occurred on 2026-08-20, not within last 5 bars",2026-09-11 03:51:51 UTC
MCTA,,PASS,0,,29.36,No breakout run-up cycle found,2026-09-11 03:51:51 UTC
MCVT,,PASS,366,365.7,27.6,Breakout seen but no run-up trigger (pullback/run-up thresholds not met),2026-09-11 03:51:51 UTC
MCW,,PASS,0,,,**symbol** not found: MCW. Please specify it correctly according to API Documentation.,2026-09-11 03:51:51 UTC
MCY,,PASS,31,30.6,102.65,Breakout seen but no run-up trigger (pullback/run-up thresholds not met),2026-09-11 03:51:51 UTC
MD,,PASS,48,47.9,26.73,Breakout seen but no run-up trigger (pullback/run-up thresholds not met),2026-09-11 03:51:51 UTC
MDA,,PASS,33,32.7,28.88,Breakout seen but no run-up trigger (pullback/run-up thresholds not met),2026-09-11 03:51:51 UTC
MDAI,,PASS,0,,1.56,Price below minimum ($2.00),2026-09-11 03:51:51 UTC
MDALF,,PASS,0,,,**symbol** not found: MDALF. Please specify it correctly according to API Documentation.,2026-09-11 03:51:51 UTC
MDB,,PASS,62,62.1,373.87,"Triangle occurred on 2026-08-21, not within last 5 bars",2026-09-11 03:51:51 UTC
MDBH,,PASS,42,42.0,2.84,"Triangle occurred on 2025-10-30, not within last 5 bars",2026-09-11 03:51:51 UTC
MDGL,,PASS,34,33.8,533.12,Breakout seen but no run-up trigger (pullback/run-up thresholds not met),2026-09-11 03:51:51 UTC
MDLN,,PASS,0,,32.39,Breakout seen but no run-up trigger (pullback/run-up thresholds not met),2026-09-11 03:51:51 UTC
MDLZ,,PASS,0,,62.47,Breakout seen but no run-up trigger (pullback/run-up thresholds not met),2026-09-11 03:51:51 UTC
MDRR,,PASS,32,32.1,11.99,Breakout seen but no run-up trigger (pullback/run-up thresholds not met),2026-09-11 03:51:51 UTC
MDRX,,PASS,96,95.7,4.55,Breakout seen but no run-up trigger (pullback/run-up thresholds not met),2026-09-11 03:51:51 UTC
MDT,,PASS,0,,91.62,Breakout seen but no run-up trigger (pullback/run-up thresholds not met),2026-09-11 03:51:51 UTC
MDU,,PASS,0,,19.24,Breakout seen but no run-up trigger (pullback/run-up thresholds not met),2026-09-11 03:51:51 UTC
MDV,,PASS,0,,,**symbol** MDV is not available with your plan. You may select the appropriate plan at https://twelvedata.com/pricing,2026-09-11 03:51:51 UTC
MDV-A,,PASS,0,,25.18,Breakout seen but no run-up trigger (pullback/run-up thresholds not met),2026-09-11 03:51:51 UTC
MDV.PR.A,,PASS,0,,25.18,Breakout seen but no run-up trigger (pullback/run-up thresholds not met),2026-09-11 03:51:51 UTC
MDWD,,PASS,31,31.0,13.71,Breakout seen but no run-up trigger (pullback/run-up thresholds not met),2026-09-11 03:51:51 UTC
MDXG,,PASS,33,33.2,4.6,Breakout seen but no run-up trigger (pullback/run-up thresholds not met),2026-09-11 03:51:51 UTC
ME,,PASS,130,130.0,4.0,"Triangle occurred on 2025-06-18, not within last 5 bars",2026-09-11 03:51:51 UTC
MEC,,PASS,74,73.8,18.9,Breakout seen but no run-up trigger (pullback/run-up thresholds not met),2026-09-11 03:51:51 UTC
MED,,PASS,43,43.2,12.05,Run-up triggered but EMA stack failed on run-up top (EMA10>EMA20>EMA50),2026-09-11 03:51:51 UTC
MEDP,,PASS,30,30.0,583.16,"Triangle occurred on 2026-08-03, not within last 5 bars",2026-09-11 03:51:51 UTC
MEG,,PASS,41,41.1,18.16,Breakout seen but no run-up trigger (pullback/run-up thresholds not met),2026-09-11 03:51:51 UTC
MEI,,PASS,40,39.8,13.59,Triangle on 2026-09-08 but no higher low after triangle (last 10 bars),2026-09-11 03:51:51 UTC
MELI,,PASS,36,36.3,1906.24,Breakout seen but no run-up trigger (pullback/run-up thresholds not met),2026-09-11 03:51:51 UTC
MENS,,PASS,33,32.9,2.01,Breakout seen but no run-up trigger (pullback/run-up thresholds not met),2026-09-11 03:51:51 UTC
MEOH,,PASS,36,35.5,62.72,Breakout seen but no run-up trigger (pullback/run-up thresholds not met),2026-09-11 03:51:51 UTC
MESA,,PASS,32,32.4,17.21,Run-up triggered but EMA stack failed on run-up top (EMA10>EMA20>EMA50),2026-09-11 03:51:51 UTC
MESH,,PASS,0,,10.08,Breakout seen but no run-up trigger (pullback/run-up thresholds not met),2026-09-11 03:51:51 UTC
MESO,,PASS,42,41.6,15.5,Breakout seen but no run-up trigger (pullback/run-up thresholds not met),2026-09-11 03:51:51 UTC
MET,,PASS,0,,96.78,Breakout seen but no run-up trigger (pullback/run-up thresholds not met),2026-09-11 03:51:51 UTC
META,,PASS,33,32.9,644.38,Breakout seen but no run-up trigger (pullback/run-up thresholds not met),2026-09-11 03:51:51 UTC
METC,,PASS,77,77.5,11.45,Triangle on 2026-09-08 but no higher low after triangle (last 10 bars),2026-09-11 03:51:51 UTC
METCB,,PASS,39,39.1,6.41,Breakout seen but no run-up trigger (pullback/run-up thresholds not met),2026-09-11 03:51:51 UTC
MEVO,,PASS,0,,10.02,Breakout seen but no run-up trigger (pullback/run-up thresholds not met),2026-09-11 03:51:51 UTC
MFA,,PASS,0,,8.56,Breakout seen but no run-up trigger (pullback/run-up thresholds not met),2026-09-11 03:51:51 UTC
MFA-C,,PASS,0,,22.61,Breakout seen but no run-up trigger (pullback/run-up thresholds not met),2026-09-11 03:51:51 UTC
MFC,,PASS,0,,43.48,Breakout seen but no run-up trigger (pullback/run-up thresholds not met),2026-09-11 03:51:51 UTC
MFG,,PASS,0,,11.06,Breakout seen but no run-up trigger (pullback/run-up thresholds not met),2026-09-11 03:51:51 UTC
MFI,,PASS,102,102.3,9.28,Run-up triggered but EMA stack failed on run-up top (EMA10>EMA20>EMA50),2026-09-11 03:51:51 UTC
MFIC,,PASS,0,,9.05,Breakout seen but no run-up trigger (pullback/run-up thresholds not met),2026-09-11 03:51:51 UTC
MFIN,,PASS,0,,12.13,Breakout seen but no run-up trigger (pullback/run-up thresholds not met),2026-09-11 03:51:51 UTC
MG,,PASS,33,32.8,19.35,Run-up triggered but EMA stack failed on run-up top (EMA10>EMA20>EMA50),2026-09-11 03:51:51 UTC
MGA,,PASS,38,37.7,65.14,Breakout seen but no run-up trigger (pullback/run-up thresholds not met),2026-09-11 03:51:51 UTC
MGEE,,PASS,0,,76.44,Breakout seen but no run-up trigger (pullback/run-up thresholds not met),2026-09-11 03:51:51 UTC
MGM,,PASS,46,46.1,40.73,"Triangle occurred on 2026-06-22, not within last 5 bars",2026-09-11 03:51:51 UTC
MGNI,,PASS,44,43.5,23.55,"Triangle occurred on 2026-08-24, not within last 5 bars",2026-09-11 03:51:51 UTC
MGNX,,PASS,33,33.3,3.97,Breakout seen but no run-up trigger (pullback/run-up thresholds not met),2026-09-11 03:51:51 UTC
MGPI,,PASS,31,31.3,15.11,Breakout seen but no run-up trigger (pullback/run-up thresholds not met),2026-09-11 03:51:51 UTC
MGRC,,PASS,0,,109.86,Breakout seen but no run-up trigger (pullback/run-up thresholds not met),2026-09-11 03:51:51 UTC
MGRT,,PASS,31,30.5,120.7,"Triangle occurred on 2026-05-14, not within last 5 bars",2026-09-11 03:51:51 UTC
MGTX,,PASS,73,72.7,12.85,Breakout seen but no run-up trigger (pullback/run-up thresholds not met),2026-09-11 03:51:51 UTC
MGY,,PASS,0,,27.7,Breakout seen but no run-up trigger (pullback/run-up thresholds not met),2026-09-11 03:51:51 UTC
MGYR,,PASS,0,,19.83,Breakout seen but no run-up trigger (pullback/run-up thresholds not met),2026-09-11 03:51:51 UTC
MH,,PASS,52,52.4,12.11,Breakout seen but no run-up trigger (pullback/run-up thresholds not met),2026-09-11 03:51:51 UTC
MHH,,PASS,34,33.6,7.46,Breakout seen but no run-up trigger (pullback/run-up thresholds not met),2026-09-11 03:51:51 UTC
MHK,,PASS,33,33.0,124.24,"Triangle occurred on 2026-08-20, not within last 5 bars",2026-09-11 03:51:51 UTC
MHLD,,PASS,42,42.0,6.31,"Triangle occurred on 2026-03-26, not within last 5 bars",2026-09-11 03:51:51 UTC
MHO,,PASS,0,,139.1,Breakout seen but no run-up trigger (pullback/run-up thresholds not met),2026-09-11 03:51:51 UTC
MI,,PASS,10342,10342.1,2.1,"Triangle occurred on 2026-06-09, not within last 5 bars",2026-09-11 03:51:51 UTC
MIAX,,PASS,0,,42.54,Breakout seen but no run-up trigger (pullback/run-up thresholds not met),2026-09-11 03:51:51 UTC
MICC,,PASS,0,,19.5,Breakout seen but no run-up trigger (pullback/run-up thresholds not met),2026-09-11 03:51:51 UTC
MIDD,,PASS,35,34.5,105.72,Breakout seen but no run-up trigger (pullback/run-up thresholds not met),2026-09-11 03:51:51 UTC
MIGI,,PASS,44,43.6,6.21,Run-up triggered but EMA stack failed on run-up top (EMA10>EMA20>EMA50),2026-09-11 03:51:51 UTC
MIMI,,PASS,0,,1.05,Price below minimum ($2.00),2026-09-11 03:51:51 UTC
MIND,,PASS,44,44.2,3.91,"Triangle occurred on 2026-01-26, not within last 5 bars",2026-09-11 03:51:51 UTC
MIR,,PASS,33,32.8,15.84,Breakout seen but no run-up trigger (pullback/run-up thresholds not met),2026-09-11 03:51:51 UTC
MIRM,,PASS,44,43.5,100.61,"Triangle occurred on 2026-07-16, not within last 5 bars",2026-09-11 03:51:51 UTC
MITC,,PASS,483,483.2,2.31,"Triangle occurred on 2026-08-27, not within last 5 bars",2026-09-11 03:51:51 UTC
MITK,,PASS,45,45.2,17.1,"Triangle occurred on 2026-07-10, not within last 5 bars",2026-09-11 03:51:51 UTC
MITT,,PASS,0,,6.6,Breakout seen but no run-up trigger (pullback/run-up thresholds not met),2026-09-11 03:51:51 UTC
MKC,,PASS,0,,51.1,Breakout seen but no run-up trigger (pullback/run-up thresholds not met),2026-09-11 03:51:51 UTC
MKC.V,,PASS,0,,58.1,Breakout seen but no run-up trigger (pullback/run-up thresholds not met),2026-09-11 03:51:51 UTC
MKDW,,PASS,52,51.9,5.1,"Triangle occurred on 2026-07-17, not within last 5 bars",2026-09-11 03:51:51 UTC
MKL,,PASS,0,,1781.71,Breakout seen but no run-up trigger (pullback/run-up thresholds not met),2026-09-11 03:51:51 UTC
MKLY,,PASS,0,,10.26,Breakout seen but no run-up trigger (pullback/run-up thresholds not met),2026-09-11 03:51:51 UTC
MKSI,,PASS,41,41.5,261.84,Breakout seen but no run-up trigger (pullback/run-up thresholds not met),2026-09-11 03:51:51 UTC
MKTW,,PASS,32,31.8,18.0,Breakout seen but no run-up trigger (pullback/run-up thresholds not met),2026-09-11 03:51:51 UTC
MKTX,,PASS,0,,163.09,Breakout seen but no run-up trigger (pullback/run-up thresholds not met),2026-09-11 03:51:51 UTC
MKZR,,PASS,0,,1.46,Price below minimum ($2.00),2026-09-11 03:51:51 UTC
MLAA,,PASS,0,,10.01,Breakout seen but no run-up trigger (pullback/run-up thresholds not met),2026-09-11 03:51:51 UTC
MLAB,,PASS,0,,120.91,Breakout seen but no run-up trigger (pullback/run-up thresholds not met),2026-09-11 03:51:51 UTC
MLAC,,PASS,0,,0.95,Price below minimum ($2.00),2026-09-11 03:51:51 UTC
MLCI,,PASS,41,40.8,3.22,Run-up triggered but EMA stack failed on run-up top (EMA10>EMA20>EMA50),2026-09-11 03:51:51 UTC
MLCO,,PASS,40,39.7,5.01,Breakout seen but no run-up trigger (pullback/run-up thresholds not met),2026-09-11 03:51:51 UTC
MLEC,,PASS,403,402.6,7.39,"Triangle occurred on 2026-03-05, not within last 5 bars",2026-09-11 03:51:51 UTC
MLGO,,PASS,79,79.4,3.67,"Triangle occurred on 2026-06-08, not within last 5 bars",2026-09-11 03:51:51 UTC
MLI,,PASS,30,30.5,60.16,Run-up triggered but EMA stack failed on run-up top (EMA10>EMA20>EMA50),2026-09-11 03:51:51 UTC
MLKN,,PASS,37,37.3,20.8,Breakout seen but no run-up trigger (pullback/run-up thresholds not met),2026-09-11 03:51:51 UTC
MLM,,PASS,0,,502.47,Breakout seen but no run-up trigger (pullback/run-up thresholds not met),2026-09-11 03:51:51 UTC
MLP,,PASS,0,,16.08,Breakout seen but no run-up trigger (pullback/run-up thresholds not met),2026-09-11 03:51:51 UTC
MLR,,PASS,34,34.0,54.51,Breakout seen but no run-up trigger (pullback/run-up thresholds not met),2026-09-11 03:51:51 UTC
MLTX,,PASS,37,37.0,13.18,"Triangle occurred on 2026-06-26, not within last 5 bars",2026-09-11 03:51:51 UTC
MLYS,,PASS,40,39.5,29.3,Breakout seen but no run-up trigger (pullback/run-up thresholds not met),2026-09-11 03:51:51 UTC
MMC,,PASS,0,,177.29,Breakout seen but no run-up trigger (pullback/run-up thresholds not met),2026-09-11 03:51:51 UTC
MMED,,PASS,31,30.8,22.44,Breakout seen but no run-up trigger (pullback/run-up thresholds not met),2026-09-11 03:51:51 UTC
MMI,,PASS,0,,31.07,Breakout seen but no run-up trigger (pullback/run-up thresholds not met),2026-09-11 03:51:51 UTC
MMM,,PASS,0,,162.86,Breakout seen but no run-up trigger (pullback/run-up thresholds not met),2026-09-11 03:51:51 UTC
MMS,,PASS,0,,56.53,Breakout seen but no run-up trigger (pullback/run-up thresholds not met),2026-09-11 03:51:51 UTC
MMSI,,PASS,32,31.8,86.47,Triangle on 2026-09-08 but no higher low after triangle (last 10 bars),2026-09-11 03:51:51 UTC
MMTX,,PASS,0,,10.18,Breakout seen but no run-up trigger (pullback/run-up thresholds not met),2026-09-11 03:51:51 UTC
MMYT,,PASS,34,34.5,49.08,"Triangle occurred on 2026-08-19, not within last 5 bars",2026-09-11 03:51:51 UTC
MNDY,,PASS,38,38.1,85.17,Breakout seen but no run-up trigger (pullback/run-up thresholds not met),2026-09-11 03:51:51 UTC
MNKD,,PASS,32,32.4,3.79,Breakout seen but no run-up trigger (pullback/run-up thresholds not met),2026-09-11 03:51:51 UTC
MNMD,,PASS,127,126.8,37.73,"Triangle occurred on 2026-07-20, not within last 5 bars",2026-09-11 03:51:51 UTC
MNPR,,PASS,94,94.1,109.96,Breakout seen but no run-up trigger (pullback/run-up thresholds not met),2026-09-11 03:51:51 UTC
MNRO,,PASS,30,30.4,12.57,Breakout seen but no run-up trigger (pullback/run-up thresholds not met),2026-09-11 03:51:51 UTC
MNSB,,PASS,34,33.9,25.39,Breakout seen but no run-up trigger (pullback/run-up thresholds not met),2026-09-11 03:51:51 UTC
MNSO,,PASS,37,37.3,9.06,Breakout seen but no run-up trigger (pullback/run-up thresholds not met),2026-09-11 03:51:51 UTC
MNST,,PASS,0,,43.09,Breakout seen but no run-up trigger (pullback/run-up thresholds not met),2026-09-11 03:51:51 UTC
MNTK,,PASS,32,32.4,2.55,Breakout seen but no run-up trigger (pullback/run-up thresholds not met),2026-09-11 03:51:51 UTC
MNTN,,PASS,64,64.3,11.67,Breakout seen but no run-up trigger (pullback/run-up thresholds not met),2026-09-11 03:51:51 UTC
MNTS,,PASS,443,442.5,4.02,"Triangle occurred on 2026-06-10, not within last 5 bars",2026-09-11 03:51:51 UTC
MO,,PASS,0,,68.79,Breakout seen but no run-up trigger (pullback/run-up thresholds not met),2026-09-11 03:51:51 UTC
MOB,,PASS,41,40.9,4.92,Run-up triggered but EMA stack failed on run-up top (EMA10>EMA20>EMA50),2026-09-11 03:51:51 UTC
MOBI,,PASS,0,,,Not enough daily data,2026-09-11 03:51:51 UTC
MOBX,,PASS,0,,1.11,Price below minimum ($2.00),2026-09-11 03:51:51 UTC
MOD,,PASS,39,39.1,179.26,"Triangle occurred on 2026-05-29, not within last 5 bars",2026-09-11 03:51:51 UTC
MODD,,PASS,95,95.3,2.64,Run-up triggered but EMA stack failed on run-up top (EMA10>EMA20>EMA50),2026-09-11 03:51:51 UTC
MOG.A,,PASS,0,,366.72,Breakout seen but no run-up trigger (pullback/run-up thresholds not met),2026-09-11 03:51:51 UTC
MOG.B,,PASS,34,34.4,370.11,Breakout seen but no run-up trigger (pullback/run-up thresholds not met),2026-09-11 03:51:51 UTC
MOGU,,PASS,0,,1.85,Price below minimum ($2.00),2026-09-11 03:51:51 UTC
MOH,,PASS,53,52.9,200.28,Breakout seen but no run-up trigger (pullback/run-up thresholds not met),2026-09-11 03:51:51 UTC
MOLN,,PASS,34,33.7,4.18,Breakout seen but no run-up trigger (pullback/run-up thresholds not met),2026-09-11 03:51:51 UTC
MOMO,,PASS,31,31.2,5.04,Breakout seen but no run-up trigger (pullback/run-up thresholds not met),2026-09-11 03:51:51 UTC
MORN,,PASS,0,,193.15,Breakout seen but no run-up trigger (pullback/run-up thresholds not met),2026-09-11 03:51:51 UTC
MOS,,PASS,0,,25.4,Breakout seen but no run-up trigger (pullback/run-up thresholds not met),2026-09-11 03:51:51 UTC
MOV,,PASS,48,48.2,32.54,"Triangle occurred on 2026-07-07, not within last 5 bars",2026-09-11 03:51:51 UTC
MOVE,,PASS,34,33.9,11.58,"Triangle occurred on 2026-06-30, not within last 5 bars",2026-09-11 03:51:51 UTC
MP,,PASS,62,61.6,51.32,Run-up triggered but EMA stack failed on run-up top (EMA10>EMA20>EMA50),2026-09-11 03:51:51 UTC
MPAA,,PASS,47,47.4,10.97,"Triangle occurred on 2026-07-02, not within last 5 bars",2026-09-11 03:51:51 UTC
MPB,,PASS,32,32.2,37.01,Breakout seen but no run-up trigger (pullback/run-up thresholds not met),2026-09-11 03:51:51 UTC
MPC,,PASS,37,37.2,392.42,Breakout seen but no run-up trigger (pullback/run-up thresholds not met),2026-09-11 03:51:51 UTC
MPLN,,PASS,101,100.7,36.74,Triangle on 2026-09-10 but no higher low after triangle (last 10 bars),2026-09-11 03:51:51 UTC
MPLT,,PASS,51,51.2,13.79,"Triangle occurred on 2026-07-14, not within last 5 bars",2026-09-11 03:51:51 UTC
MPT,,PASS,0,,3.67,Breakout seen but no run-up trigger (pullback/run-up thresholds not met),2026-09-11 03:51:51 UTC
MPTI,,PASS,42,42.2,77.03,"Triangle occurred on 2026-06-18, not within last 5 bars",2026-09-11 03:51:51 UTC
MPW,,PASS,31,31.2,3.67,Breakout seen but no run-up trigger (pullback/run-up thresholds not met),2026-09-11 03:51:51 UTC
MPWR,,PASS,35,35.3,1186.08,Breakout seen but no run-up trigger (pullback/run-up thresholds not met),2026-09-11 03:51:51 UTC
MPX,,PASS,38,37.6,6.55,Breakout seen but no run-up trigger (pullback/run-up thresholds not met),2026-09-11 03:51:51 UTC
MQ,,PASS,376,375.7,16.16,Breakout seen but no run-up trigger (pullback/run-up thresholds not met),2026-09-11 03:51:51 UTC
MRAM,,PASS,57,56.6,15.93,Run-up triggered but EMA stack failed on run-up top (EMA10>EMA20>EMA50),2026-09-11 03:51:51 UTC
MRBK,,PASS,32,31.7,19.64,Breakout seen but no run-up trigger (pullback/run-up thresholds not met),2026-09-11 03:51:51 UTC
MRCY,,PASS,31,31.3,80.43,Breakout seen but no run-up trigger (pullback/run-up thresholds not met),2026-09-11 03:51:51 UTC
MRDN,,PASS,54,54.3,13.71,"Triangle occurred on 2026-06-24, not within last 5 bars",2026-09-11 03:51:51 UTC
MRK,,PASS,0,,144.71,Breakout seen but no run-up trigger (pullback/run-up thresholds not met),2026-09-11 03:51:51 UTC
MRLN,,PASS,189,189.1,3.02,"Triangle occurred on 2026-04-22, not within last 5 bars",2026-09-11 03:51:51 UTC
MRNA,,PASS,235,235.5,136.62,"Triangle occurred on 2026-07-15, not within last 5 bars",2026-09-11 03:51:51 UTC
MRP,,PASS,0,,29.59,Breakout seen but no run-up trigger (pullback/run-up thresholds not met),2026-09-11 03:51:51 UTC
MRSH,,PASS,0,,177.29,Breakout seen but no run-up trigger (pullback/run-up thresholds not met),2026-09-11 03:51:51 UTC
MRT,,PASS,33,32.6,2.05,Triangle on 2026-09-09 but no higher low after triangle (last 10 bars),2026-09-11 03:51:51 UTC
MRTN,,PASS,0,,13.92,Breakout seen but no run-up trigger (pullback/run-up thresholds not met),2026-09-11 03:51:51 UTC
MRVI,,PASS,70,70.3,6.73,Triangle on 2026-09-03 but no higher low after triangle (last 10 bars),2026-09-11 03:51:51 UTC
MRVL,,PASS,55,55.0,226.96,"Triangle occurred on 2026-06-11, not within last 5 bars",2026-09-11 03:51:51 UTC
MRX,,PASS,35,35.1,74.09,Breakout seen but no run-up trigger (pullback/run-up thresholds not met),2026-09-11 03:51:51 UTC
MS,,PASS,0,,212.66,Breakout seen but no run-up trigger (pullback/run-up thresholds not met),2026-09-11 03:51:51 UTC
MS-Q,,PASS,0,,25.12,Breakout seen but no run-up trigger (pullback/run-up thresholds not met),2026-09-11 03:51:51 UTC
MS.PR.P,,PASS,0,,24.84,Breakout seen but no run-up trigger (pullback/run-up thresholds not met),2026-09-11 03:51:51 UTC
MSA,,PASS,0,,181.27,Breakout seen but no run-up trigger (pullback/run-up thresholds not met),2026-09-11 03:51:51 UTC
MSAI,,PASS,35,35.3,4.66,Run-up triggered but EMA stack failed on run-up top (EMA10>EMA20>EMA50),2026-09-11 03:51:51 UTC
MSBI,,PASS,48,48.0,33.31,Breakout seen but no run-up trigger (pullback/run-up thresholds not met),2026-09-11 03:51:51 UTC
MSC,,PASS,0,,1.65,Price below minimum ($2.00),2026-09-11 03:51:51 UTC
MSCI,,PASS,0,,547.6,Breakout seen but no run-up trigger (pullback/run-up thresholds not met),2026-09-11 03:51:51 UTC
MSDL,,PASS,0,,14.64,Breakout seen but no run-up trigger (pullback/run-up thresholds not met),2026-09-11 03:51:51 UTC
MSEX,,PASS,32,32.1,57.18,Breakout seen but no run-up trigger (pullback/run-up thresholds not met),2026-09-11 03:51:51 UTC
MSFT,,PASS,36,36.1,492.44,"Triangle occurred on 2026-08-19, not within last 5 bars",2026-09-11 03:51:51 UTC
MSGE,,PASS,36,36.2,75.75,Breakout seen but no run-up trigger (pullback/run-up thresholds not met),2026-09-11 03:51:51 UTC
MSGM,,PASS,37,37.1,4.63,"Triangle occurred on 2026-07-15, not within last 5 bars",2026-09-11 03:51:51 UTC
MSGS,,PASS,30,30.1,392.11,Breakout seen but no run-up trigger (pullback/run-up thresholds not met),2026-09-11 03:51:51 UTC
MSI,,PASS,0,,463.88,Breakout seen but no run-up trigger (pullback/run-up thresholds not met),2026-09-11 03:51:51 UTC
MSIF,,PASS,0,,12.4,Breakout seen but no run-up trigger (pullback/run-up thresholds not met),2026-09-11 03:51:51 UTC
MSLE,,PASS,39,39.5,10.05,"Triangle occurred on 2026-07-20, not within last 5 bars",2026-09-11 03:51:51 UTC
MSM,,PASS,0,,119.68,Breakout seen but no run-up trigger (pullback/run-up thresholds not met),2026-09-11 03:51:51 UTC
MSTR,,PASS,58,58.1,128.56,"Triangle occurred on 2026-04-30, not within last 5 bars",2026-09-11 03:51:51 UTC
MT,,PASS,31,30.9,75.06,Breakout seen but no run-up trigger (pullback/run-up thresholds not met),2026-09-11 03:51:51 UTC
MTA,,PASS,62,62.0,10.03,"Triangle occurred on 2025-09-18, not within last 5 bars",2026-09-11 03:51:51 UTC
MTAL,,PASS,34,34.1,10.2,Breakout seen but no run-up trigger (pullback/run-up thresholds not met),2026-09-11 03:51:51 UTC
MTB,,PASS,0,,239.02,Breakout seen but no run-up trigger (pullback/run-up thresholds not met),2026-09-11 03:51:51 UTC
MTB-H,,PASS,0,,24.97,Breakout seen but no run-up trigger (pullback/run-up thresholds not met),2026-09-11 03:51:51 UTC
MTB-K,,PASS,0,,22.79,Breakout seen but no run-up trigger (pullback/run-up thresholds not met),2026-09-11 03:51:51 UTC
MTB.PR.H,,PASS,0,,24.97,Breakout seen but no run-up trigger (pullback/run-up thresholds not met),2026-09-11 03:51:51 UTC
MTBC,,PASS,31,30.5,2.04,"Triangle occurred on 2025-09-08, not within last 5 bars",2026-09-11 03:51:51 UTC
MTC,,PASS,52,52.4,4.72,"Triangle occurred on 2026-04-20, not within last 5 bars",2026-09-11 03:51:51 UTC
MTCH,,PASS,0,,41.82,Breakout seen but no run-up trigger (pullback/run-up thresholds not met),2026-09-11 03:51:51 UTC
MTD,,PASS,0,,1280.58,Breakout seen but no run-up trigger (pullback/run-up thresholds not met),2026-09-11 03:51:51 UTC
MTDR,,PASS,39,39.0,61.62,Breakout seen but no run-up trigger (pullback/run-up thresholds not met),2026-09-11 03:51:51 UTC
MTEST,,PASS,0,,,Not enough daily data,2026-09-11 03:51:51 UTC
MTEST.A,,PASS,0,,25.08,Breakout seen but no run-up trigger (pullback/run-up thresholds not met),2026-09-11 03:51:51 UTC
MTEX,,PASS,58,57.9,8.51,"Triangle occurred on 2025-02-19, not within last 5 bars",2026-09-11 03:51:51 UTC
MTG,,PASS,0,,30.84,Breakout seen but no run-up trigger (pullback/run-up thresholds not met),2026-09-11 03:51:51 UTC
MTH,,PASS,0,,61.95,Breakout seen but no run-up trigger (pullback/run-up thresholds not met),2026-09-11 03:51:51 UTC
MTL,,PASS,76,75.6,2.25,"Triangle occurred on 2022-11-08, not within last 5 bars",2026-09-11 03:51:51 UTC
MTLS,,PASS,0,,7.43,Breakout seen but no run-up trigger (pullback/run-up thresholds not met),2026-09-11 03:51:51 UTC
MTN,,PASS,0,,133.33,Breakout seen but no run-up trigger (pullback/run-up thresholds not met),2026-09-11 03:51:51 UTC
MTP,,PASS,0,,0.66,Price below minimum ($2.00),2026-09-11 03:51:51 UTC
MTRN,,PASS,62,61.6,251.67,Run-up triggered but EMA stack failed on run-up top (EMA10>EMA20>EMA50),2026-09-11 03:51:51 UTC
MTRX,,PASS,31,30.6,10.36,Breakout seen but no run-up trigger (pullback/run-up thresholds not met),2026-09-11 03:51:51 UTC
MTSI,,PASS,45,45.2,272.43,Run-up triggered but EMA stack failed on run-up top (EMA10>EMA20>EMA50),2026-09-11 03:51:51 UTC
MTUS,,PASS,0,,19.19,Breakout seen but no run-up trigger (pullback/run-up thresholds not met),2026-09-11 03:51:51 UTC
MTVA,,PASS,0,,1.75,Price below minimum ($2.00),2026-09-11 03:51:51 UTC
MTW,,PASS,60,60.1,20.56,Breakout seen but no run-up trigger (pullback/run-up thresholds not met),2026-09-11 03:51:51 UTC
MTX,,PASS,0,,69.42,Breakout seen but no run-up trigger (pullback/run-up thresholds not met),2026-09-11 03:51:51 UTC
MTZ,,PASS,33,32.5,232.2,Breakout seen but no run-up trigger (pullback/run-up thresholds not met),2026-09-11 03:51:51 UTC
MU,,PASS,42,42.0,977.41,"Triangle occurred on 2026-08-06, not within last 5 bars",2026-09-11 03:51:51 UTC
MUFG,,PASS,0,,23.29,Breakout seen but no run-up trigger (pullback/run-up thresholds not met),2026-09-11 03:51:51 UTC
MUR,,PASS,32,32.5,38.83,Breakout seen but no run-up trigger (pullback/run-up thresholds not met),2026-09-11 03:51:51 UTC
MUSA,,PASS,0,,525.78,Breakout seen but no run-up trigger (pullback/run-up thresholds not met),2026-09-11 03:51:51 UTC
MUX,,PASS,45,45.3,19.55,Breakout seen but no run-up trigger (pullback/run-up thresholds not met),2026-09-11 03:51:51 UTC
MUZE,,PASS,0,,,Not enough daily data,2026-09-11 03:51:51 UTC
MVBF,,PASS,33,32.5,31.32,Breakout seen but no run-up trigger (pullback/run-up thresholds not met),2026-09-11 03:51:51 UTC
MWA,,PASS,0,,23.69,Breakout seen but no run-up trigger (pullback/run-up thresholds not met),2026-09-11 03:51:51 UTC
MWC,,PASS,0,,,Not enough daily data,2026-09-11 03:51:51 UTC
MWH,,PASS,76,75.6,24.5,Breakout seen but no run-up trigger (pullback/run-up thresholds not met),2026-09-11 03:51:51 UTC
MX,,PASS,145,144.8,2.97,"Triangle occurred on 2026-08-06, not within last 5 bars",2026-09-11 03:51:51 UTC
MXC,,PASS,32,31.8,11.25,Breakout seen but no run-up trigger (pullback/run-up thresholds not met),2026-09-11 03:51:51 UTC
MXL,,PASS,56,56.1,69.34,"Triangle occurred on 2026-07-13, not within last 5 bars",2026-09-11 03:51:51 UTC
MYE,,PASS,62,62.2,30.19,Breakout seen but no run-up trigger (pullback/run-up thresholds not met),2026-09-11 03:51:51 UTC
MYFW,,PASS,31,30.9,31.0,Breakout seen but no run-up trigger (pullback/run-up thresholds not met),2026-09-11 03:51:51 UTC
MYGN,,PASS,53,53.5,3.36,Breakout seen but no run-up trigger (pullback/run-up thresholds not met),2026-09-11 03:51:51 UTC
MYNZ,,PASS,0,,1.39,Price below minimum ($2.00),2026-09-11 03:51:51 UTC
MYRG,,PASS,44,44.2,284.47,Breakout seen but no run-up trigger (pullback/run-up thresholds not met),2026-09-11 03:51:51 UTC
MYSE,,PASS,32,32.4,2.67,"Triangle occurred on 2026-08-31, not within last 5 bars",2026-09-11 03:51:51 UTC
MYTE,,PASS,63,62.6,7.42,Breakout seen but no run-up trigger (pullback/run-up thresholds not met),2026-09-11 03:51:51 UTC
MYX,,PASS,195,195.5,9.99,Breakout seen but no run-up trigger (pullback/run-up thresholds not met),2026-09-11 03:51:51 UTC
MZTI,,PASS,0,,101.47,Breakout seen but no run-up trigger (pullback/run-up thresholds not met),2026-09-11 03:51:51 UTC
MZYX,,PASS,0,,,Not enough daily data,2026-09-11 03:51:51 UTC
MZYX.UN,,PASS,0,,10.1,Breakout seen but no run-up trigger (pullback/run-up thresholds not met),2026-09-11 03:51:51 UTC
NA,,PASS,36,35.6,2.37,"Triangle occurred on 2026-09-01, not within last 5 bars",2026-09-11 03:51:51 UTC
NAAS,,PASS,43,42.7,3.28,"Triangle occurred on 2026-07-20, not within last 5 bars",2026-09-11 03:51:51 UTC
NABL,,PASS,70,70.2,3.86,Breakout seen but no run-up trigger (pullback/run-up thresholds not met),2026-09-11 03:51:51 UTC
NAGE,,PASS,47,47.4,3.04,Breakout seen but no run-up trigger (pullback/run-up thresholds not met),2026-09-11 03:51:51 UTC
NAII,,PASS,58,58.0,2.02,"Triangle occurred on 2026-01-27, not within last 5 bars",2026-09-11 03:51:51 UTC
NAK,,PASS,0,,1.46,Price below minimum ($2.00),2026-09-11 03:51:51 UTC
NAKA,,PASS,76,75.6,7.76,"Triangle occurred on 2025-06-13, not within last 5 bars",2026-09-11 03:51:51 UTC
NAMS,,PASS,52,51.5,21.86,Breakout seen but no run-up trigger (pullback/run-up thresholds not met),2026-09-11 03:51:51 UTC
NAT,,PASS,33,32.7,7.21,Breakout seen but no run-up trigger (pullback/run-up thresholds not met),2026-09-11 03:51:51 UTC
NATH,,PASS,0,,97.81,Breakout seen but no run-up trigger (pullback/run-up thresholds not met),2026-09-11 03:51:51 UTC
NATL,,PASS,73,73.1,46.25,Breakout seen but no run-up trigger (pullback/run-up thresholds not met),2026-09-11 03:51:51 UTC
NATR,,PASS,67,66.8,13.61,Breakout seen but no run-up trigger (pullback/run-up thresholds not met),2026-09-11 03:51:51 UTC
NAUT,,PASS,0,,0.99,Price below minimum ($2.00),2026-09-11 03:51:51 UTC
NAVI,,PASS,0,,9.15,Breakout seen but no run-up trigger (pullback/run-up thresholds not met),2026-09-11 03:51:51 UTC
NAVN,,PASS,54,53.8,20.26,Breakout seen but no run-up trigger (pullback/run-up thresholds not met),2026-09-11 03:51:51 UTC
NB,,PASS,41,41.1,3.81,Run-up triggered but EMA stack failed on run-up top (EMA10>EMA20>EMA50),2026-09-11 03:51:51 UTC
NBBK,,PASS,0,,22.86,Breakout seen but no run-up trigger (pullback/run-up thresholds not met),2026-09-11 03:51:51 UTC
NBHC,,PASS,0,,41.57,Breakout seen but no run-up trigger (pullback/run-up thresholds not met),2026-09-11 03:51:51 UTC
NBIS,,PASS,55,55.5,228.11,"Triangle occurred on 2026-08-27, not within last 5 bars",2026-09-11 03:51:51 UTC
NBIX,,PASS,55,54.9,156.57,Breakout seen but no run-up trigger (pullback/run-up thresholds not met),2026-09-11 03:51:51 UTC
NBN,,PASS,38,38.1,131.22,Breakout seen but no run-up trigger (pullback/run-up thresholds not met),2026-09-11 03:51:51 UTC
NBP,,PASS,0,,1.69,Price below minimum ($2.00),2026-09-11 03:51:51 UTC
NBR,,PASS,38,38.1,90.6,Breakout seen but no run-up trigger (pullback/run-up thresholds not met),2026-09-11 03:51:51 UTC
NBRG,,PASS,0,,,Not enough daily data,2026-09-11 03:51:51 UTC
NBTB,,PASS,0,,51.62,Breakout seen but no run-up trigger (pullback/run-up thresholds not met),2026-09-11 03:51:51 UTC
NBTX,,PASS,32,31.9,37.6,"Triangle occurred on 2026-09-01, not within last 5 bars",2026-09-11 03:51:51 UTC
NC,,PASS,0,,39.84,Breakout seen but no run-up trigger (pullback/run-up thresholds not met),2026-09-11 03:51:51 UTC
NCDL,,PASS,0,,12.07,Breakout seen but no run-up trigger (pullback/run-up thresholds not met),2026-09-11 03:51:51 UTC
NCEL,,PASS,38,37.5,3.38,"Triangle occurred on 2026-07-15, not within last 5 bars",2026-09-11 03:51:51 UTC
NCEW,,PASS,71,70.6,18.93,Breakout seen but no run-up trigger (pullback/run-up thresholds not met),2026-09-11 03:51:51 UTC
NCI,,PASS,44,43.6,12.69,"Triangle occurred on 2026-08-28, not within last 5 bars",2026-09-11 03:51:51 UTC
NCLH,,PASS,35,34.6,14.57,Breakout seen but no run-up trigger (pullback/run-up thresholds not met),2026-09-11 03:51:51 UTC
NCMI,,PASS,0,,2.46,Breakout seen but no run-up trigger (pullback/run-up thresholds not met),2026-09-11 03:51:51 UTC
NCNA,,PASS,0,,1.34,Price below minimum ($2.00),2026-09-11 03:51:51 UTC
NCNO,,PASS,33,33.4,21.43,Breakout seen but no run-up trigger (pullback/run-up thresholds not met),2026-09-11 03:51:51 UTC
NCSM,,PASS,48,48.2,53.35,Breakout seen but no run-up trigger (pullback/run-up thresholds not met),2026-09-11 03:51:51 UTC
NCT,,PASS,0,,0.29,Price below minimum ($2.00),2026-09-11 03:51:51 UTC
NCTY,,PASS,128,127.9,3.74,Run-up triggered but EMA stack failed on run-up top (EMA10>EMA20>EMA50),2026-09-11 03:51:51 UTC
NDAQ,,PASS,0,,92.01,Breakout seen but no run-up trigger (pullback/run-up thresholds not met),2026-09-11 03:51:51 UTC
NDLS,,PASS,76,76.3,14.0,"Triangle occurred on 2026-08-12, not within last 5 bars",2026-09-11 03:51:51 UTC
NDRA,,PASS,62,61.8,5.79,"Triangle occurred on 2026-06-29, not within last 5 bars",2026-09-11 03:51:51 UTC
NDSN,,PASS,0,,307.45,Breakout seen but no run-up trigger (pullback/run-up thresholds not met),2026-09-11 03:51:51 UTC
NE,,PASS,66,66.1,45.74,Breakout seen but no run-up trigger (pullback/run-up thresholds not met),2026-09-11 03:51:51 UTC
NE.WTA,,PASS,303,302.8,23.93,"Triangle occurred on 2026-05-27, not within last 5 bars",2026-09-11 03:51:51 UTC
NECB,,PASS,0,,26.95,Breakout seen but no run-up trigger (pullback/run-up thresholds not met),2026-09-11 03:51:51 UTC
NEE,,PASS,0,,82.44,Breakout seen but no run-up trigger (pullback/run-up thresholds not met),2026-09-11 03:51:51 UTC
NEE-T,,PASS,0,,47.95,Breakout seen but no run-up trigger (pullback/run-up thresholds not met),2026-09-11 03:51:51 UTC
NEEXU,,PASS,0,,49.83,Breakout seen but no run-up trigger (pullback/run-up thresholds not met),2026-09-11 03:51:51 UTC
NEGG,,PASS,61,61.1,14.44,Run-up triggered but EMA stack failed on run-up top (EMA10>EMA20>EMA50),2026-09-11 03:51:51 UTC
NEM,,WATCH,52,52.0,126.14,"Triangle on 2026-09-04 (last 5 bars) + higher low after; EMA10 touched 3 bars; breakout 2026-08-25, top 2026-08-25, pullback-trigger 2026-08-28",2026-09-11 03:51:51 UTC
NEO,,PASS,55,54.9,17.61,Breakout seen but no run-up trigger (pullback/run-up thresholds not met),2026-09-11 03:51:51 UTC
NEOG,,PASS,41,41.2,11.77,"Triangle occurred on 2026-08-19, not within last 5 bars",2026-09-11 03:51:51 UTC
NEON,,PASS,0,,0.82,Price below minimum ($2.00),2026-09-11 03:51:51 UTC
NEOV,,PASS,47,47.5,3.67,"Triangle occurred on 2026-01-29, not within last 5 bars",2026-09-11 03:51:51 UTC
NEPH,,PASS,49,49.4,4.52,"Triangle occurred on 2026-08-24, not within last 5 bars",2026-09-11 03:51:51 UTC
NERV,,PASS,47,46.6,4.16,Run-up triggered but EMA stack failed on run-up top (EMA10>EMA20>EMA50),2026-09-11 03:51:51 UTC
NESR,,PASS,51,50.9,33.82,"Triangle occurred on 2026-08-26, not within last 5 bars",2026-09-11 03:51:51 UTC
NET,,WATCH,33,32.5,311.17,"Triangle on 2026-09-04 (last 5 bars) + higher low after; EMA50 touched 3 bars; breakout 2026-08-13, top 2026-08-13, pullback-trigger 2026-08-17",2026-09-11 03:51:51 UTC
NEU,,PASS,31,30.7,880.61,"Triangle occurred on 2026-08-24, not within last 5 bars",2026-09-11 03:51:51 UTC
NEUP,,PASS,104,104.4,3.73,Breakout seen but no run-up trigger (pullback/run-up thresholds not met),2026-09-11 03:51:51 UTC
NEWP,,PASS,65,65.0,5.85,Breakout seen but no run-up trigger (pullback/run-up thresholds not met),2026-09-11 03:51:51 UTC
NEWT,,PASS,34,33.7,12.17,Breakout seen but no run-up trigger (pullback/run-up thresholds not met),2026-09-11 03:51:51 UTC
NEXA,,PASS,89,89.1,13.14,Breakout seen but no run-up trigger (pullback/run-up thresholds not met),2026-09-11 03:51:51 UTC
NEXM,,PASS,39,38.8,2.37,Breakout seen but no run-up trigger (pullback/run-up thresholds not met),2026-09-11 03:51:51 UTC
NEXN,,PASS,33,32.9,9.2,Breakout seen but no run-up trigger (pullback/run-up thresholds not met),2026-09-11 03:51:51 UTC
NEXT,,PASS,31,31.1,7.67,Breakout seen but no run-up trigger (pullback/run-up thresholds not met),2026-09-11 03:51:51 UTC
NFBK,,PASS,0,,,**symbol** not found: NFBK. Please specify it correctly according to API Documentation.,2026-09-11 03:51:51 UTC
NFG,,PASS,0,,82.33,Breakout seen but no run-up trigger (pullback/run-up thresholds not met),2026-09-11 03:51:51 UTC
NFGC,,PASS,0,,1.69,Price below minimum ($2.00),2026-09-11 03:51:51 UTC
NFLX,,PASS,34,33.6,76.01,Breakout seen but no run-up trigger (pullback/run-up thresholds not met),2026-09-11 03:51:51 UTC
NG,,PASS,33,33.2,7.61,"Triangle occurred on 2025-12-10, not within last 5 bars",2026-09-11 03:51:51 UTC
NGEN,,PASS,47,47.2,2.16,Run-up triggered but EMA stack failed on run-up top (EMA10>EMA20>EMA50),2026-09-11 03:51:51 UTC
NGG,,PASS,0,,76.38,Breakout seen but no run-up trigger (pullback/run-up thresholds not met),2026-09-11 03:51:51 UTC
NGNE,,WATCH,37,37.4,36.12,"Triangle on 2026-09-03 (last 5 bars) + higher low after; EMA10 touched 3 bars; breakout 2026-08-25, top 2026-08-25, pullback-trigger 2026-08-26",2026-09-11 03:51:51 UTC
NGS,,PASS,50,50.3,36.84,Breakout seen but no run-up trigger (pullback/run-up thresholds not met),2026-09-11 03:51:51 UTC
NGVC,,PASS,35,35.1,28.01,Breakout seen but no run-up trigger (pullback/run-up thresholds not met),2026-09-11 03:51:51 UTC
NGVT,,PASS,46,45.5,67.13,Breakout seen but no run-up trigger (pullback/run-up thresholds not met),2026-09-11 03:51:51 UTC
NHC,,PASS,35,35.3,224.92,Breakout seen but no run-up trigger (pullback/run-up thresholds not met),2026-09-11 03:51:51 UTC
NHI,,PASS,0,,70.21,Breakout seen but no run-up trigger (pullback/run-up thresholds not met),2026-09-11 03:51:51 UTC
NHIC,,PASS,0,,10.62,Breakout seen but no run-up trigger (pullback/run-up thresholds not met),2026-09-11 03:51:51 UTC
NHP,,PASS,33,33.2,16.04,Run-up triggered but EMA stack failed on run-up top (EMA10>EMA20>EMA50),2026-09-11 03:51:51 UTC
NHTC,,PASS,0,,1.59,Price below minimum ($2.00),2026-09-11 03:51:51 UTC
NI,,PASS,0,,41.42,Breakout seen but no run-up trigger (pullback/run-up thresholds not met),2026-09-11 03:51:51 UTC
NIC,,PASS,0,,170.25,Breakout seen but no run-up trigger (pullback/run-up thresholds not met),2026-09-11 03:51:51 UTC
NICE,,PASS,31,31.0,98.04,Breakout seen but no run-up trigger (pullback/run-up thresholds not met),2026-09-11 03:51:51 UTC
NICK,,PASS,46,46.5,4.17,Breakout seen but no run-up trigger (pullback/run-up thresholds not met),2026-09-11 03:51:51 UTC
NICM,,PASS,0,,,Not enough daily data,2026-09-11 03:51:51 UTC
NILE.PR.D,,PASS,807,807.3,14.0,Breakout seen but no run-up trigger (pullback/run-up thresholds not met),2026-09-11 03:51:51 UTC
NINE,,PASS,39,39.3,10.25,"Triangle occurred on 2026-07-08, not within last 5 bars",2026-09-11 03:51:51 UTC
NIO,,PASS,32,32.3,3.58,"Triangle occurred on 2026-04-27, not within last 5 bars",2026-09-11 03:51:51 UTC
NIQ,,PASS,78,78.1,17.65,Triangle on 2026-09-04 but no higher low after triangle (last 10 bars),2026-09-11 03:51:51 UTC
NITO,,PASS,0,,,**symbol** not found: NITO. Please specify it correctly according to API Documentation.,2026-09-11 03:51:51 UTC
NIU,,PASS,44,43.5,2.07,Run-up triggered but EMA stack failed on run-up top (EMA10>EMA20>EMA50),2026-09-11 03:51:51 UTC
NJR,,PASS,0,,53.34,Breakout seen but no run-up trigger (pullback/run-up thresholds not met),2026-09-11 03:51:51 UTC
NKE,,PASS,31,30.9,36.62,Breakout seen but no run-up trigger (pullback/run-up thresholds not met),2026-09-11 03:51:51 UTC
NKLR,,PASS,30,30.2,5.25,Run-up triggered but EMA stack failed on run-up top (EMA10>EMA20>EMA50),2026-09-11 03:51:51 UTC
NKSH,,PASS,0,,42.48,Breakout seen but no run-up trigger (pullback/run-up thresholds not met),2026-09-11 03:51:51 UTC
NKTR,,PASS,32,32.1,70.65,Breakout seen but no run-up trigger (pullback/run-up thresholds not met),2026-09-11 03:51:51 UTC
NKTX,,PASS,47,47.3,2.81,"Triangle occurred on 2026-08-06, not within last 5 bars",2026-09-11 03:51:51 UTC
NL,,PASS,48,47.5,7.02,Breakout seen but no run-up trigger (pullback/run-up thresholds not met),2026-09-11 03:51:51 UTC
NLOP,,PASS,0,,10.94,Breakout seen but no run-up trigger (pullback/run-up thresholds not met),2026-09-11 03:51:51 UTC
NLSP,,PASS,38,37.5,3.38,"Triangle occurred on 2026-07-15, not within last 5 bars",2026-09-11 03:51:51 UTC
NLY,,PASS,0,,22.0,Breakout seen but no run-up trigger (pullback/run-up thresholds not met),2026-09-11 03:51:51 UTC
NLY-J,,PASS,0,,25.76,Breakout seen but no run-up trigger (pullback/run-up thresholds not met),2026-09-11 03:51:51 UTC
NMAX,,PASS,55,54.5,10.98,"Triangle occurred on 2026-09-02, not within last 5 bars",2026-09-11 03:51:51 UTC
NMFC,,PASS,0,,7.23,Breakout seen but no run-up trigger (pullback/run-up thresholds not met),2026-09-11 03:51:51 UTC
NMG,,PASS,0,,1.35,Price below minimum ($2.00),2026-09-11 03:51:51 UTC
NMIH,,PASS,0,,44.19,Breakout seen but no run-up trigger (pullback/run-up thresholds not met),2026-09-11 03:51:51 UTC
NMP,,PASS,0,,10.36,Breakout seen but no run-up trigger (pullback/run-up thresholds not met),2026-09-11 03:51:51 UTC
NMR,,PASS,0,,10.54,Breakout seen but no run-up trigger (pullback/run-up thresholds not met),2026-09-11 03:51:51 UTC
NMRA,,PASS,0,,1.14,Price below minimum ($2.00),2026-09-11 03:51:51 UTC
NMRK,,PASS,54,54.2,14.17,Breakout seen but no run-up trigger (pullback/run-up thresholds not met),2026-09-11 03:51:51 UTC
NMTC,,PASS,0,,1.58,Price below minimum ($2.00),2026-09-11 03:51:51 UTC
NN,,PASS,63,63.3,14.83,Run-up triggered but EMA stack failed on run-up top (EMA10>EMA20>EMA50),2026-09-11 03:51:51 UTC
NNBR,,PASS,47,46.9,3.56,"Triangle occurred on 2026-08-12, not within last 5 bars",2026-09-11 03:51:51 UTC
NNDM,,PASS,0,,1.52,Price below minimum ($2.00),2026-09-11 03:51:51 UTC
NNE,,PASS,44,43.6,17.36,Run-up triggered but EMA stack failed on run-up top (EMA10>EMA20>EMA50),2026-09-11 03:51:51 UTC
NNI,,PASS,0,,125.78,Breakout seen but no run-up trigger (pullback/run-up thresholds not met),2026-09-11 03:51:51 UTC
NNN,,PASS,0,,43.85,Breakout seen but no run-up trigger (pullback/run-up thresholds not met),2026-09-11 03:51:51 UTC
NNNN,,PASS,34,33.8,6.51,"Triangle occurred on 2026-06-03, not within last 5 bars",2026-09-11 03:51:51 UTC
NNOX,,PASS,0,,0.73,Price below minimum ($2.00),2026-09-11 03:51:51 UTC
NNVC,,PASS,0,,1.02,Price below minimum ($2.00),2026-09-11 03:51:51 UTC
NOA,,PASS,0,,13.5,Breakout seen but no run-up trigger (pullback/run-up thresholds not met),2026-09-11 03:51:51 UTC
NOAH,,PASS,36,36.1,8.17,Breakout seen but no run-up trigger (pullback/run-up thresholds not met),2026-09-11 03:51:51 UTC
NOC,,PASS,0,,518.95,Breakout seen but no run-up trigger (pullback/run-up thresholds not met),2026-09-11 03:51:51 UTC
NODK,,PASS,0,,15.07,Breakout seen but no run-up trigger (pullback/run-up thresholds not met),2026-09-11 03:51:51 UTC
NOEM,,PASS,0,,10.69,Breakout seen but no run-up trigger (pullback/run-up thresholds not met),2026-09-11 03:51:51 UTC
NOG,,PASS,39,39.1,26.31,"Triangle occurred on 2026-08-28, not within last 5 bars",2026-09-11 03:51:51 UTC
NOK,,PASS,33,33.3,10.62,"Triangle occurred on 2026-06-16, not within last 5 bars",2026-09-11 03:51:51 UTC
NOMA,,PASS,0,,1.69,Price below minimum ($2.00),2026-09-11 03:51:51 UTC
NOMD,,PASS,0,,11.09,Breakout seen but no run-up trigger (pullback/run-up thresholds not met),2026-09-11 03:51:51 UTC
NOV,,PASS,0,,21.32,Breakout seen but no run-up trigger (pullback/run-up thresholds not met),2026-09-11 03:51:51 UTC
NOVT,,PASS,37,37.4,143.91,Breakout seen but no run-up trigger (pullback/run-up thresholds not met),2026-09-11 03:51:51 UTC
NOW,,PASS,63,62.9,131.17,Breakout seen but no run-up trigger (pullback/run-up thresholds not met),2026-09-11 03:51:51 UTC
NP,,PASS,34,34.1,31.14,Breakout seen but no run-up trigger (pullback/run-up thresholds not met),2026-09-11 03:51:51 UTC
NPAC,,PASS,0,,10.46,Breakout seen but no run-up trigger (pullback/run-up thresholds not met),2026-09-11 03:51:51 UTC
NPB,,PASS,32,32.1,17.0,Breakout seen but no run-up trigger (pullback/run-up thresholds not met),2026-09-11 03:51:51 UTC
NPCE,,PASS,36,36.5,13.87,Breakout seen but no run-up trigger (pullback/run-up thresholds not met),2026-09-11 03:51:51 UTC
NPK,,PASS,31,31.4,147.97,Breakout seen but no run-up trigger (pullback/run-up thresholds not met),2026-09-11 03:51:51 UTC
NPKI,,PASS,35,34.8,13.19,Breakout seen but no run-up trigger (pullback/run-up thresholds not met),2026-09-11 03:51:51 UTC
NPO,,PASS,33,33.5,293.88,"Triangle occurred on 2026-07-15, not within last 5 bars",2026-09-11 03:51:51 UTC
NPWR,,PASS,0,,1.82,Price below minimum ($2.00),2026-09-11 03:51:51 UTC
NR,,PASS,35,34.9,13.19,Breakout seen but no run-up trigger (pullback/run-up thresholds not met),2026-09-11 03:51:51 UTC
NRC,,PASS,33,32.6,21.26,"Triangle occurred on 2026-07-13, not within last 5 bars",2026-09-11 03:51:51 UTC
NRDS,,PASS,43,42.7,9.32,Breakout seen but no run-up trigger (pullback/run-up thresholds not met),2026-09-11 03:51:51 UTC
NREF,,PASS,0,,17.32,Breakout seen but no run-up trigger (pullback/run-up thresholds not met),2026-09-11 03:51:51 UTC
NREF-A,,PASS,0,,25.15,Breakout seen but no run-up trigger (pullback/run-up thresholds not met),2026-09-11 03:51:51 UTC
NRG,,PASS,35,35.2,111.65,Breakout seen but no run-up trigger (pullback/run-up thresholds not met),2026-09-11 03:51:51 UTC
NRGV,,PASS,40,39.9,4.21,"Triangle occurred on 2026-06-08, not within last 5 bars",2026-09-11 03:51:51 UTC
NRIM,,PASS,33,32.7,26.05,Breakout seen but no run-up trigger (pullback/run-up thresholds not met),2026-09-11 03:51:51 UTC
NRIX,,PASS,76,76.2,25.81,Breakout seen but no run-up trigger (pullback/run-up thresholds not met),2026-09-11 03:51:51 UTC
NRXP,,PASS,48,47.9,3.4,"Triangle occurred on 2026-07-21, not within last 5 bars",2026-09-11 03:51:51 UTC
NRXS,,PASS,36,36.0,5.69,"Triangle occurred on 2026-05-12, not within last 5 bars",2026-09-11 03:51:51 UTC
NSA,,PASS,0,,,**symbol** not found: NSA. Please specify it correctly according to API Documentation.,2026-09-11 03:51:51 UTC
NSA-B,,PASS,0,,,**symbol** not found: NSA-B. Please specify it correctly according to API Documentation.,2026-09-11 03:51:51 UTC
NSC,,PASS,0,,323.3,Breakout seen but no run-up trigger (pullback/run-up thresholds not met),2026-09-11 03:51:51 UTC
NSIT,,PASS,41,41.2,155.87,Breakout seen but no run-up trigger (pullback/run-up thresholds not met),2026-09-11 03:51:51 UTC
NSP,,PASS,41,41.4,49.82,Breakout seen but no run-up trigger (pullback/run-up thresholds not met),2026-09-11 03:51:51 UTC
NSRX,,PASS,30,30.2,3.35,"Triangle occurred on 2026-09-02, not within last 5 bars",2026-09-11 03:51:51 UTC
NSSC,,PASS,48,48.1,35.51,"Triangle occurred on 2026-08-25, not within last 5 bars",2026-09-11 03:51:51 UTC
NSTS,,PASS,0,,14.12,Breakout seen but no run-up trigger (pullback/run-up thresholds not met),2026-09-11 03:51:51 UTC
NSYS,,PASS,53,52.8,11.43,"Triangle occurred on 2026-06-16, not within last 5 bars",2026-09-11 03:51:51 UTC
NTAP,,PASS,34,33.8,183.6,"Triangle occurred on 2026-08-26, not within last 5 bars",2026-09-11 03:51:51 UTC
NTB,,PASS,0,,60.05,Breakout seen but no run-up trigger (pullback/run-up thresholds not met),2026-09-11 03:51:51 UTC
NTCT,,PASS,0,,37.44,Breakout seen but no run-up trigger (pullback/run-up thresholds not met),2026-09-11 03:51:51 UTC
NTES,,PASS,38,37.6,115.63,Breakout seen but no run-up trigger (pullback/run-up thresholds not met),2026-09-11 03:51:51 UTC
NTEST,,PASS,32,32.0,25.0,Breakout seen but no run-up trigger (pullback/run-up thresholds not met),2026-09-11 03:51:51 UTC
NTEST.H,,PASS,0,,25.01,Breakout seen but no run-up trigger (pullback/run-up thresholds not met),2026-09-11 03:51:51 UTC
NTEST.I,,PASS,0,,25.05,Breakout seen but no run-up trigger (pullback/run-up thresholds not met),2026-09-11 03:51:51 UTC
NTGR,,PASS,33,32.7,20.98,Breakout seen but no run-up trigger (pullback/run-up thresholds not met),2026-09-11 03:51:51 UTC
NTHI,,PASS,86,85.9,3.66,Run-up triggered but EMA stack failed on run-up top (EMA10>EMA20>EMA50),2026-09-11 03:51:51 UTC
NTIC,,PASS,0,,7.9,Breakout seen but no run-up trigger (pullback/run-up thresholds not met),2026-09-11 03:51:51 UTC
NTLA,,PASS,56,56.5,11.93,Breakout seen but no run-up trigger (pullback/run-up thresholds not met),2026-09-11 03:51:51 UTC
NTNX,,PASS,33,32.8,65.42,Breakout seen but no run-up trigger (pullback/run-up thresholds not met),2026-09-11 03:51:51 UTC
NTP,,PASS,48,48.0,4.21,Breakout seen but no run-up trigger (pullback/run-up thresholds not met),2026-09-11 03:51:51 UTC
NTR,,PASS,0,,78.74,Breakout seen but no run-up trigger (pullback/run-up thresholds not met),2026-09-11 03:51:51 UTC
NTRA,,PASS,38,38.0,326.14,Breakout seen but no run-up trigger (pullback/run-up thresholds not met),2026-09-11 03:51:51 UTC
NTRB,,PASS,131,130.9,6.08,"Triangle occurred on 2025-07-10, not within last 5 bars",2026-09-11 03:51:51 UTC
NTRP,,PASS,0,,1.46,Price below minimum ($2.00),2026-09-11 03:51:51 UTC
NTRS,,PASS,0,,187.19,Breakout seen but no run-up trigger (pullback/run-up thresholds not met),2026-09-11 03:51:51 UTC
NTSK,,PASS,57,57.4,15.1,"Triangle occurred on 2026-08-19, not within last 5 bars",2026-09-11 03:51:51 UTC
NTST,,PASS,0,,19.73,Breakout seen but no run-up trigger (pullback/run-up thresholds not met),2026-09-11 03:51:51 UTC
NTWK,,PASS,34,33.9,4.0,Breakout seen but no run-up trigger (pullback/run-up thresholds not met),2026-09-11 03:51:51 UTC
NTWO,,PASS,0,,10.9,Breakout seen but no run-up trigger (pullback/run-up thresholds not met),2026-09-11 03:51:51 UTC
NTZ,,PASS,0,,1.0,Price below minimum ($2.00),2026-09-11 03:51:51 UTC
NU,,PASS,38,38.1,15.02,Breakout seen but no run-up trigger (pullback/run-up thresholds not met),2026-09-11 03:51:51 UTC
NUAI,,PASS,53,52.6,5.93,"Triangle occurred on 2026-06-26, not within last 5 bars",2026-09-11 03:51:51 UTC
NUAIW,,PASS,36,36.4,2.58,"Triangle occurred on 2026-07-30, not within last 5 bars",2026-09-11 03:51:51 UTC
NUCL,,PASS,53,53.0,6.42,Run-up triggered but EMA stack failed on run-up top (EMA10>EMA20>EMA50),2026-09-11 03:51:51 UTC
NUCLW,,PASS,0,,0.7,Price below minimum ($2.00),2026-09-11 03:51:51 UTC
NUE,,PASS,52,51.8,255.46,Breakout seen but no run-up trigger (pullback/run-up thresholds not met),2026-09-11 03:51:51 UTC
NUS,,PASS,50,50.1,4.88,Breakout seen but no run-up trigger (pullback/run-up thresholds not met),2026-09-11 03:51:51 UTC
NUTR,,PASS,0,,,**symbol** not found: NUTR. Please specify it correctly according to API Documentation.,2026-09-11 03:51:51 UTC
NUTX,,PASS,43,42.6,195.2,"Triangle occurred on 2026-09-02, not within last 5 bars",2026-09-11 03:51:51 UTC
NUVB,,PASS,48,48.3,6.28,Breakout seen but no run-up trigger (pullback/run-up thresholds not met),2026-09-11 03:51:51 UTC
NUVL,,PASS,0,,,**symbol** not found: NUVL. Please specify it correctly according to API Documentation.,2026-09-11 03:51:51 UTC
NVA,,PASS,34,34.2,6.1,"Triangle occurred on 2026-07-15, not within last 5 bars",2026-09-11 03:51:51 UTC
NVAX,,PASS,34,34.4,9.3,Breakout seen but no run-up trigger (pullback/run-up thresholds not met),2026-09-11 03:51:51 UTC
NVCR,,PASS,40,40.1,15.35,"Triangle occurred on 2026-08-06, not within last 5 bars",2026-09-11 03:51:51 UTC
NVCT,,PASS,40,40.1,22.49,"Triangle occurred on 2026-09-01, not within last 5 bars",2026-09-11 03:51:51 UTC
NVDA,,PASS,32,32.0,218.36,Breakout seen but no run-up trigger (pullback/run-up thresholds not met),2026-09-11 03:51:51 UTC
NVEC,,PASS,62,62.5,97.62,"Triangle occurred on 2026-08-12, not within last 5 bars",2026-09-11 03:51:51 UTC
NVFY,,PASS,259,259.4,8.54,Breakout seen but no run-up trigger (pullback/run-up thresholds not met),2026-09-11 03:51:51 UTC
NVGS,,PASS,0,,22.99,Breakout seen but no run-up trigger (pullback/run-up thresholds not met),2026-09-11 03:51:51 UTC
NVMI,,PASS,35,34.7,366.03,Breakout seen but no run-up trigger (pullback/run-up thresholds not met),2026-09-11 03:51:51 UTC
NVNO,,PASS,44,44.5,11.12,Breakout seen but no run-up trigger (pullback/run-up thresholds not met),2026-09-11 03:51:51 UTC
NVO,,PASS,0,,44.01,Breakout seen but no run-up trigger (pullback/run-up thresholds not met),2026-09-11 03:51:51 UTC
NVR,,PASS,0,,6088.28,Breakout seen but no run-up trigger (pullback/run-up thresholds not met),2026-09-11 03:51:51 UTC
NVRI,,PASS,68,68.1,22.21,Breakout seen but no run-up trigger (pullback/run-up thresholds not met),2026-09-11 03:51:51 UTC
NVS,,PASS,0,,137.48,Breakout seen but no run-up trigger (pullback/run-up thresholds not met),2026-09-11 03:51:51 UTC
NVST,,PASS,34,33.7,25.87,Breakout seen but no run-up trigger (pullback/run-up thresholds not met),2026-09-11 03:51:51 UTC
NVT,,PASS,35,35.4,155.17,"Triangle occurred on 2026-06-08, not within last 5 bars",2026-09-11 03:51:51 UTC
NVTS,,PASS,54,54.1,11.15,Run-up triggered but EMA stack failed on run-up top (EMA10>EMA20>EMA50),2026-09-11 03:51:51 UTC
NWAX,,PASS,0,,10.14,Breakout seen but no run-up trigger (pullback/run-up thresholds not met),2026-09-11 03:51:51 UTC
NWAX.UN,,PASS,0,,10.35,Breakout seen but no run-up trigger (pullback/run-up thresholds not met),2026-09-11 03:51:51 UTC
NWBI,,PASS,0,,15.49,Breakout seen but no run-up trigger (pullback/run-up thresholds not met),2026-09-11 03:51:51 UTC
NWE,,PASS,0,,70.01,Breakout seen but no run-up trigger (pullback/run-up thresholds not met),2026-09-11 03:51:51 UTC
NWFL,,PASS,0,,34.42,Breakout seen but no run-up trigger (pullback/run-up thresholds not met),2026-09-11 03:51:51 UTC
NWG,,PASS,0,,18.42,Breakout seen but no run-up trigger (pullback/run-up thresholds not met),2026-09-11 03:51:51 UTC
NWL,,PASS,94,93.8,5.87,"Triangle occurred on 2026-07-10, not within last 5 bars",2026-09-11 03:51:51 UTC
NWN,,PASS,0,,49.06,Breakout seen but no run-up trigger (pullback/run-up thresholds not met),2026-09-11 03:51:51 UTC
NWPX,,PASS,41,40.8,103.63,Breakout seen but no run-up trigger (pullback/run-up thresholds not met),2026-09-11 03:51:51 UTC
NWS,,PASS,0,,32.78,Breakout seen but no run-up trigger (pullback/run-up thresholds not met),2026-09-11 03:51:51 UTC
NWSA,,PASS,0,,29.38,Breakout seen but no run-up trigger (pullback/run-up thresholds not met),2026-09-11 03:51:51 UTC
NX,,PASS,55,54.9,21.09,Breakout seen but no run-up trigger (pullback/run-up thresholds not met),2026-09-11 03:51:51 UTC
NXDR,,PASS,37,37.1,2.23,Breakout seen but no run-up trigger (pullback/run-up thresholds not met),2026-09-11 03:51:51 UTC
NXDT,,PASS,37,36.8,5.32,"Triangle occurred on 2026-07-27, not within last 5 bars",2026-09-11 03:51:51 UTC
NXE,,PASS,30,30.4,10.21,"Triangle occurred on 2026-02-02, not within last 5 bars",2026-09-11 03:51:51 UTC
NXPI,,PASS,0,,226.47,Breakout seen but no run-up trigger (pullback/run-up thresholds not met),2026-09-11 03:51:51 UTC
NXPL,,WATCH,60,60.0,9.08,"Triangle on 2026-09-08 (last 5 bars) + higher low after; EMA10 touched 3 bars; breakout 2026-08-13, top 2026-08-14, pullback-trigger 2026-08-17",2026-09-11 03:51:51 UTC
NXRT,,PASS,0,,22.6,Breakout seen but no run-up trigger (pullback/run-up thresholds not met),2026-09-11 03:51:51 UTC
NXST,,PASS,0,,169.97,Breakout seen but no run-up trigger (pullback/run-up thresholds not met),2026-09-11 03:51:51 UTC
NXT,,PASS,39,38.9,81.35,"Triangle occurred on 2026-05-27, not within last 5 bars",2026-09-11 03:51:51 UTC
NXTC,,PASS,121,120.8,7.31,"Triangle occurred on 2026-08-24, not within last 5 bars",2026-09-11 03:51:51 UTC
NXTS,,PASS,0,,1.69,Price below minimum ($2.00),2026-09-11 03:51:51 UTC
NYAX,,PASS,31,31.3,47.41,Breakout seen but no run-up trigger (pullback/run-up thresholds not met),2026-09-11 03:51:51 UTC
NYC,,PASS,73,72.7,6.31,Run-up triggered but EMA stack failed on run-up top (EMA10>EMA20>EMA50),2026-09-11 03:51:51 UTC
NYCB,,PASS,31,31.0,13.27,Breakout seen but no run-up trigger (pullback/run-up thresholds not met),2026-09-11 03:51:51 UTC
NYMT,,PASS,0,,9.15,Breakout seen but no run-up trigger (pullback/run-up thresholds not met),2026-09-11 03:51:51 UTC
NYNY,,PASS,0,,,Not enough daily data,2026-09-11 03:51:51 UTC
NYT,,PASS,0,,66.57,Breakout seen but no run-up trigger (pullback/run-up thresholds not met),2026-09-11 03:51:51 UTC
NYXH,,PASS,0,,1.5,Price below minimum ($2.00),2026-09-11 03:51:51 UTC
O,,PASS,0,,59.57,Breakout seen but no run-up trigger (pullback/run-up thresholds not met),2026-09-11 03:51:51 UTC
OABI,,PASS,186,185.8,3.95,"Triangle occurred on 2026-06-05, not within last 5 bars",2026-09-11 03:51:51 UTC
OACC,,PASS,0,,10.77,Breakout seen but no run-up trigger (pullback/run-up thresholds not met),2026-09-11 03:51:51 UTC
OAKU,,PASS,0,,,**symbol** not found: OAKU. Please specify it correctly according to API Documentation.,2026-09-11 03:51:51 UTC
OAS,,PASS,0,,149.49,Breakout seen but no run-up trigger (pullback/run-up thresholds not met),2026-09-11 03:51:51 UTC
OBA,,PASS,0,,10.32,Breakout seen but no run-up trigger (pullback/run-up thresholds not met),2026-09-11 03:51:51 UTC
OBDC,,PASS,0,,11.06,Breakout seen but no run-up trigger (pullback/run-up thresholds not met),2026-09-11 03:51:51 UTC
OBE,,PASS,36,35.9,12.74,Breakout seen but no run-up trigger (pullback/run-up thresholds not met),2026-09-11 03:51:51 UTC
OBIO,,PASS,63,62.6,5.81,Breakout seen but no run-up trigger (pullback/run-up thresholds not met),2026-09-11 03:51:51 UTC
OBK,,PASS,0,,54.26,Breakout seen but no run-up trigger (pullback/run-up thresholds not met),2026-09-11 03:51:51 UTC
OBT,,PASS,32,32.5,38.28,Breakout seen but no run-up trigger (pullback/run-up thresholds not met),2026-09-11 03:51:51 UTC
OC,,PASS,0,,127.49,Breakout seen but no run-up trigger (pullback/run-up thresholds not met),2026-09-11 03:51:51 UTC
OCANF,,PASS,36,36.4,30.01,Breakout seen but no run-up trigger (pullback/run-up thresholds not met),2026-09-11 03:51:51 UTC
OCC,,PASS,137,137.1,14.28,Breakout seen but no run-up trigger (pullback/run-up thresholds not met),2026-09-11 03:51:51 UTC
OCFC,,PASS,0,,18.74,Breakout seen but no run-up trigger (pullback/run-up thresholds not met),2026-09-11 03:51:51 UTC
OCG,,PASS,0,,1.51,Price below minimum ($2.00),2026-09-11 03:51:51 UTC
OCN,,PASS,31,31.2,34.58,Breakout seen but no run-up trigger (pullback/run-up thresholds not met),2026-09-11 03:51:51 UTC
OCS,,PASS,32,31.9,11.31,Breakout seen but no run-up trigger (pullback/run-up thresholds not met),2026-09-11 03:51:51 UTC
OCSL,,PASS,0,,12.58,Breakout seen but no run-up trigger (pullback/run-up thresholds not met),2026-09-11 03:51:51 UTC
OCTVV,,PASS,0,,,**symbol** not found: OCTVV. Please specify it correctly according to API Documentation.,2026-09-11 03:51:51 UTC
OCUL,,WATCH,44,44.0,10.62,"Triangle on 2026-09-03 (last 5 bars) + higher low after; EMA10 touched 3 bars; breakout 2026-08-19, top 2026-08-19, pullback-trigger 2026-08-20",2026-09-11 03:51:51 UTC
OCUP,,PASS,101,101.4,6.07,"Triangle occurred on 2026-04-22, not within last 5 bars",2026-09-11 03:51:51 UTC
OCX,,PASS,106,106.4,3.98,"Triangle occurred on 2026-05-22, not within last 5 bars",2026-09-11 03:51:51 UTC
ODC,,PASS,31,31.5,86.2,Breakout seen but no run-up trigger (pullback/run-up thresholds not met),2026-09-11 03:51:51 UTC
ODD,,PASS,31,31.2,16.01,Run-up triggered but EMA stack failed on run-up top (EMA10>EMA20>EMA50),2026-09-11 03:51:51 UTC
ODFL,,PASS,35,34.9,180.55,"Triangle occurred on 2026-06-24, not within last 5 bars",2026-09-11 03:51:51 UTC
ODTX,,PASS,0,,,Not enough daily data,2026-09-11 03:51:51 UTC
ODV,,PASS,33,32.6,2.82,Breakout seen but no run-up trigger (pullback/run-up thresholds not met),2026-09-11 03:51:51 UTC
ODYS,,PASS,33,33.4,3.46,Run-up triggered but EMA stack failed on run-up top (EMA10>EMA20>EMA50),2026-09-11 03:51:51 UTC
OEC,,PASS,46,46.3,5.79,Run-up triggered but EMA stack failed on run-up top (EMA10>EMA20>EMA50),2026-09-11 03:51:51 UTC
OESX,,PASS,48,48.3,28.39,"Triangle occurred on 2026-09-02, not within last 5 bars",2026-09-11 03:51:51 UTC
OFC,,PASS,0,,35.46,Breakout seen but no run-up trigger (pullback/run-up thresholds not met),2026-09-11 03:51:51 UTC
OFED,,PASS,0,,21.1,Breakout seen but no run-up trigger (pullback/run-up thresholds not met),2026-09-11 03:51:51 UTC
OFG,,PASS,0,,52.56,Breakout seen but no run-up trigger (pullback/run-up thresholds not met),2026-09-11 03:51:51 UTC
OFIX,,PASS,35,34.7,8.69,Breakout seen but no run-up trigger (pullback/run-up thresholds not met),2026-09-11 03:51:51 UTC
OFLX,,PASS,0,,25.51,Breakout seen but no run-up trigger (pullback/run-up thresholds not met),2026-09-11 03:51:51 UTC
OFRM,,PASS,42,41.6,15.89,Breakout seen but no run-up trigger (pullback/run-up thresholds not met),2026-09-11 03:51:51 UTC
OFS,,PASS,60,59.9,3.89,Breakout seen but no run-up trigger (pullback/run-up thresholds not met),2026-09-11 03:51:51 UTC
OGC,,PASS,36,36.4,30.01,Breakout seen but no run-up trigger (pullback/run-up thresholds not met),2026-09-11 03:51:51 UTC
OGE,,PASS,0,,46.59,Breakout seen but no run-up trigger (pullback/run-up thresholds not met),2026-09-11 03:51:51 UTC
OGN,,PASS,69,68.9,13.63,Breakout seen but no run-up trigger (pullback/run-up thresholds not met),2026-09-11 03:51:51 UTC
OGS,,PASS,0,,78.16,Breakout seen but no run-up trigger (pullback/run-up thresholds not met),2026-09-11 03:51:51 UTC
OHI,,PASS,0,,46.95,Breakout seen but no run-up trigger (pullback/run-up thresholds not met),2026-09-11 03:51:51 UTC
OI,,PASS,0,,6.63,Breakout seen but no run-up trigger (pullback/run-up thresholds not met),2026-09-11 03:51:51 UTC
OII,,PASS,30,30.3,50.57,Breakout seen but no run-up trigger (pullback/run-up thresholds not met),2026-09-11 03:51:51 UTC
OIM,,PASS,0,,10.14,Breakout seen but no run-up trigger (pullback/run-up thresholds not met),2026-09-11 03:51:51 UTC
OIO,,PASS,0,,1.68,Price below minimum ($2.00),2026-09-11 03:51:51 UTC
OIS,,PASS,87,86.6,8.59,Breakout seen but no run-up trigger (pullback/run-up thresholds not met),2026-09-11 03:51:51 UTC
OKE,,PASS,0,,95.72,Breakout seen but no run-up trigger (pullback/run-up thresholds not met),2026-09-11 03:51:51 UTC
OKLO,,PASS,81,81.5,39.88,Run-up triggered but EMA stack failed on run-up top (EMA10>EMA20>EMA50),2026-09-11 03:51:51 UTC
OKTA,,PASS,47,46.7,171.11,Breakout seen but no run-up trigger (pullback/run-up thresholds not met),2026-09-11 03:51:51 UTC
OKUR,,PASS,36,35.5,3.27,"Triangle occurred on 2026-06-12, not within last 5 bars",2026-09-11 03:51:51 UTC
OKYO,,PASS,0,,1.43,Price below minimum ($2.00),2026-09-11 03:51:51 UTC
OLED,,PASS,31,30.8,81.16,Breakout seen but no run-up trigger (pullback/run-up thresholds not met),2026-09-11 03:51:51 UTC
OLLI,,PASS,0,,71.92,Breakout seen but no run-up trigger (pullback/run-up thresholds not met),2026-09-11 03:51:51 UTC
OLMA,,PASS,42,41.5,10.69,"Triangle occurred on 2025-12-23, not within last 5 bars",2026-09-11 03:51:51 UTC
OLN,,PASS,39,38.8,17.31,Breakout seen but no run-up trigger (pullback/run-up thresholds not met),2026-09-11 03:51:51 UTC
OLOX,,PASS,0,,0.88,Price below minimum ($2.00),2026-09-11 03:51:51 UTC
OLP,,PASS,0,,23.23,Breakout seen but no run-up trigger (pullback/run-up thresholds not met),2026-09-11 03:51:51 UTC
OLPX,,PASS,0,,,**symbol** not found: OLPX. Please specify it correctly according to API Documentation.,2026-09-11 03:51:51 UTC
OM,,PASS,33,33.1,3.27,"Triangle occurred on 2026-08-11, not within last 5 bars",2026-09-11 03:51:51 UTC
OMAB,,PASS,32,31.5,98.13,Breakout seen but no run-up trigger (pullback/run-up thresholds not met),2026-09-11 03:51:51 UTC
OMC,,PASS,31,30.8,79.45,Breakout seen but no run-up trigger (pullback/run-up thresholds not met),2026-09-11 03:51:51 UTC
OMCL,,PASS,48,47.7,32.25,Breakout seen but no run-up trigger (pullback/run-up thresholds not met),2026-09-11 03:51:51 UTC
OMDA,,PASS,38,38.0,21.5,"Triangle occurred on 2026-09-01, not within last 5 bars",2026-09-11 03:51:51 UTC
OMER,,PASS,115,115.5,18.59,"Triangle occurred on 2026-01-08, not within last 5 bars",2026-09-11 03:51:51 UTC
OMF,,PASS,0,,62.06,Breakout seen but no run-up trigger (pullback/run-up thresholds not met),2026-09-11 03:51:51 UTC
OMI,,PASS,0,,1.07,Price below minimum ($2.00),2026-09-11 03:51:51 UTC
OMSE,,PASS,30,30.4,4.43,Breakout seen but no run-up trigger (pullback/run-up thresholds not met),2026-09-11 03:51:51 UTC
ON,,PASS,82,82.3,70.17,Breakout seen but no run-up trigger (pullback/run-up thresholds not met),2026-09-11 03:51:51 UTC
ONB,,PASS,0,,25.6,Breakout seen but no run-up trigger (pullback/run-up thresholds not met),2026-09-11 03:51:51 UTC
ONC,,PASS,31,30.9,341.8,Breakout seen but no run-up trigger (pullback/run-up thresholds not met),2026-09-11 03:51:51 UTC
ONCH,,PASS,0,,10.32,Breakout seen but no run-up trigger (pullback/run-up thresholds not met),2026-09-11 03:51:51 UTC
ONDS,,PASS,48,47.6,7.25,Run-up triggered but EMA stack failed on run-up top (EMA10>EMA20>EMA50),2026-09-11 03:51:51 UTC
ONEW,,PASS,38,37.8,10.98,"Triangle occurred on 2026-08-03, not within last 5 bars",2026-09-11 03:51:51 UTC
ONIT,,PASS,31,31.2,34.58,Breakout seen but no run-up trigger (pullback/run-up thresholds not met),2026-09-11 03:51:51 UTC
ONL,,PASS,35,34.9,2.57,Breakout seen but no run-up trigger (pullback/run-up thresholds not met),2026-09-11 03:51:51 UTC
ONON,,PASS,31,31.0,26.85,"Triangle occurred on 2026-06-11, not within last 5 bars",2026-09-11 03:51:51 UTC
ONT,,PASS,0,,,Not enough daily data,2026-09-11 03:51:51 UTC
ONTO,,PASS,65,64.5,268.92,"Triangle occurred on 2026-08-21, not within last 5 bars",2026-09-11 03:51:51 UTC
OOMA,,PASS,33,32.8,22.67,"Triangle occurred on 2026-06-16, not within last 5 bars",2026-09-11 03:51:51 UTC
OP,,PASS,76,75.7,10.39,"Triangle occurred on 2026-06-10, not within last 5 bars",2026-09-11 03:51:51 UTC
OPAL,,PASS,0,,1.82,Price below minimum ($2.00),2026-09-11 03:51:51 UTC
OPBK,,PASS,42,41.8,15.26,Breakout seen but no run-up trigger (pullback/run-up thresholds not met),2026-09-11 03:51:51 UTC
OPCH,,PASS,0,,23.63,Breakout seen but no run-up trigger (pullback/run-up thresholds not met),2026-09-11 03:51:51 UTC
OPEN,,PASS,80,80.4,2.8,"Triangle occurred on 2025-11-26, not within last 5 bars",2026-09-11 03:51:51 UTC
OPFI,,PASS,36,35.5,7.59,Breakout seen but no run-up trigger (pullback/run-up thresholds not met),2026-09-11 03:51:51 UTC
OPHC,,PASS,32,32.0,9.07,Breakout seen but no run-up trigger (pullback/run-up thresholds not met),2026-09-11 03:51:51 UTC
OPLN,,PASS,31,30.7,34.77,Breakout seen but no run-up trigger (pullback/run-up thresholds not met),2026-09-11 03:51:51 UTC
OPP.PR.C,,PASS,0,,10.25,Breakout seen but no run-up trigger (pullback/run-up thresholds not met),2026-09-11 03:51:51 UTC
OPRA,,PASS,37,36.9,18.03,Breakout seen but no run-up trigger (pullback/run-up thresholds not met),2026-09-11 03:51:51 UTC
OPRT,,PASS,52,52.3,7.66,"Triangle occurred on 2026-08-24, not within last 5 bars",2026-09-11 03:51:51 UTC
OPRX,,PASS,59,58.7,7.18,"Triangle occurred on 2026-08-25, not within last 5 bars",2026-09-11 03:51:51 UTC
OPTH,,PASS,0,,,Not enough daily data,2026-09-11 03:51:51 UTC
OPTX,,PASS,62,61.7,7.29,Run-up triggered but EMA stack failed on run-up top (EMA10>EMA20>EMA50),2026-09-11 03:51:51 UTC
OPXS,,PASS,40,40.3,10.49,Run-up triggered but EMA stack failed on run-up top (EMA10>EMA20>EMA50),2026-09-11 03:51:51 UTC
OPY,,PASS,32,31.8,123.83,Breakout seen but no run-up trigger (pullback/run-up thresholds not met),2026-09-11 03:51:51 UTC
OR,,PASS,0,,35.84,Breakout seen but no run-up trigger (pullback/run-up thresholds not met),2026-09-11 03:51:51 UTC
ORA,,PASS,0,,96.65,Breakout seen but no run-up trigger (pullback/run-up thresholds not met),2026-09-11 03:51:51 UTC
ORC,,PASS,0,,6.35,Breakout seen but no run-up trigger (pullback/run-up thresholds not met),2026-09-11 03:51:51 UTC
ORCL,,PASS,39,39.1,152.94,Breakout seen but no run-up trigger (pullback/run-up thresholds not met),2026-09-11 03:51:51 UTC
ORCL-D,,PASS,31,31.3,47.68,Breakout seen but no run-up trigger (pullback/run-up thresholds not met),2026-09-11 03:51:51 UTC
ORGN,,PASS,0,,0.07,Price below minimum ($2.00),2026-09-11 03:51:51 UTC
ORGO,,PASS,0,,1.53,Price below minimum ($2.00),2026-09-11 03:51:51 UTC
ORI,,PASS,0,,40.84,Breakout seen but no run-up trigger (pullback/run-up thresholds not met),2026-09-11 03:51:51 UTC
ORIC,,PASS,40,40.5,12.07,"Triangle occurred on 2026-08-26, not within last 5 bars",2026-09-11 03:51:51 UTC
ORIQ,,PASS,0,,10.4,Breakout seen but no run-up trigger (pullback/run-up thresholds not met),2026-09-11 03:51:51 UTC
ORKA,,PASS,82,82.4,91.65,Breakout seen but no run-up trigger (pullback/run-up thresholds not met),2026-09-11 03:51:51 UTC
ORLA,,PASS,0,,,**symbol** not found: ORLA. Please specify it correctly according to API Documentation.,2026-09-11 03:51:51 UTC
ORLY,,PASS,0,,85.51,Breakout seen but no run-up trigger (pullback/run-up thresholds not met),2026-09-11 03:51:51 UTC
ORMP,,PASS,31,31.5,4.76,"Triangle occurred on 2026-09-02, not within last 5 bars",2026-09-11 03:51:51 UTC
ORN,,PASS,39,38.7,9.06,Breakout seen but no run-up trigger (pullback/run-up thresholds not met),2026-09-11 03:51:51 UTC
ORRF,,PASS,0,,42.47,Breakout seen but no run-up trigger (pullback/run-up thresholds not met),2026-09-11 03:51:51 UTC
OSBC,,PASS,0,,25.53,Breakout seen but no run-up trigger (pullback/run-up thresholds not met),2026-09-11 03:51:51 UTC
OSCR,,PASS,31,31.1,32.58,"Triangle occurred on 2026-08-27, not within last 5 bars",2026-09-11 03:51:51 UTC
OSG,,PASS,61,60.8,4.99,Breakout seen but no run-up trigger (pullback/run-up thresholds not met),2026-09-11 03:51:51 UTC
OSIS,,PASS,43,43.0,201.25,Breakout seen but no run-up trigger (pullback/run-up thresholds not met),2026-09-11 03:51:51 UTC
OSK,,PASS,32,32.2,147.77,Breakout seen but no run-up trigger (pullback/run-up thresholds not met),2026-09-11 03:51:51 UTC
OSPN,,PASS,34,33.9,16.49,Breakout seen but no run-up trigger (pullback/run-up thresholds not met),2026-09-11 03:51:51 UTC
OSS,,PASS,46,45.5,8.91,"Triangle occurred on 2026-06-09, not within last 5 bars",2026-09-11 03:51:51 UTC
OST,,PASS,0,,1.7,Price below minimum ($2.00),2026-09-11 03:51:51 UTC
OSTK,,PASS,40,39.9,3.55,Run-up triggered but EMA stack failed on run-up top (EMA10>EMA20>EMA50),2026-09-11 03:51:51 UTC
OSTX,,PASS,0,,1.82,Price below minimum ($2.00),2026-09-11 03:51:51 UTC
OSUR,,PASS,50,50.3,3.23,Breakout seen but no run-up trigger (pullback/run-up thresholds not met),2026-09-11 03:51:51 UTC
OSW,,PASS,0,,21.92,Breakout seen but no run-up trigger (pullback/run-up thresholds not met),2026-09-11 03:51:51 UTC
OTAI.UN,,PASS,0,,,Not enough daily data,2026-09-11 03:51:51 UTC
OTEX,,PASS,0,,22.61,Breakout seen but no run-up trigger (pullback/run-up thresholds not met),2026-09-11 03:51:51 UTC
OTF,,PASS,0,,10.69,Breakout seen but no run-up trigger (pullback/run-up thresholds not met),2026-09-11 03:51:51 UTC
OTGA,,PASS,0,,10.23,Breakout seen but no run-up trigger (pullback/run-up thresholds not met),2026-09-11 03:51:51 UTC
OTH,,PASS,0,,,**symbol** not found: OTH. Please specify it correctly according to API Documentation.,2026-09-11 03:51:51 UTC
OTIS,,PASS,0,,67.89,Breakout seen but no run-up trigger (pullback/run-up thresholds not met),2026-09-11 03:51:51 UTC
OTLY,,PASS,75,75.1,12.53,Breakout seen but no run-up trigger (pullback/run-up thresholds not met),2026-09-11 03:51:51 UTC
OTTR,,PASS,0,,87.93,Breakout seen but no run-up trigger (pullback/run-up thresholds not met),2026-09-11 03:51:51 UTC
OUST,,PASS,64,63.6,35.23,"Triangle occurred on 2026-07-23, not within last 5 bars",2026-09-11 03:51:51 UTC
OUT,,PASS,0,,28.42,Breakout seen but no run-up trigger (pullback/run-up thresholds not met),2026-09-11 03:51:51 UTC
OVBC,,PASS,44,43.8,46.62,Breakout seen but no run-up trigger (pullback/run-up thresholds not met),2026-09-11 03:51:51 UTC
OVID,,PASS,54,53.7,2.63,Breakout seen but no run-up trigger (pullback/run-up thresholds not met),2026-09-11 03:51:51 UTC
OVLY,,PASS,0,,34.65,Breakout seen but no run-up trigger (pullback/run-up thresholds not met),2026-09-11 03:51:51 UTC
OVV,,PASS,31,30.6,64.0,Breakout seen but no run-up trigger (pullback/run-up thresholds not met),2026-09-11 03:51:51 UTC
OWL,,PASS,38,37.9,10.43,"Triangle occurred on 2026-08-21, not within last 5 bars",2026-09-11 03:51:51 UTC
OWLS,,PASS,0,,5.34,Breakout seen but no run-up trigger (pullback/run-up thresholds not met),2026-09-11 03:51:51 UTC
OWLT,,PASS,47,47.0,4.69,Run-up triggered but EMA stack failed on run-up top (EMA10>EMA20>EMA50),2026-09-11 03:51:51 UTC
OXM,,PASS,50,50.2,30.95,Breakout seen but no run-up trigger (pullback/run-up thresholds not met),2026-09-11 03:51:51 UTC
OXY,,PASS,0,,61.16,Breakout seen but no run-up trigger (pullback/run-up thresholds not met),2026-09-11 03:51:51 UTC
OXY.WT,,PASS,111,111.0,39.32,"Triangle occurred on 2026-08-24, not within last 5 bars",2026-09-11 03:51:51 UTC
OYSE,,PASS,0,,10.38,Breakout seen but no run-up trigger (pullback/run-up thresholds not met),2026-09-11 03:51:51 UTC
OZ,,PASS,38,38.1,47.92,Breakout seen but no run-up trigger (pullback/run-up thresholds not met),2026-09-11 03:51:51 UTC
OZK,,PASS,0,,48.77,Breakout seen but no run-up trigger (pullback/run-up thresholds not met),2026-09-11 03:51:51 UTC
P,,PASS,75,74.6,94.1,"Triangle occurred on 2026-08-25, not within last 5 bars",2026-09-11 03:51:51 UTC
PAAC,,PASS,0,,10.15,Breakout seen but no run-up trigger (pullback/run-up thresholds not met),2026-09-11 03:51:51 UTC
PAAS,,PASS,31,31.2,50.65,Breakout seen but no run-up trigger (pullback/run-up thresholds not met),2026-09-11 03:51:51 UTC
PAC,,PASS,0,,204.56,Breakout seen but no run-up trigger (pullback/run-up thresholds not met),2026-09-11 03:51:51 UTC
PACE,,PASS,0,,11.2,Breakout seen but no run-up trigger (pullback/run-up thresholds not met),2026-09-11 03:51:51 UTC
PACH,,PASS,0,,10.34,Breakout seen but no run-up trigger (pullback/run-up thresholds not met),2026-09-11 03:51:51 UTC
PACK,,PASS,34,33.6,3.98,Breakout seen but no run-up trigger (pullback/run-up thresholds not met),2026-09-11 03:51:51 UTC
PACS,,PASS,35,34.7,44.85,"Triangle occurred on 2026-07-14, not within last 5 bars",2026-09-11 03:51:51 UTC
PAFO,,PASS,489,489.5,2.53,"Triangle occurred on 2026-05-14, not within last 5 bars",2026-09-11 03:51:51 UTC
PAG,,PASS,0,,216.61,Breakout seen but no run-up trigger (pullback/run-up thresholds not met),2026-09-11 03:51:51 UTC
PAGS,,PASS,38,37.7,10.13,Breakout seen but no run-up trigger (pullback/run-up thresholds not met),2026-09-11 03:51:51 UTC
PAHC,,PASS,47,47.0,36.58,Breakout seen but no run-up trigger (pullback/run-up thresholds not met),2026-09-11 03:51:51 UTC
PAII,,PASS,0,,10.29,Breakout seen but no run-up trigger (pullback/run-up thresholds not met),2026-09-11 03:51:51 UTC
PAII.UN,,PASS,0,,11.0,Breakout seen but no run-up trigger (pullback/run-up thresholds not met),2026-09-11 03:51:51 UTC
PAL,,PASS,80,79.6,4.99,"Triangle occurred on 2026-06-22, not within last 5 bars",2026-09-11 03:51:51 UTC
PALI,,PASS,39,38.8,2.01,Run-up triggered but EMA stack failed on run-up top (EMA10>EMA20>EMA50),2026-09-11 03:51:51 UTC
PALO,,PASS,0,,,Not enough daily data,2026-09-11 03:51:51 UTC
PAM,,PASS,58,57.6,88.45,Breakout seen but no run-up trigger (pullback/run-up thresholds not met),2026-09-11 03:51:51 UTC
PAMT,,PASS,39,39.0,13.2,"Triangle occurred on 2026-08-07, not within last 5 bars",2026-09-11 03:51:51 UTC
PANL,,PASS,38,38.3,8.32,Breakout seen but no run-up trigger (pullback/run-up thresholds not met),2026-09-11 03:51:51 UTC
PANW,,PASS,47,46.6,338.49,Breakout seen but no run-up trigger (pullback/run-up thresholds not met),2026-09-11 03:51:51 UTC
PAR,,PASS,47,47.2,17.62,Breakout seen but no run-up trigger (pullback/run-up thresholds not met),2026-09-11 03:51:51 UTC
PARK,,PASS,54,54.1,21.29,"Triangle occurred on 2026-08-21, not within last 5 bars",2026-09-11 03:51:51 UTC
PARR,,PASS,68,68.2,83.59,Breakout seen but no run-up trigger (pullback/run-up thresholds not met),2026-09-11 03:51:51 UTC
PASG,,PASS,104,103.9,4.99,Breakout seen but no run-up trigger (pullback/run-up thresholds not met),2026-09-11 03:51:51 UTC
PATH,,PASS,85,85.3,13.87,"Triangle occurred on 2025-12-17, not within last 5 bars",2026-09-11 03:51:51 UTC
PATK,,PASS,0,,74.86,Breakout seen but no run-up trigger (pullback/run-up thresholds not met),2026-09-11 03:51:51 UTC
PAVM,,PASS,374,374.0,4.27,Run-up triggered but EMA stack failed on run-up top (EMA10>EMA20>EMA50),2026-09-11 03:51:51 UTC
PAX,,PASS,0,,10.75,Breakout seen but no run-up trigger (pullback/run-up thresholds not met),2026-09-11 03:51:51 UTC
PAY,,PASS,61,60.8,36.28,"Triangle occurred on 2026-08-20, not within last 5 bars",2026-09-11 03:51:51 UTC
PAYC,,PASS,63,62.6,216.04,Breakout seen but no run-up trigger (pullback/run-up thresholds not met),2026-09-11 03:51:51 UTC
PAYO,,PASS,34,34.2,7.12,Breakout seen but no run-up trigger (pullback/run-up thresholds not met),2026-09-11 03:51:51 UTC
PAYP,,PASS,0,,18.24,Breakout seen but no run-up trigger (pullback/run-up thresholds not met),2026-09-11 03:51:51 UTC
PAYS,,PASS,75,74.7,13.34,"Triangle occurred on 2026-08-27, not within last 5 bars",2026-09-11 03:51:51 UTC
PAYX,,PASS,0,,115.18,Breakout seen but no run-up trigger (pullback/run-up thresholds not met),2026-09-11 03:51:51 UTC
PB,,PASS,0,,71.49,Breakout seen but no run-up trigger (pullback/run-up thresholds not met),2026-09-11 03:51:51 UTC
PBA,,PASS,0,,48.34,Breakout seen but no run-up trigger (pullback/run-up thresholds not met),2026-09-11 03:51:51 UTC
PBF,,PASS,88,87.8,77.08,Breakout seen but no run-up trigger (pullback/run-up thresholds not met),2026-09-11 03:51:51 UTC
PBFS,,PASS,32,31.6,18.08,Breakout seen but no run-up trigger (pullback/run-up thresholds not met),2026-09-11 03:51:51 UTC
PBH,,PASS,0,,47.34,Breakout seen but no run-up trigger (pullback/run-up thresholds not met),2026-09-11 03:51:51 UTC
PBHC,,PASS,0,,17.2,Breakout seen but no run-up trigger (pullback/run-up thresholds not met),2026-09-11 03:51:51 UTC
PBI,,PASS,65,64.6,16.97,Breakout seen but no run-up trigger (pullback/run-up thresholds not met),2026-09-11 03:51:51 UTC
PBM,,PASS,55,55.3,4.97,Run-up triggered but EMA stack failed on run-up top (EMA10>EMA20>EMA50),2026-09-11 03:51:51 UTC
PBNC,,PASS,0,,73.99,Breakout seen but no run-up trigger (pullback/run-up thresholds not met),2026-09-11 03:51:51 UTC
PBR,,PASS,39,38.9,21.38,Breakout seen but no run-up trigger (pullback/run-up thresholds not met),2026-09-11 03:51:51 UTC
PBR.A,,PASS,36,36.3,19.22,Breakout seen but no run-up trigger (pullback/run-up thresholds not met),2026-09-11 03:51:51 UTC
PBYI,,PASS,31,31.4,9.17,Triangle on 2026-09-09 but no higher low after triangle (last 10 bars),2026-09-11 03:51:51 UTC
PC,,PASS,86,86.4,9.4,"Triangle occurred on 2025-10-06, not within last 5 bars",2026-09-11 03:51:51 UTC
PCAP,,PASS,0,,10.37,Breakout seen but no run-up trigger (pullback/run-up thresholds not met),2026-09-11 03:51:51 UTC
PCAR,,PASS,0,,122.57,Breakout seen but no run-up trigger (pullback/run-up thresholds not met),2026-09-11 03:51:51 UTC
PCB,,PASS,0,,27.87,Breakout seen but no run-up trigger (pullback/run-up thresholds not met),2026-09-11 03:51:51 UTC
PCG,,PASS,0,,14.03,Breakout seen but no run-up trigger (pullback/run-up thresholds not met),2026-09-11 03:51:51 UTC
PCG.PR.X,,PASS,0,,35.24,Breakout seen but no run-up trigger (pullback/run-up thresholds not met),2026-09-11 03:51:51 UTC
PCLA,,PASS,308,307.8,9.72,"Triangle occurred on 2026-08-14, not within last 5 bars",2026-09-11 03:51:51 UTC
PCOR,,PASS,56,56.0,53.21,Run-up triggered but no 3-consecutive EMA touch afterwards,2026-09-11 03:51:51 UTC
PCRX,,PASS,52,51.8,25.16,Breakout seen but no run-up trigger (pullback/run-up thresholds not met),2026-09-11 03:51:51 UTC
PCSA,,PASS,0,,1.85,Price below minimum ($2.00),2026-09-11 03:51:51 UTC
PCSC,,PASS,0,,,**symbol** not found: PCSC. Please specify it correctly according to API Documentation.,2026-09-11 03:51:51 UTC
PCT,,PASS,38,38.1,5.83,Run-up triggered but EMA stack failed on run-up top (EMA10>EMA20>EMA50),2026-09-11 03:51:51 UTC
PCTY,,PASS,31,31.2,142.86,Breakout seen but no run-up trigger (pullback/run-up thresholds not met),2026-09-11 03:51:51 UTC
PCVX,,PASS,36,36.4,58.9,Breakout seen but no run-up trigger (pullback/run-up thresholds not met),2026-09-11 03:51:51 UTC
PCYG,,PASS,43,43.2,7.89,Breakout seen but no run-up trigger (pullback/run-up thresholds not met),2026-09-11 03:51:51 UTC
PCYO,,PASS,0,,11.05,Breakout seen but no run-up trigger (pullback/run-up thresholds not met),2026-09-11 03:51:51 UTC
PD,,PASS,41,41.3,13.75,Breakout seen but no run-up trigger (pullback/run-up thresholds not met),2026-09-11 03:51:51 UTC
PDC,,PASS,137,136.6,2.97,"Triangle occurred on 2026-05-07, not within last 5 bars",2026-09-11 03:51:51 UTC
PDD,,PASS,41,41.2,77.84,Breakout seen but no run-up trigger (pullback/run-up thresholds not met),2026-09-11 03:51:51 UTC
PDEX,,PASS,32,31.8,59.84,Breakout seen but no run-up trigger (pullback/run-up thresholds not met),2026-09-11 03:51:51 UTC
PDFS,,PASS,35,34.9,47.16,Breakout seen but no run-up trigger (pullback/run-up thresholds not met),2026-09-11 03:51:51 UTC
PDLB,,PASS,0,,20.43,Breakout seen but no run-up trigger (pullback/run-up thresholds not met),2026-09-11 03:51:51 UTC
PDM,,PASS,35,35.3,9.41,Breakout seen but no run-up trigger (pullback/run-up thresholds not met),2026-09-11 03:51:51 UTC
PDS,,PASS,0,,89.26,Breakout seen but no run-up trigger (pullback/run-up thresholds not met),2026-09-11 03:51:51 UTC
PDYN,,PASS,39,39.0,5.63,Run-up triggered but EMA stack failed on run-up top (EMA10>EMA20>EMA50),2026-09-11 03:51:51 UTC
PEB,,PASS,30,30.4,18.08,"Triangle occurred on 2026-07-06, not within last 5 bars",2026-09-11 03:51:51 UTC
PEB-H,,PASS,0,,18.5,Breakout seen but no run-up trigger (pullback/run-up thresholds not met),2026-09-11 03:51:51 UTC
PEBK,,PASS,31,31.2,43.86,Breakout seen but no run-up trigger (pullback/run-up thresholds not met),2026-09-11 03:51:51 UTC
PEBO,,PASS,0,,39.76,Breakout seen but no run-up trigger (pullback/run-up thresholds not met),2026-09-11 03:51:51 UTC
PECO,,PASS,0,,38.72,Breakout seen but no run-up trigger (pullback/run-up thresholds not met),2026-09-11 03:51:51 UTC
PED,,PASS,39,38.9,14.48,Breakout seen but no run-up trigger (pullback/run-up thresholds not met),2026-09-11 03:51:51 UTC
PEG,,PASS,0,,72.48,Breakout seen but no run-up trigger (pullback/run-up thresholds not met),2026-09-11 03:51:51 UTC
PEGA,,PASS,0,,35.72,Breakout seen but no run-up trigger (pullback/run-up thresholds not met),2026-09-11 03:51:51 UTC
PEI,,PASS,65,65.4,2.39,Breakout seen but no run-up trigger (pullback/run-up thresholds not met),2026-09-11 03:51:51 UTC
PEN,,PASS,36,36.1,317.78,Breakout seen but no run-up trigger (pullback/run-up thresholds not met),2026-09-11 03:51:51 UTC
PENG,,PASS,53,53.3,48.62,"Triangle occurred on 2026-07-16, not within last 5 bars",2026-09-11 03:51:51 UTC
PENN,,PASS,41,40.7,17.11,"Triangle occurred on 2026-06-23, not within last 5 bars",2026-09-11 03:51:51 UTC
PEP,,PASS,0,,136.65,Breakout seen but no run-up trigger (pullback/run-up thresholds not met),2026-09-11 03:51:51 UTC
PEPG,,WATCH,112,112.5,3.02,"Triangle on 2026-09-03 (last 5 bars) + higher low after; EMA10 touched 3 bars; breakout 2026-08-25, top 2026-08-25, pullback-trigger 2026-08-26",2026-09-11 03:51:51 UTC
PERF,,PASS,0,,1.92,Price below minimum ($2.00),2026-09-11 03:51:51 UTC
PERI,,PASS,33,32.9,9.08,Breakout seen but no run-up trigger (pullback/run-up thresholds not met),2026-09-11 03:51:51 UTC
PESI,,PASS,46,46.4,18.25,"Triangle occurred on 2026-08-17, not within last 5 bars",2026-09-11 03:51:51 UTC
PETS,,PASS,0,,1.7,Price below minimum ($2.00),2026-09-11 03:51:51 UTC
PEW,,PASS,42,42.5,2.32,Run-up triggered but EMA stack failed on run-up top (EMA10>EMA20>EMA50),2026-09-11 03:51:51 UTC
PFAI,,PASS,71,71.0,3.01,"Triangle occurred on 2026-05-05, not within last 5 bars",2026-09-11 03:51:51 UTC
PFBC,,PASS,0,,103.9,Breakout seen but no run-up trigger (pullback/run-up thresholds not met),2026-09-11 03:51:51 UTC
PFE,,PASS,0,,27.65,Breakout seen but no run-up trigger (pullback/run-up thresholds not met),2026-09-11 03:51:51 UTC
PFG,,PASS,0,,114.96,Breakout seen but no run-up trigger (pullback/run-up thresholds not met),2026-09-11 03:51:51 UTC
PFGC,,PASS,0,,94.35,Breakout seen but no run-up trigger (pullback/run-up thresholds not met),2026-09-11 03:51:51 UTC
PFHC,,PASS,36,35.9,5.19,"Triangle occurred on 2026-05-26, not within last 5 bars",2026-09-11 03:51:51 UTC
PFIS,,PASS,0,,71.7,Breakout seen but no run-up trigger (pullback/run-up thresholds not met),2026-09-11 03:51:51 UTC
PFLT,,PASS,0,,7.08,Breakout seen but no run-up trigger (pullback/run-up thresholds not met),2026-09-11 03:51:51 UTC
PFS,,PASS,0,,23.32,Breakout seen but no run-up trigger (pullback/run-up thresholds not met),2026-09-11 03:51:51 UTC
PFSI,,PASS,0,,69.81,Breakout seen but no run-up trigger (pullback/run-up thresholds not met),2026-09-11 03:51:51 UTC
PFX,,PASS,0,,45.05,Breakout seen but no run-up trigger (pullback/run-up thresholds not met),2026-09-11 03:51:51 UTC
PG,,PASS,0,,142.97,Breakout seen but no run-up trigger (pullback/run-up thresholds not met),2026-09-11 03:51:51 UTC
PGAC,,PASS,0,,10.71,Breakout seen but no run-up trigger (pullback/run-up thresholds not met),2026-09-11 03:51:51 UTC
PGC,,PASS,34,33.8,46.04,Breakout seen but no run-up trigger (pullback/run-up thresholds not met),2026-09-11 03:51:51 UTC
PGEN,,PASS,52,52.2,6.68,Breakout seen but no run-up trigger (pullback/run-up thresholds not met),2026-09-11 03:51:51 UTC
PGNY,,PASS,31,31.3,27.08,"Triangle occurred on 2026-07-30, not within last 5 bars",2026-09-11 03:51:51 UTC
PGR,,PASS,0,,216.19,Breakout seen but no run-up trigger (pullback/run-up thresholds not met),2026-09-11 03:51:51 UTC
PGSS,,PASS,61,60.8,3.23,Run-up triggered but EMA stack failed on run-up top (EMA10>EMA20>EMA50),2026-09-11 03:51:51 UTC
PGY,,PASS,40,39.7,20.3,Breakout seen but no run-up trigger (pullback/run-up thresholds not met),2026-09-11 03:51:51 UTC
PH,,PASS,0,,934.34,Breakout seen but no run-up trigger (pullback/run-up thresholds not met),2026-09-11 03:51:51 UTC
PHAR,,PASS,40,40.1,10.8,Breakout seen but no run-up trigger (pullback/run-up thresholds not met),2026-09-11 03:51:51 UTC
PHAT,,PASS,34,33.8,8.37,Breakout seen but no run-up trigger (pullback/run-up thresholds not met),2026-09-11 03:51:51 UTC
PHG,,PASS,0,,24.6,Breakout seen but no run-up trigger (pullback/run-up thresholds not met),2026-09-11 03:51:51 UTC
PHI,,PASS,0,,18.09,Breakout seen but no run-up trigger (pullback/run-up thresholds not met),2026-09-11 03:51:51 UTC
PHIN,,PASS,0,,66.01,Breakout seen but no run-up trigger (pullback/run-up thresholds not met),2026-09-11 03:51:51 UTC
PHM,,PASS,0,,116.41,Breakout seen but no run-up trigger (pullback/run-up thresholds not met),2026-09-11 03:51:51 UTC
PHOE,,PASS,181,181.1,18.98,"Triangle occurred on 2026-07-31, not within last 5 bars",2026-09-11 03:51:51 UTC
PHR,,PASS,52,52.3,10.17,Breakout seen but no run-up trigger (pullback/run-up thresholds not met),2026-09-11 03:51:51 UTC
PHUN,,PASS,40,40.2,2.02,Breakout seen but no run-up trigger (pullback/run-up thresholds not met),2026-09-11 03:51:51 UTC
PHVS,,PASS,31,31.1,37.51,"Triangle occurred on 2025-08-11, not within last 5 bars",2026-09-11 03:51:51 UTC
PI,,PASS,49,48.6,171.79,"Triangle occurred on 2026-08-24, not within last 5 bars",2026-09-11 03:51:51 UTC
PICS,,PASS,31,31.2,10.51,Breakout seen but no run-up trigger (pullback/run-up thresholds not met),2026-09-11 03:51:51 UTC
PII,,PASS,44,43.6,57.94,Breakout seen but no run-up trigger (pullback/run-up thresholds not met),2026-09-11 03:51:51 UTC
PIII,,PASS,41,41.0,8.36,"Triangle occurred on 2026-08-19, not within last 5 bars",2026-09-11 03:51:51 UTC
PINE,,PASS,31,31.2,18.49,Breakout seen but no run-up trigger (pullback/run-up thresholds not met),2026-09-11 03:51:51 UTC
PINS,,PASS,38,37.6,18.78,Breakout seen but no run-up trigger (pullback/run-up thresholds not met),2026-09-11 03:51:51 UTC
PIPR,,PASS,0,,76.11,Breakout seen but no run-up trigger (pullback/run-up thresholds not met),2026-09-11 03:51:51 UTC
PIRS,,PASS,61,61.4,150.39,"Triangle occurred on 2026-07-17, not within last 5 bars",2026-09-11 03:51:51 UTC
PJT,,PASS,0,,171.74,Breakout seen but no run-up trigger (pullback/run-up thresholds not met),2026-09-11 03:51:51 UTC
PK,,PASS,40,39.7,15.32,Breakout seen but no run-up trigger (pullback/run-up thresholds not met),2026-09-11 03:51:51 UTC
PKBK,,PASS,0,,34.59,Breakout seen but no run-up trigger (pullback/run-up thresholds not met),2026-09-11 03:51:51 UTC
PKE,,PASS,40,39.5,30.71,Breakout seen but no run-up trigger (pullback/run-up thresholds not met),2026-09-11 03:51:51 UTC
PKG,,PASS,0,,232.41,Breakout seen but no run-up trigger (pullback/run-up thresholds not met),2026-09-11 03:51:51 UTC
PKOH,,PASS,42,42.2,45.78,"Triangle occurred on 2026-08-24, not within last 5 bars",2026-09-11 03:51:51 UTC
PKST,,PASS,0,,,**symbol** not found: PKST. Please specify it correctly according to API Documentation.,2026-09-11 03:51:51 UTC
PKX,,PASS,51,51.2,61.6,Breakout seen but no run-up trigger (pullback/run-up thresholds not met),2026-09-11 03:51:51 UTC
PL,,PASS,36,36.1,16.69,"Triangle occurred on 2026-06-02, not within last 5 bars",2026-09-11 03:51:51 UTC
PLAB,,PASS,37,36.5,28.38,Run-up triggered but EMA stack failed on run-up top (EMA10>EMA20>EMA50),2026-09-11 03:51:51 UTC
PLAG,,PASS,0,,0.72,Price below minimum ($2.00),2026-09-11 03:51:51 UTC
PLAY,,PASS,45,44.6,8.17,Breakout seen but no run-up trigger (pullback/run-up thresholds not met),2026-09-11 03:51:51 UTC
PLBC,,PASS,0,,62.48,Breakout seen but no run-up trigger (pullback/run-up thresholds not met),2026-09-11 03:51:51 UTC
PLBL,,PASS,57,57.3,5.66,"Triangle occurred on 2026-07-10, not within last 5 bars",2026-09-11 03:51:51 UTC
PLCE,,PASS,71,71.3,2.43,Run-up triggered but EMA stack failed on run-up top (EMA10>EMA20>EMA50),2026-09-11 03:51:51 UTC
PLD,,PASS,0,,134.41,Breakout seen but no run-up trigger (pullback/run-up thresholds not met),2026-09-11 03:51:51 UTC
PLG,,PASS,0,,1.46,Price below minimum ($2.00),2026-09-11 03:51:51 UTC
PLGO,,PASS,0,,25.17,Breakout seen but no run-up trigger (pullback/run-up thresholds not met),2026-09-11 03:51:51 UTC
PLMK,,PASS,0,,10.65,Breakout seen but no run-up trigger (pullback/run-up thresholds not met),2026-09-11 03:51:51 UTC
PLMR,,PASS,33,33.2,132.92,"Triangle occurred on 2026-07-15, not within last 5 bars",2026-09-11 03:51:51 UTC
PLNT,,PASS,32,32.3,49.98,Breakout seen but no run-up trigger (pullback/run-up thresholds not met),2026-09-11 03:51:51 UTC
PLOW,,PASS,0,,40.52,Breakout seen but no run-up trigger (pullback/run-up thresholds not met),2026-09-11 03:51:51 UTC
PLPC,,PASS,79,78.7,404.04,"Triangle occurred on 2026-08-24, not within last 5 bars",2026-09-11 03:51:51 UTC
PLRZ,,PASS,58,58.1,11.23,Run-up triggered but EMA stack failed on run-up top (EMA10>EMA20>EMA50),2026-09-11 03:51:51 UTC
PLSE,,PASS,104,104.1,54.43,Breakout seen but no run-up trigger (pullback/run-up thresholds not met),2026-09-11 03:51:51 UTC
PLSM,,PASS,246,245.7,2.45,"Triangle occurred on 2026-07-06, not within last 5 bars",2026-09-11 03:51:51 UTC
PLTK,,PASS,36,35.6,2.22,"Triangle occurred on 2026-07-13, not within last 5 bars",2026-09-11 03:51:51 UTC
PLTR,,PASS,55,54.8,165.86,Breakout seen but no run-up trigger (pullback/run-up thresholds not met),2026-09-11 03:51:51 UTC
PLTS,,PASS,0,,17.5,No breakout run-up cycle found,2026-09-11 03:51:51 UTC
PLUG,,PASS,34,34.3,2.11,"Triangle occurred on 2026-06-03, not within last 5 bars",2026-09-11 03:51:51 UTC
PLUN.UN,,PASS,0,,,Not enough daily data,2026-09-11 03:51:51 UTC
PLUR,,PASS,0,,1.25,Price below minimum ($2.00),2026-09-11 03:51:51 UTC
PLUS,,PASS,31,30.6,88.01,Breakout seen but no run-up trigger (pullback/run-up thresholds not met),2026-09-11 03:51:51 UTC
PLUT,,PASS,70,69.7,2.69,Run-up triggered but EMA stack failed on run-up top (EMA10>EMA20>EMA50),2026-09-11 03:51:51 UTC
PLX,,PASS,49,49.3,2.73,Breakout seen but no run-up trigger (pullback/run-up thresholds not met),2026-09-11 03:51:51 UTC
PLXS,,PASS,0,,246.94,Breakout seen but no run-up trigger (pullback/run-up thresholds not met),2026-09-11 03:51:51 UTC
PLYX,,PASS,0,,1.99,Price below minimum ($2.00),2026-09-11 03:51:51 UTC
PM,,PASS,0,,189.77,Breakout seen but no run-up trigger (pullback/run-up thresholds not met),2026-09-11 03:51:51 UTC
PMAX,,PASS,0,,0.92,Price below minimum ($2.00),2026-09-11 03:51:51 UTC
PMD,,PASS,40,40.1,2.21,Breakout seen but no run-up trigger (pullback/run-up thresholds not met),2026-09-11 03:51:51 UTC
PMN,,PASS,30,30.4,13.4,"Triangle occurred on 2026-07-23, not within last 5 bars",2026-09-11 03:51:51 UTC
PMT,,PASS,0,,9.17,Breakout seen but no run-up trigger (pullback/run-up thresholds not met),2026-09-11 03:51:51 UTC
PMT-C,,PASS,0,,17.42,Breakout seen but no run-up trigger (pullback/run-up thresholds not met),2026-09-11 03:51:51 UTC
PMTR,,PASS,0,,10.41,Breakout seen but no run-up trigger (pullback/run-up thresholds not met),2026-09-11 03:51:51 UTC
PMTS,,PASS,54,53.9,26.94,"Triangle occurred on 2026-08-21, not within last 5 bars",2026-09-11 03:51:51 UTC
PN,,PASS,550,550.4,2.43,"Triangle occurred on 2025-08-05, not within last 5 bars",2026-09-11 03:51:51 UTC
PNC,,PASS,0,,242.98,Breakout seen but no run-up trigger (pullback/run-up thresholds not met),2026-09-11 03:51:51 UTC
PNFP,,PASS,0,,99.14,Breakout seen but no run-up trigger (pullback/run-up thresholds not met),2026-09-11 03:51:51 UTC
PNM,,PASS,0,,57.86,Breakout seen but no run-up trigger (pullback/run-up thresholds not met),2026-09-11 03:51:51 UTC
PNNT,,PASS,0,,3.54,Breakout seen but no run-up trigger (pullback/run-up thresholds not met),2026-09-11 03:51:51 UTC
PNR,,PASS,0,,56.73,Breakout seen but no run-up trigger (pullback/run-up thresholds not met),2026-09-11 03:51:51 UTC
PNRG,,PASS,35,35.4,214.51,Breakout seen but no run-up trigger (pullback/run-up thresholds not met),2026-09-11 03:51:51 UTC
PNTG,,PASS,43,43.5,39.3,"Triangle occurred on 2026-07-31, not within last 5 bars",2026-09-11 03:51:51 UTC
PNW,,PASS,0,,96.59,Breakout seen but no run-up trigger (pullback/run-up thresholds not met),2026-09-11 03:51:51 UTC
POAI,,PASS,52,51.7,10.56,"Triangle occurred on 2026-09-02, not within last 5 bars",2026-09-11 03:51:51 UTC
POAS,,PASS,0,,0.17,Price below minimum ($2.00),2026-09-11 03:51:51 UTC
POCI,,PASS,33,32.8,4.39,"Triangle occurred on 2026-06-18, not within last 5 bars",2026-09-11 03:51:51 UTC
PODC,,PASS,49,48.6,2.53,"Triangle occurred on 2026-06-09, not within last 5 bars",2026-09-11 03:51:51 UTC
PODD,,PASS,34,34.1,134.68,Breakout seen but no run-up trigger (pullback/run-up thresholds not met),2026-09-11 03:51:51 UTC
POET,,PASS,59,59.2,7.6,Run-up triggered but EMA stack failed on run-up top (EMA10>EMA20>EMA50),2026-09-11 03:51:51 UTC
POLA,,PASS,0,,1.27,Price below minimum ($2.00),2026-09-11 03:51:51 UTC
POLE,,PASS,0,,10.73,Breakout seen but no run-up trigger (pullback/run-up thresholds not met),2026-09-11 03:51:51 UTC
PONO,,PASS,88,88.1,10.03,Breakout seen but no run-up trigger (pullback/run-up thresholds not met),2026-09-11 03:51:51 UTC
PONY,,PASS,34,33.5,6.63,Run-up triggered but EMA stack failed on run-up top (EMA10>EMA20>EMA50),2026-09-11 03:51:51 UTC
POOL,,PASS,0,,175.76,Breakout seen but no run-up trigger (pullback/run-up thresholds not met),2026-09-11 03:51:51 UTC
POR,,PASS,0,,48.56,Breakout seen but no run-up trigger (pullback/run-up thresholds not met),2026-09-11 03:51:51 UTC
POST,,PASS,0,,80.28,Breakout seen but no run-up trigger (pullback/run-up thresholds not met),2026-09-11 03:51:51 UTC
POWI,,PASS,38,38.0,49.69,"Triangle occurred on 2026-06-09, not within last 5 bars",2026-09-11 03:51:51 UTC
POWL,,PASS,46,45.5,176.89,"Triangle occurred on 2026-05-27, not within last 5 bars",2026-09-11 03:51:51 UTC
POWW,,PASS,33,32.7,2.12,Breakout seen but no run-up trigger (pullback/run-up thresholds not met),2026-09-11 03:51:51 UTC
PPBT,,PASS,0,,1.74,Price below minimum ($2.00),2026-09-11 03:51:51 UTC
PPC,,PASS,30,30.2,29.93,Breakout seen but no run-up trigger (pullback/run-up thresholds not met),2026-09-11 03:51:51 UTC
PPCB,,PASS,0,,0.94,Price below minimum ($2.00),2026-09-11 03:51:51 UTC
PPG,,PASS,0,,105.05,Breakout seen but no run-up trigger (pullback/run-up thresholds not met),2026-09-11 03:51:51 UTC
PPHC,,PASS,52,52.2,11.27,Run-up triggered but EMA stack failed on run-up top (EMA10>EMA20>EMA50),2026-09-11 03:51:51 UTC
PPIH,,PASS,31,30.7,29.37,Breakout seen but no run-up trigger (pullback/run-up thresholds not met),2026-09-11 03:51:51 UTC
PPL,,PASS,0,,34.21,Breakout seen but no run-up trigger (pullback/run-up thresholds not met),2026-09-11 03:51:51 UTC
PPLCU,,PASS,0,,,**symbol** not found: PPLCU. Please specify it correctly according to API Documentation.,2026-09-11 03:51:51 UTC
PPSI,,PASS,85,85.0,2.97,"Triangle occurred on 2026-06-03, not within last 5 bars",2026-09-11 03:51:51 UTC
PPTA,,PASS,58,58.1,23.67,Breakout seen but no run-up trigger (pullback/run-up thresholds not met),2026-09-11 03:51:51 UTC
PR,,PASS,0,,23.7,Breakout seen but no run-up trigger (pullback/run-up thresholds not met),2026-09-11 03:51:51 UTC
PRA,,PASS,0,,41.87,Breakout seen but no run-up trigger (pullback/run-up thresholds not met),2026-09-11 03:51:51 UTC
PRAA,,PASS,34,33.8,18.77,Breakout seen but no run-up trigger (pullback/run-up thresholds not met),2026-09-11 03:51:51 UTC
PRAX,,PASS,35,34.8,338.57,"Triangle occurred on 2026-08-21, not within last 5 bars",2026-09-11 03:51:51 UTC
PRCH,,PASS,47,47.3,16.29,Breakout seen but no run-up trigger (pullback/run-up thresholds not met),2026-09-11 03:51:51 UTC
PRCT,,PASS,34,33.9,20.07,Run-up triggered but EMA stack failed on run-up top (EMA10>EMA20>EMA50),2026-09-11 03:51:51 UTC
PRDO,,PASS,35,35.1,32.84,Breakout seen but no run-up trigger (pullback/run-up thresholds not met),2026-09-11 03:51:51 UTC
PRE,,PASS,57,56.6,23.66,"Triangle occurred on 2026-02-19, not within last 5 bars",2026-09-11 03:51:51 UTC
PRG,,PASS,35,35.3,37.15,Breakout seen but no run-up trigger (pullback/run-up thresholds not met),2026-09-11 03:51:51 UTC
PRGO,,PASS,36,36.5,13.59,Breakout seen but no run-up trigger (pullback/run-up thresholds not met),2026-09-11 03:51:51 UTC
PRGS,,PASS,49,48.7,40.61,Breakout seen but no run-up trigger (pullback/run-up thresholds not met),2026-09-11 03:51:51 UTC
PRI,,PASS,0,,289.04,Breakout seen but no run-up trigger (pullback/run-up thresholds not met),2026-09-11 03:51:51 UTC
PRIF.PR.L,,PASS,0,,24.76,Breakout seen but no run-up trigger (pullback/run-up thresholds not met),2026-09-11 03:51:51 UTC
PRIM,,PASS,35,34.8,72.97,Breakout seen but no run-up trigger (pullback/run-up thresholds not met),2026-09-11 03:51:51 UTC
PRK,,PASS,0,,187.76,Breakout seen but no run-up trigger (pullback/run-up thresholds not met),2026-09-11 03:51:51 UTC
PRKS,,PASS,31,31.1,37.91,Run-up triggered but EMA stack failed on run-up top (EMA10>EMA20>EMA50),2026-09-11 03:51:51 UTC
PRLB,,PASS,30,30.5,79.75,"Triangle occurred on 2026-08-31, not within last 5 bars",2026-09-11 03:51:51 UTC
PRLD,,PASS,81,81.2,4.67,"Triangle occurred on 2026-07-16, not within last 5 bars",2026-09-11 03:51:51 UTC
PRM,,PASS,35,34.9,30.54,Breakout seen but no run-up trigger (pullback/run-up thresholds not met),2026-09-11 03:51:51 UTC
PRMB,,PASS,30,30.1,20.56,Breakout seen but no run-up trigger (pullback/run-up thresholds not met),2026-09-11 03:51:51 UTC
PRME,,PASS,60,59.8,3.35,Breakout seen but no run-up trigger (pullback/run-up thresholds not met),2026-09-11 03:51:51 UTC
PRMW,,PASS,30,30.1,20.56,Breakout seen but no run-up trigger (pullback/run-up thresholds not met),2026-09-11 03:51:51 UTC
PROF,,PASS,31,30.5,5.96,Breakout seen but no run-up trigger (pullback/run-up thresholds not met),2026-09-11 03:51:51 UTC
PROK,,PASS,0,,1.84,Price below minimum ($2.00),2026-09-11 03:51:51 UTC
PROV,,PASS,0,,18.71,Breakout seen but no run-up trigger (pullback/run-up thresholds not met),2026-09-11 03:51:51 UTC
PRPO,,PASS,52,51.6,26.91,"Triangle occurred on 2026-09-02, not within last 5 bars",2026-09-11 03:51:51 UTC
PRQR,,PASS,0,,1.94,Price below minimum ($2.00),2026-09-11 03:51:51 UTC
PRSU,,PASS,31,31.2,48.12,"Triangle occurred on 2026-07-09, not within last 5 bars",2026-09-11 03:51:51 UTC
PRTA,,PASS,36,35.9,9.02,Breakout seen but no run-up trigger (pullback/run-up thresholds not met),2026-09-11 03:51:51 UTC
PRTC,,PASS,33,33.3,17.03,"Triangle occurred on 2026-05-06, not within last 5 bars",2026-09-11 03:51:51 UTC
PRTH,,PASS,32,32.2,5.76,Breakout seen but no run-up trigger (pullback/run-up thresholds not met),2026-09-11 03:51:51 UTC
PRTO,,PASS,1847,1847.1,27.67,Breakout seen but no run-up trigger (pullback/run-up thresholds not met),2026-09-11 03:51:51 UTC
PRU,,PASS,0,,118.48,Breakout seen but no run-up trigger (pullback/run-up thresholds not met),2026-09-11 03:51:51 UTC
PRVA,,PASS,33,33.2,20.37,Breakout seen but no run-up trigger (pullback/run-up thresholds not met),2026-09-11 03:51:51 UTC
PS,,PASS,34,34.5,36.8,"Triangle occurred on 2026-08-17, not within last 5 bars",2026-09-11 03:51:51 UTC
PSA,,PASS,0,,294.6,Breakout seen but no run-up trigger (pullback/run-up thresholds not met),2026-09-11 03:51:51 UTC
PSA.PR.S,,PASS,0,,15.03,Breakout seen but no run-up trigger (pullback/run-up thresholds not met),2026-09-11 03:51:51 UTC
PSBD,,PASS,0,,10.23,Breakout seen but no run-up trigger (pullback/run-up thresholds not met),2026-09-11 03:51:51 UTC
PSEC,,PASS,0,,2.18,Breakout seen but no run-up trigger (pullback/run-up thresholds not met),2026-09-11 03:51:51 UTC
PSFE,,PASS,31,31.2,6.25,Breakout seen but no run-up trigger (pullback/run-up thresholds not met),2026-09-11 03:51:51 UTC
PSHG,,PASS,0,,1.7,Price below minimum ($2.00),2026-09-11 03:51:51 UTC
PSIG,,PASS,186,185.7,2.29,Run-up triggered but EMA stack failed on run-up top (EMA10>EMA20>EMA50),2026-09-11 03:51:51 UTC
PSIX,,PASS,75,74.7,40.29,Run-up triggered but EMA stack failed on run-up top (EMA10>EMA20>EMA50),2026-09-11 03:51:51 UTC
PSKY,,PASS,38,38.4,10.38,Breakout seen but no run-up trigger (pullback/run-up thresholds not met),2026-09-11 03:51:51 UTC
PSMT,,PASS,30,30.4,169.51,Breakout seen but no run-up trigger (pullback/run-up thresholds not met),2026-09-11 03:51:51 UTC
PSN,,PASS,0,,45.88,Breakout seen but no run-up trigger (pullback/run-up thresholds not met),2026-09-11 03:51:51 UTC
PSNL,,PASS,38,38.1,16.33,Triangle on 2026-09-08 but no higher low after triangle (last 10 bars),2026-09-11 03:51:51 UTC
PSNY,,PASS,38,38.2,7.72,"Triangle occurred on 2026-05-21, not within last 5 bars",2026-09-11 03:51:51 UTC
PSO,,PASS,0,,15.6,Breakout seen but no run-up trigger (pullback/run-up thresholds not met),2026-09-11 03:51:51 UTC
PSTG,,PASS,0,,,**symbol** not found: PSTG. Please specify it correctly according to API Documentation.,2026-09-11 03:51:51 UTC
PSTL,,PASS,0,,23.09,Breakout seen but no run-up trigger (pullback/run-up thresholds not met),2026-09-11 03:51:51 UTC
PSTV,,PASS,0,,,**symbol** not found: PSTV. Please specify it correctly according to API Documentation.,2026-09-11 03:51:51 UTC
PSX,,PASS,32,31.7,258.51,Breakout seen but no run-up trigger (pullback/run-up thresholds not met),2026-09-11 03:51:51 UTC
PTC,,PASS,39,38.6,128.72,Breakout seen but no run-up trigger (pullback/run-up thresholds not met),2026-09-11 03:51:51 UTC
PTCT,,PASS,32,32.4,67.37,Breakout seen but no run-up trigger (pullback/run-up thresholds not met),2026-09-11 03:51:51 UTC
PTEN,,PASS,32,31.8,12.9,Breakout seen but no run-up trigger (pullback/run-up thresholds not met),2026-09-11 03:51:51 UTC
PTEST,,PASS,0,,,Not enough daily data,2026-09-11 03:51:51 UTC
PTEST.X,,PASS,0,,24.97,No breakout run-up cycle found,2026-09-11 03:51:51 UTC
PTEST.Z,,PASS,0,,25.0,No breakout run-up cycle found,2026-09-11 03:51:51 UTC
PTGX,,PASS,50,49.8,145.16,Breakout seen but no run-up trigger (pullback/run-up thresholds not met),2026-09-11 03:51:51 UTC
PTHS,,PASS,30,30.4,22.43,Breakout seen but no run-up trigger (pullback/run-up thresholds not met),2026-09-11 03:51:51 UTC
PTLE,,PASS,104,104.1,7.0,"Triangle occurred on 2026-07-30, not within last 5 bars",2026-09-11 03:51:51 UTC
PTLO,,PASS,39,38.7,4.1,Breakout seen but no run-up trigger (pullback/run-up thresholds not met),2026-09-11 03:51:51 UTC
PTMN,,PASS,0,,7.09,Breakout seen but no run-up trigger (pullback/run-up thresholds not met),2026-09-11 03:51:51 UTC
PTN,,PASS,51,51.2,12.02,Run-up triggered but EMA stack failed on run-up top (EMA10>EMA20>EMA50),2026-09-11 03:51:51 UTC
PTNM,,PASS,0,,,**symbol** not found: PTNM. Please specify it correctly according to API Documentation.,2026-09-11 03:51:51 UTC
PTON,,PASS,34,33.7,4.92,Breakout seen but no run-up trigger (pullback/run-up thresholds not met),2026-09-11 03:51:51 UTC
PTOR,,PASS,0,,10.0,Breakout seen but no run-up trigger (pullback/run-up thresholds not met),2026-09-11 03:51:51 UTC
PTR,,PASS,0,,42.25,Breakout seen but no run-up trigger (pullback/run-up thresholds not met),2026-09-11 03:51:51 UTC
PTRN,,PASS,69,69.3,19.86,"Triangle occurred on 2026-07-21, not within last 5 bars",2026-09-11 03:51:51 UTC
PTSI,,PASS,39,39.1,13.2,"Triangle occurred on 2026-08-07, not within last 5 bars",2026-09-11 03:51:51 UTC
PUBM,,PASS,48,48.1,16.23,"Triangle occurred on 2026-08-24, not within last 5 bars",2026-09-11 03:51:51 UTC
PUK,,PASS,0,,26.77,Breakout seen but no run-up trigger (pullback/run-up thresholds not met),2026-09-11 03:51:51 UTC
PUMP,,PASS,43,43.2,11.5,"Triangle occurred on 2026-05-04, not within last 5 bars",2026-09-11 03:51:51 UTC
PURR,,PASS,144,143.8,11.01,"Triangle occurred on 2026-06-26, not within last 5 bars",2026-09-11 03:51:51 UTC
PUSA,,PASS,98,97.9,3.67,"Triangle occurred on 2026-06-09, not within last 5 bars",2026-09-11 03:51:51 UTC
PUYI,,PASS,141,141.4,15.67,"Triangle occurred on 2026-06-26, not within last 5 bars",2026-09-11 03:51:51 UTC
PV,,PASS,0,,1.02,Price below minimum ($2.00),2026-09-11 03:51:51 UTC
PVH,,PASS,32,31.6,69.35,Breakout seen but no run-up trigger (pullback/run-up thresholds not met),2026-09-11 03:51:51 UTC
PVLA,,PASS,61,61.4,150.39,"Triangle occurred on 2026-07-17, not within last 5 bars",2026-09-11 03:51:51 UTC
PWP,,PASS,33,33.3,15.17,Run-up triggered but EMA stack failed on run-up top (EMA10>EMA20>EMA50),2026-09-11 03:51:51 UTC
PWR,,PASS,0,,618.73,Breakout seen but no run-up trigger (pullback/run-up thresholds not met),2026-09-11 03:51:51 UTC
PXED,,PASS,36,35.9,26.79,Breakout seen but no run-up trigger (pullback/run-up thresholds not met),2026-09-11 03:51:51 UTC
PXLW,,PASS,33,33.4,6.88,Breakout seen but no run-up trigger (pullback/run-up thresholds not met),2026-09-11 03:51:51 UTC
PXS,,PASS,32,31.8,7.01,Breakout seen but no run-up trigger (pullback/run-up thresholds not met),2026-09-11 03:51:51 UTC
PYPD,,PASS,32,31.6,5.16,Breakout seen but no run-up trigger (pullback/run-up thresholds not met),2026-09-11 03:51:51 UTC
PYPL,,PASS,0,,53.31,Breakout seen but no run-up trigger (pullback/run-up thresholds not met),2026-09-11 03:51:51 UTC
PYXS,,PASS,52,52.1,3.27,"Triangle occurred on 2026-08-13, not within last 5 bars",2026-09-11 03:51:51 UTC
PZZA,,PASS,32,32.5,21.46,Breakout seen but no run-up trigger (pullback/run-up thresholds not met),2026-09-11 03:51:51 UTC
Q,,PASS,31,31.1,123.32,"Triangle occurred on 2026-06-26, not within last 5 bars",2026-09-11 03:51:51 UTC
QADR,,PASS,0,,,Not enough daily data,2026-09-11 03:51:51 UTC
QBTS,,PASS,78,77.9,16.66,"Triangle occurred on 2026-06-09, not within last 5 bars",2026-09-11 03:51:51 UTC
QCLS,,PASS,0,,1.65,Price below minimum ($2.00),2026-09-11 03:51:51 UTC
QCOM,,PASS,35,35.1,176.88,Breakout seen but no run-up trigger (pullback/run-up thresholds not met),2026-09-11 03:51:51 UTC
QCRH,,PASS,0,,101.93,Breakout seen but no run-up trigger (pullback/run-up thresholds not met),2026-09-11 03:51:51 UTC
QD,,PASS,50,49.8,2.54,Breakout seen but no run-up trigger (pullback/run-up thresholds not met),2026-09-11 03:51:51 UTC
QDEL,,PASS,67,67.2,12.15,Run-up triggered but EMA stack failed on run-up top (EMA10>EMA20>EMA50),2026-09-11 03:51:51 UTC
QETA,,PASS,0,,11.85,Breakout seen but no run-up trigger (pullback/run-up thresholds not met),2026-09-11 03:51:51 UTC
QFIN,,PASS,53,52.5,8.47,"Triangle occurred on 2026-06-09, not within last 5 bars",2026-09-11 03:51:51 UTC
QGEN,,PASS,0,,42.13,Breakout seen but no run-up trigger (pullback/run-up thresholds not met),2026-09-11 03:51:51 UTC
QH,,PASS,327,327.0,4.02,Run-up triggered but EMA stack failed on run-up top (EMA10>EMA20>EMA50),2026-09-11 03:51:51 UTC
QLYS,,PASS,54,53.8,161.57,"Triangle occurred on 2026-08-21, not within last 5 bars",2026-09-11 03:51:51 UTC
QMCO,,PASS,173,172.8,23.03,"Triangle occurred on 2026-08-24, not within last 5 bars",2026-09-11 03:51:51 UTC
QMMM,,PASS,0,,,**symbol** not found: QMMM. Please specify it correctly according to API Documentation.,2026-09-11 03:51:51 UTC
QNC,,PASS,0,,1.71,Price below minimum ($2.00),2026-09-11 03:51:51 UTC
QNCCF,,PASS,0,,,**symbol** not found: QNCCF. Please specify it correctly according to API Documentation.,2026-09-11 03:51:51 UTC
QNRX,,PASS,60,59.9,6.9,"Triangle occurred on 2026-08-18, not within last 5 bars",2026-09-11 03:51:51 UTC
QNST,,PASS,48,48.0,18.03,"Triangle occurred on 2026-08-31, not within last 5 bars",2026-09-11 03:51:51 UTC
QNTM,,PASS,135,135.0,3.29,"Triangle occurred on 2026-05-28, not within last 5 bars",2026-09-11 03:51:51 UTC
QRED,,PASS,0,,,Not enough daily data,2026-09-11 03:51:51 UTC
QRED.UN,,PASS,0,,,Not enough daily data,2026-09-11 03:51:51 UTC
QRVO,,PASS,0,,112.36,Breakout seen but no run-up trigger (pullback/run-up thresholds not met),2026-09-11 03:51:51 UTC
QS,,PASS,35,35.3,5.18,"Triangle occurred on 2026-06-05, not within last 5 bars",2026-09-11 03:51:51 UTC
QSEA,,PASS,0,,10.64,Breakout seen but no run-up trigger (pullback/run-up thresholds not met),2026-09-11 03:51:51 UTC
QSR,,PASS,0,,76.49,Breakout seen but no run-up trigger (pullback/run-up thresholds not met),2026-09-11 03:51:51 UTC
QTI,,PASS,34,34.0,2.6,Breakout seen but no run-up trigger (pullback/run-up thresholds not met),2026-09-11 03:51:51 UTC
QTRX,,PASS,62,61.8,2.5,"Triangle occurred on 2026-07-13, not within last 5 bars",2026-09-11 03:51:51 UTC
QTTB,,PASS,123,123.4,10.72,"Triangle occurred on 2026-07-20, not within last 5 bars",2026-09-11 03:51:51 UTC
QTWO,,PASS,36,36.4,60.33,Breakout seen but no run-up trigger (pullback/run-up thresholds not met),2026-09-11 03:51:51 UTC
QUAD,,PASS,36,36.0,10.11,Breakout seen but no run-up trigger (pullback/run-up thresholds not met),2026-09-11 03:51:51 UTC
QUBT,,PASS,81,81.1,7.82,"Triangle occurred on 2026-06-09, not within last 5 bars",2026-09-11 03:51:51 UTC
QUCY,,PASS,0,,1.37,Price below minimum ($2.00),2026-09-11 03:51:51 UTC
QUIK,,PASS,44,43.9,10.73,"Triangle occurred on 2026-06-09, not within last 5 bars",2026-09-11 03:51:51 UTC
QUMS,,PASS,0,,10.33,Breakout seen but no run-up trigger (pullback/run-up thresholds not met),2026-09-11 03:51:51 UTC
QURE,,PASS,36,36.1,44.47,Breakout seen but no run-up trigger (pullback/run-up thresholds not met),2026-09-11 03:51:51 UTC
QVCGP,,PASS,0,,,**symbol** not found: QVCGP. Please specify it correctly according to API Documentation.,2026-09-11 03:51:51 UTC
QXL,,PASS,92,92.5,4.61,"Triangle occurred on 2026-06-29, not within last 5 bars",2026-09-11 03:51:51 UTC
QXO,,PASS,41,40.9,12.29,Breakout seen but no run-up trigger (pullback/run-up thresholds not met),2026-09-11 03:51:51 UTC
R,,PASS,0,,241.6,Breakout seen but no run-up trigger (pullback/run-up thresholds not met),2026-09-11 03:51:51 UTC
RAAQ,,PASS,0,,,**symbol** not found: RAAQ. Please specify it correctly according to API Documentation.,2026-09-11 03:51:51 UTC
RAC,,PASS,0,,10.57,Breakout seen but no run-up trigger (pullback/run-up thresholds not met),2026-09-11 03:51:51 UTC
RAC.UN,,PASS,0,,10.65,Breakout seen but no run-up trigger (pullback/run-up thresholds not met),2026-09-11 03:51:51 UTC
RACC,,PASS,0,,,Not enough daily data,2026-09-11 03:51:51 UTC
RACE,,PASS,0,,408.64,Breakout seen but no run-up trigger (pullback/run-up thresholds not met),2026-09-11 03:51:51 UTC
RADX,,PASS,349,348.9,2.06,Run-up triggered but EMA stack failed on run-up top (EMA10>EMA20>EMA50),2026-09-11 03:51:51 UTC
RAIL,,PASS,39,38.7,6.66,Breakout seen but no run-up trigger (pullback/run-up thresholds not met),2026-09-11 03:51:51 UTC
RAIN,,PASS,0,,0.76,Price below minimum ($2.00),2026-09-11 03:51:51 UTC
RAL,,PASS,46,45.6,64.68,Breakout seen but no run-up trigger (pullback/run-up thresholds not met),2026-09-11 03:51:51 UTC
RAMP,,PASS,35,35.0,37.75,Breakout seen but no run-up trigger (pullback/run-up thresholds not met),2026-09-11 03:51:51 UTC
RAND,,PASS,32,32.0,10.89,Breakout seen but no run-up trigger (pullback/run-up thresholds not met),2026-09-11 03:51:51 UTC
RANG,,PASS,0,,10.76,Breakout seen but no run-up trigger (pullback/run-up thresholds not met),2026-09-11 03:51:51 UTC
RAPP,,PASS,51,51.4,43.46,Breakout seen but no run-up trigger (pullback/run-up thresholds not met),2026-09-11 03:51:51 UTC
RARE,,PASS,71,71.0,14.4,"Triangle occurred on 2026-07-14, not within last 5 bars",2026-09-11 03:51:51 UTC
RAVE,,PASS,30,30.2,2.97,Breakout seen but no run-up trigger (pullback/run-up thresholds not met),2026-09-11 03:51:51 UTC
RAY,,PASS,75,75.1,3.2,Breakout seen but no run-up trigger (pullback/run-up thresholds not met),2026-09-11 03:51:51 UTC
RAYA,,PASS,206,205.6,2.19,Run-up triggered but EMA stack failed on run-up top (EMA10>EMA20>EMA50),2026-09-11 03:51:51 UTC
RBA,,PASS,0,,80.54,Breakout seen but no run-up trigger (pullback/run-up thresholds not met),2026-09-11 03:51:51 UTC
RBB,,PASS,0,,26.68,Breakout seen but no run-up trigger (pullback/run-up thresholds not met),2026-09-11 03:51:51 UTC
RBBN,,PASS,0,,1.96,Price below minimum ($2.00),2026-09-11 03:51:51 UTC
RBC,,PASS,0,,478.06,Breakout seen but no run-up trigger (pullback/run-up thresholds not met),2026-09-11 03:51:51 UTC
RBCAA,,PASS,31,31.1,97.24,Breakout seen but no run-up trigger (pullback/run-up thresholds not met),2026-09-11 03:51:51 UTC
RBCN,,PASS,32,31.8,6.25,Breakout seen but no run-up trigger (pullback/run-up thresholds not met),2026-09-11 03:51:51 UTC
RBKB,,PASS,43,43.5,13.07,Breakout seen but no run-up trigger (pullback/run-up thresholds not met),2026-09-11 03:51:51 UTC
RBLX,,PASS,31,30.7,44.88,Breakout seen but no run-up trigger (pullback/run-up thresholds not met),2026-09-11 03:51:51 UTC
RBNEV,,PASS,0,,,Not enough daily data,2026-09-11 03:51:51 UTC
RBRK,,PASS,60,60.3,88.91,Triangle on 2026-09-08 but no higher low after triangle (last 10 bars),2026-09-11 03:51:51 UTC
RC,,PASS,0,,1.66,Price below minimum ($2.00),2026-09-11 03:51:51 UTC
RC-E,,PASS,35,34.7,13.07,Breakout seen but no run-up trigger (pullback/run-up thresholds not met),2026-09-11 03:51:51 UTC
RCAT,,PASS,43,43.1,8.08,Run-up triggered but EMA stack failed on run-up top (EMA10>EMA20>EMA50),2026-09-11 03:51:51 UTC
RCEL,,PASS,154,154.0,9.86,Breakout seen but no run-up trigger (pullback/run-up thresholds not met),2026-09-11 03:51:51 UTC
RCI,,PASS,0,,36.09,Breakout seen but no run-up trigger (pullback/run-up thresholds not met),2026-09-11 03:51:51 UTC
RCKT,,PASS,41,40.8,3.48,Breakout seen but no run-up trigger (pullback/run-up thresholds not met),2026-09-11 03:51:51 UTC
RCKY,,PASS,35,34.9,43.3,"Triangle occurred on 2026-08-12, not within last 5 bars",2026-09-11 03:51:51 UTC
RCL,,PASS,33,33.0,259.01,Breakout seen but no run-up trigger (pullback/run-up thresholds not met),2026-09-11 03:51:51 UTC
RCMT,,WATCH,60,59.6,39.12,"Triangle on 2026-09-08 (last 5 bars) + higher low after; EMA10 touched 3 bars; breakout 2026-08-18, top 2026-08-31, pullback-trigger 2026-09-03",2026-09-11 03:51:51 UTC
RCUS,,PASS,45,45.3,26.15,Breakout seen but no run-up trigger (pullback/run-up thresholds not met),2026-09-11 03:51:51 UTC
RDAC,,PASS,264,264.1,5.56,Run-up triggered but EMA stack failed on run-up top (EMA10>EMA20>EMA50),2026-09-11 03:51:51 UTC
RDAG,,PASS,0,,10.43,Breakout seen but no run-up trigger (pullback/run-up thresholds not met),2026-09-11 03:51:51 UTC
RDCM,,PASS,38,37.9,9.96,"Triangle occurred on 2026-05-14, not within last 5 bars",2026-09-11 03:51:51 UTC
RDDT,,PASS,36,36.0,155.34,"Triangle occurred on 2026-07-29, not within last 5 bars",2026-09-11 03:51:51 UTC
RDIB,,WATCH,176,175.5,14.4,"Triangle on 2026-09-08 (last 5 bars) + higher low after; EMA10 touched 3 bars; breakout 2026-08-28, top 2026-08-28, pullback-trigger 2026-08-31",2026-09-11 03:51:51 UTC
RDN,,PASS,0,,36.22,Breakout seen but no run-up trigger (pullback/run-up thresholds not met),2026-09-11 03:51:51 UTC
RDNT,,PASS,37,36.6,74.28,"Triangle occurred on 2026-08-26, not within last 5 bars",2026-09-11 03:51:51 UTC
RDNW,,PASS,53,53.2,5.57,Breakout seen but no run-up trigger (pullback/run-up thresholds not met),2026-09-11 03:51:51 UTC
RDS.A,,PASS,0,,95.96,Breakout seen but no run-up trigger (pullback/run-up thresholds not met),2026-09-11 03:51:51 UTC
RDVT,,PASS,32,31.7,73.05,Breakout seen but no run-up trigger (pullback/run-up thresholds not met),2026-09-11 03:51:51 UTC
RDW,,PASS,83,82.9,10.87,"Triangle occurred on 2026-08-26, not within last 5 bars",2026-09-11 03:51:51 UTC
RDWR,,PASS,38,37.7,28.0,Breakout seen but no run-up trigger (pullback/run-up thresholds not met),2026-09-11 03:51:51 UTC
RDY,,PASS,0,,11.71,Breakout seen but no run-up trigger (pullback/run-up thresholds not met),2026-09-11 03:51:51 UTC
RDZN,,PASS,0,,1.15,Price below minimum ($2.00),2026-09-11 03:51:51 UTC
REA,,PASS,0,,,Not enough daily data,2026-09-11 03:51:51 UTC
REAL,,PASS,52,52.1,9.55,Breakout seen but no run-up trigger (pullback/run-up thresholds not met),2026-09-11 03:51:51 UTC
REAX,,PASS,1674,1673.9,18.53,Run-up triggered but no 3-consecutive EMA touch afterwards,2026-09-11 03:51:51 UTC
REBN,,PASS,0,,0.85,Price below minimum ($2.00),2026-09-11 03:51:51 UTC
REED,,PASS,0,,0.87,Price below minimum ($2.00),2026-09-11 03:51:51 UTC
REFI,,PASS,0,,10.7,Breakout seen but no run-up trigger (pullback/run-up thresholds not met),2026-09-11 03:51:51 UTC
REG,,PASS,0,,75.31,Breakout seen but no run-up trigger (pullback/run-up thresholds not met),2026-09-11 03:51:51 UTC
REGN,,PASS,35,34.7,793.26,Run-up triggered but no 3-consecutive EMA touch afterwards,2026-09-11 03:51:51 UTC
RELI,,PASS,3718,3717.8,2.72,"Triangle occurred on 2026-06-12, not within last 5 bars",2026-09-11 03:51:51 UTC
RELL,,PASS,52,51.9,17.04,"Triangle occurred on 2026-07-31, not within last 5 bars",2026-09-11 03:51:51 UTC
RELX,,PASS,30,30.3,33.82,Breakout seen but no run-up trigger (pullback/run-up thresholds not met),2026-09-11 03:51:51 UTC
RELY,,PASS,66,66.2,21.93,Breakout seen but no run-up trigger (pullback/run-up thresholds not met),2026-09-11 03:51:51 UTC
RENB,,PASS,36,36.2,2.44,Run-up triggered but EMA stack failed on run-up top (EMA10>EMA20>EMA50),2026-09-11 03:51:51 UTC
RENE,,PASS,88,87.7,5.06,"Triangle occurred on 2026-07-10, not within last 5 bars",2026-09-11 03:51:51 UTC
RENT,,PASS,36,35.7,2.82,Breakout seen but no run-up trigger (pullback/run-up thresholds not met),2026-09-11 03:51:51 UTC
RENX,,PASS,0,,1.81,Price below minimum ($2.00),2026-09-11 03:51:51 UTC
REPL,,PASS,41,41.4,13.24,Triangle on 2026-09-10 but no higher low after triangle (last 10 bars),2026-09-11 03:51:51 UTC
REPX,,PASS,33,33.0,43.2,Breakout seen but no run-up trigger (pullback/run-up thresholds not met),2026-09-11 03:51:51 UTC
RERE,,PASS,41,41.2,3.98,Breakout seen but no run-up trigger (pullback/run-up thresholds not met),2026-09-11 03:51:51 UTC
RES,,PASS,30,30.5,6.46,Run-up triggered but EMA stack failed on run-up top (EMA10>EMA20>EMA50),2026-09-11 03:51:51 UTC
RETO,,PASS,0,,0.41,Price below minimum ($2.00),2026-09-11 03:51:51 UTC
REX,,PASS,31,30.6,42.13,Breakout seen but no run-up trigger (pullback/run-up thresholds not met),2026-09-11 03:51:51 UTC
REXR,,PASS,0,,37.0,Breakout seen but no run-up trigger (pullback/run-up thresholds not met),2026-09-11 03:51:51 UTC
REYN,,PASS,0,,21.57,Breakout seen but no run-up trigger (pullback/run-up thresholds not met),2026-09-11 03:51:51 UTC
REZI,,PASS,31,31.4,18.83,Triangle on 2026-09-09 but no higher low after triangle (last 10 bars),2026-09-11 03:51:51 UTC
RF,,PASS,0,,29.95,Breakout seen but no run-up trigger (pullback/run-up thresholds not met),2026-09-11 03:51:51 UTC
RF-F,,PASS,0,,25.16,Breakout seen but no run-up trigger (pullback/run-up thresholds not met),2026-09-11 03:51:51 UTC
RFAI,,PASS,717,716.6,32.01,"Triangle occurred on 2026-09-02, not within last 5 bars",2026-09-11 03:51:51 UTC
RFAM,,PASS,0,,9.98,Breakout seen but no run-up trigger (pullback/run-up thresholds not met),2026-09-11 03:51:51 UTC
RFIL,,PASS,57,56.8,10.19,"Triangle occurred on 2026-07-09, not within last 5 bars",2026-09-11 03:51:51 UTC
RGA,,PASS,0,,247.45,Breakout seen but no run-up trigger (pullback/run-up thresholds not met),2026-09-11 03:51:51 UTC
RGC,,PASS,48,48.3,5.63,Run-up triggered but EMA stack failed on run-up top (EMA10>EMA20>EMA50),2026-09-11 03:51:51 UTC
RGCO,,PASS,0,,21.64,Breakout seen but no run-up trigger (pullback/run-up thresholds not met),2026-09-11 03:51:51 UTC
RGEN,,PASS,45,45.1,164.68,"Triangle occurred on 2026-09-01, not within last 5 bars",2026-09-11 03:51:51 UTC
RGLD,,PASS,41,41.4,253.98,Breakout seen but no run-up trigger (pullback/run-up thresholds not met),2026-09-11 03:51:51 UTC
RGNT,,PASS,0,,1.96,Price below minimum ($2.00),2026-09-11 03:51:51 UTC
RGNX,,PASS,170,170.1,8.56,Breakout seen but no run-up trigger (pullback/run-up thresholds not met),2026-09-11 03:51:51 UTC
RGP,,PASS,39,38.6,3.89,Breakout seen but no run-up trigger (pullback/run-up thresholds not met),2026-09-11 03:51:51 UTC
RGR,,PASS,40,40.1,37.59,Breakout seen but no run-up trigger (pullback/run-up thresholds not met),2026-09-11 03:51:51 UTC
RGS,,PASS,63,63.2,27.4,Breakout seen but no run-up trigger (pullback/run-up thresholds not met),2026-09-11 03:51:51 UTC
RGTI,,PASS,47,47.5,15.16,Run-up triggered but EMA stack failed on run-up top (EMA10>EMA20>EMA50),2026-09-11 03:51:51 UTC
RH,,PASS,44,44.0,134.02,Breakout seen but no run-up trigger (pullback/run-up thresholds not met),2026-09-11 03:51:51 UTC
RHI,,PASS,32,31.9,37.42,Breakout seen but no run-up trigger (pullback/run-up thresholds not met),2026-09-11 03:51:51 UTC
RHLD,,PASS,31,31.5,128.31,Breakout seen but no run-up trigger (pullback/run-up thresholds not met),2026-09-11 03:51:51 UTC
RHP,,PASS,35,35.2,122.35,Breakout seen but no run-up trigger (pullback/run-up thresholds not met),2026-09-11 03:51:51 UTC
RIBB,,PASS,70,70.1,11.15,Run-up triggered but no 3-consecutive EMA touch afterwards,2026-09-11 03:51:51 UTC
RICK,,PASS,0,,28.62,Breakout seen but no run-up trigger (pullback/run-up thresholds not met),2026-09-11 03:51:51 UTC
RIG,,PASS,38,38.3,5.77,Breakout seen but no run-up trigger (pullback/run-up thresholds not met),2026-09-11 03:51:51 UTC
RIGL,,PASS,38,38.1,47.28,Triangle on 2026-09-10 but no higher low after triangle (last 10 bars),2026-09-11 03:51:51 UTC
RILY,,PASS,38,37.7,6.58,"Triangle occurred on 2026-06-02, not within last 5 bars",2026-09-11 03:51:51 UTC
RIO,,PASS,0,,99.39,Breakout seen but no run-up trigger (pullback/run-up thresholds not met),2026-09-11 03:51:51 UTC
RIOT,,PASS,31,31.3,20.95,"Triangle occurred on 2026-06-09, not within last 5 bars",2026-09-11 03:51:51 UTC
RITM,,PASS,0,,9.66,Breakout seen but no run-up trigger (pullback/run-up thresholds not met),2026-09-11 03:51:51 UTC
RITM-C,,PASS,0,,24.74,Breakout seen but no run-up trigger (pullback/run-up thresholds not met),2026-09-11 03:51:51 UTC
RITM.PR.A,,PASS,0,,25.37,Breakout seen but no run-up trigger (pullback/run-up thresholds not met),2026-09-11 03:51:51 UTC
RITM.PR.B,,PASS,0,,25.32,Breakout seen but no run-up trigger (pullback/run-up thresholds not met),2026-09-11 03:51:51 UTC
RITM.PR.C,,PASS,0,,24.74,Breakout seen but no run-up trigger (pullback/run-up thresholds not met),2026-09-11 03:51:51 UTC
RITM.PR.D,,PASS,0,,25.1,Breakout seen but no run-up trigger (pullback/run-up thresholds not met),2026-09-11 03:51:51 UTC
RIV.PR.A,,PASS,0,,21.09,Breakout seen but no run-up trigger (pullback/run-up thresholds not met),2026-09-11 03:51:51 UTC
RIVN,,PASS,41,40.8,16.05,"Triangle occurred on 2026-07-09, not within last 5 bars",2026-09-11 03:51:51 UTC
RJET,,PASS,32,32.4,17.21,Run-up triggered but EMA stack failed on run-up top (EMA10>EMA20>EMA50),2026-09-11 03:51:51 UTC
RJF,,PASS,0,,173.53,Breakout seen but no run-up trigger (pullback/run-up thresholds not met),2026-09-11 03:51:51 UTC
RKLB,,PASS,49,49.2,61.96,Run-up triggered but EMA stack failed on run-up top (EMA10>EMA20>EMA50),2026-09-11 03:51:51 UTC
RKT,,PASS,35,34.6,13.19,Run-up triggered but EMA stack failed on run-up top (EMA10>EMA20>EMA50),2026-09-11 03:51:51 UTC
RL,,PASS,34,33.9,336.67,Breakout seen but no run-up trigger (pullback/run-up thresholds not met),2026-09-11 03:51:51 UTC
RLAY,,PASS,61,60.9,18.89,"Triangle occurred on 2026-07-15, not within last 5 bars",2026-09-11 03:51:51 UTC
RLGT,,PASS,35,34.7,8.21,Breakout seen but no run-up trigger (pullback/run-up thresholds not met),2026-09-11 03:51:51 UTC
RLI,,PASS,0,,60.44,Breakout seen but no run-up trigger (pullback/run-up thresholds not met),2026-09-11 03:51:51 UTC
RLJ,,PASS,0,,10.94,Breakout seen but no run-up trigger (pullback/run-up thresholds not met),2026-09-11 03:51:51 UTC
RLMD,,PASS,40,39.8,4.07,"Triangle occurred on 2026-04-17, not within last 5 bars",2026-09-11 03:51:51 UTC
RLX,,PASS,0,,1.78,Price below minimum ($2.00),2026-09-11 03:51:51 UTC
RLYB,,PASS,93,92.6,16.75,Breakout seen but no run-up trigger (pullback/run-up thresholds not met),2026-09-11 03:51:51 UTC
RM,,PASS,31,31.1,32.75,"Triangle occurred on 2026-07-21, not within last 5 bars",2026-09-11 03:51:51 UTC
RMAX,,PASS,63,63.1,12.36,"Triangle occurred on 2026-05-20, not within last 5 bars",2026-09-11 03:51:51 UTC
RMBI,,PASS,0,,15.66,Breakout seen but no run-up trigger (pullback/run-up thresholds not met),2026-09-11 03:51:51 UTC
RMBL,,PASS,53,53.2,5.57,Breakout seen but no run-up trigger (pullback/run-up thresholds not met),2026-09-11 03:51:51 UTC
RMBS,,PASS,47,47.0,85.35,"Triangle occurred on 2026-06-09, not within last 5 bars",2026-09-11 03:51:51 UTC
RMCF,,PASS,0,,0.91,Price below minimum ($2.00),2026-09-11 03:51:51 UTC
RMCO,,PASS,48,48.0,2.66,"Triangle occurred on 2026-08-25, not within last 5 bars",2026-09-11 03:51:51 UTC
RMD,,PASS,0,,219.58,Breakout seen but no run-up trigger (pullback/run-up thresholds not met),2026-09-11 03:51:51 UTC
RMIX,,PASS,0,,,Not enough daily data,2026-09-11 03:51:51 UTC
RMNI,,PASS,32,32.0,4.57,Breakout seen but no run-up trigger (pullback/run-up thresholds not met),2026-09-11 03:51:51 UTC
RMR,,PASS,0,,19.06,Breakout seen but no run-up trigger (pullback/run-up thresholds not met),2026-09-11 03:51:51 UTC
RNA,,PASS,34,34.0,10.35,Breakout seen but no run-up trigger (pullback/run-up thresholds not met),2026-09-11 03:51:51 UTC
RNAC,,PASS,84,83.5,8.43,Breakout seen but no run-up trigger (pullback/run-up thresholds not met),2026-09-11 03:51:51 UTC
RNAZ,,PASS,0,,1.69,Price below minimum ($2.00),2026-09-11 03:51:51 UTC
RNG,,PASS,30,30.1,69.04,Breakout seen but no run-up trigger (pullback/run-up thresholds not met),2026-09-11 03:51:51 UTC
RNGR,,PASS,36,35.5,17.1,Breakout seen but no run-up trigger (pullback/run-up thresholds not met),2026-09-11 03:51:51 UTC
RNGT,,PASS,0,,10.17,Breakout seen but no run-up trigger (pullback/run-up thresholds not met),2026-09-11 03:51:51 UTC
RNR,,PASS,0,,326.53,Breakout seen but no run-up trigger (pullback/run-up thresholds not met),2026-09-11 03:51:51 UTC
RNST,,PASS,0,,40.53,Breakout seen but no run-up trigger (pullback/run-up thresholds not met),2026-09-11 03:51:51 UTC
RNW,,PASS,0,,6.85,Breakout seen but no run-up trigger (pullback/run-up thresholds not met),2026-09-11 03:51:51 UTC
ROAD,,PASS,31,31.3,96.12,Breakout seen but no run-up trigger (pullback/run-up thresholds not met),2026-09-11 03:51:51 UTC
ROC,,PASS,37,36.9,4.3,Run-up triggered but EMA stack failed on run-up top (EMA10>EMA20>EMA50),2026-09-11 03:51:51 UTC
ROCK,,PASS,37,37.0,44.52,"Triangle occurred on 2026-08-12, not within last 5 bars",2026-09-11 03:51:51 UTC
ROCL,,PASS,70,69.8,6.48,Breakout seen but no run-up trigger (pullback/run-up thresholds not met),2026-09-11 03:51:51 UTC
ROG,,PASS,39,38.6,132.68,Breakout seen but no run-up trigger (pullback/run-up thresholds not met),2026-09-11 03:51:51 UTC
ROIV,,PASS,32,32.5,40.94,Breakout seen but no run-up trigger (pullback/run-up thresholds not met),2026-09-11 03:51:51 UTC
ROK,,PASS,0,,421.37,Breakout seen but no run-up trigger (pullback/run-up thresholds not met),2026-09-11 03:51:51 UTC
ROKU,,PASS,41,41.3,154.12,Breakout seen but no run-up trigger (pullback/run-up thresholds not met),2026-09-11 03:51:51 UTC
ROL,,PASS,0,,34.56,Breakout seen but no run-up trigger (pullback/run-up thresholds not met),2026-09-11 03:51:51 UTC
ROLL,,PASS,0,,478.06,Breakout seen but no run-up trigger (pullback/run-up thresholds not met),2026-09-11 03:51:51 UTC
ROLR,,PASS,246,246.3,6.16,Run-up triggered but EMA stack failed on run-up top (EMA10>EMA20>EMA50),2026-09-11 03:51:51 UTC
ROMA,,PASS,51,50.5,8.98,"Triangle occurred on 2026-07-21, not within last 5 bars",2026-09-11 03:51:51 UTC
ROOT,,PASS,40,39.8,52.79,"Triangle occurred on 2026-07-15, not within last 5 bars",2026-09-11 03:51:51 UTC
ROP,,PASS,0,,388.58,Breakout seen but no run-up trigger (pullback/run-up thresholds not met),2026-09-11 03:51:51 UTC
ROST,,PASS,0,,225.48,Breakout seen but no run-up trigger (pullback/run-up thresholds not met),2026-09-11 03:51:51 UTC
RPAY,,PASS,43,43.4,3.56,"Triangle occurred on 2026-07-15, not within last 5 bars",2026-09-11 03:51:51 UTC
RPC,,PASS,42,41.6,7.9,Breakout seen but no run-up trigger (pullback/run-up thresholds not met),2026-09-11 03:51:51 UTC
RPD,,PASS,119,118.9,10.5,"Triangle occurred on 2026-06-05, not within last 5 bars",2026-09-11 03:51:51 UTC
RPID,,PASS,0,,1.2,Price below minimum ($2.00),2026-09-11 03:51:51 UTC
RPM,,PASS,0,,99.31,Breakout seen but no run-up trigger (pullback/run-up thresholds not met),2026-09-11 03:51:51 UTC
RPRX,,PASS,0,,58.75,Breakout seen but no run-up trigger (pullback/run-up thresholds not met),2026-09-11 03:51:51 UTC
RPT,,PASS,0,,12.51,Breakout seen but no run-up trigger (pullback/run-up thresholds not met),2026-09-11 03:51:51 UTC
RPT.PR.C,,PASS,0,,25.15,Breakout seen but no run-up trigger (pullback/run-up thresholds not met),2026-09-11 03:51:51 UTC
RR,,PASS,0,,1.62,Price below minimum ($2.00),2026-09-11 03:51:51 UTC
RRBI,,PASS,0,,103.17,Breakout seen but no run-up trigger (pullback/run-up thresholds not met),2026-09-11 03:51:51 UTC
RRC,,PASS,0,,41.88,Breakout seen but no run-up trigger (pullback/run-up thresholds not met),2026-09-11 03:51:51 UTC
RREV,,PASS,0,,,Not enough daily data,2026-09-11 03:51:51 UTC
RRGB,,PASS,60,60.3,7.56,"Triangle occurred on 2026-08-27, not within last 5 bars",2026-09-11 03:51:51 UTC
RRR,,PASS,0,,54.69,Breakout seen but no run-up trigger (pullback/run-up thresholds not met),2026-09-11 03:51:51 UTC
RRX,,PASS,51,51.4,156.52,Breakout seen but no run-up trigger (pullback/run-up thresholds not met),2026-09-11 03:51:51 UTC
RS,,PASS,32,31.8,392.4,Breakout seen but no run-up trigger (pullback/run-up thresholds not met),2026-09-11 03:51:51 UTC
RSG,,PASS,0,,221.08,Breakout seen but no run-up trigger (pullback/run-up thresholds not met),2026-09-11 03:51:51 UTC
RSI,,PASS,41,40.8,26.36,Breakout seen but no run-up trigger (pullback/run-up thresholds not met),2026-09-11 03:51:51 UTC
RSKD,,PASS,0,,5.97,Breakout seen but no run-up trigger (pullback/run-up thresholds not met),2026-09-11 03:51:51 UTC
RSLS,,PASS,31,31.2,2.1,Breakout seen but no run-up trigger (pullback/run-up thresholds not met),2026-09-11 03:51:51 UTC
RSSS,,PASS,31,30.8,2.13,Breakout seen but no run-up trigger (pullback/run-up thresholds not met),2026-09-11 03:51:51 UTC
RSVR,,PASS,37,37.1,8.82,Breakout seen but no run-up trigger (pullback/run-up thresholds not met),2026-09-11 03:51:51 UTC
RTAC,,PASS,0,,10.46,Breakout seen but no run-up trigger (pullback/run-up thresholds not met),2026-09-11 03:51:51 UTC
RTB,,PASS,509,509.2,8.22,"Triangle occurred on 2026-07-14, not within last 5 bars",2026-09-11 03:51:51 UTC
RTC,,PASS,0,,1.63,Price below minimum ($2.00),2026-09-11 03:51:51 UTC
RTO,,PASS,0,,22.42,Breakout seen but no run-up trigger (pullback/run-up thresholds not met),2026-09-11 03:51:51 UTC
RTX,,PASS,0,,198.12,Breakout seen but no run-up trigger (pullback/run-up thresholds not met),2026-09-11 03:51:51 UTC
RUM,,PASS,77,77.2,7.37,Triangle on 2026-09-04 but no higher low after triangle (last 10 bars),2026-09-11 03:51:51 UTC
RUN,,PASS,32,31.9,8.63,"Triangle occurred on 2026-06-23, not within last 5 bars",2026-09-11 03:51:51 UTC
RUSHA,,PASS,0,,48.19,Breakout seen but no run-up trigger (pullback/run-up thresholds not met),2026-09-11 03:51:51 UTC
RUSHB,,PASS,34,33.8,49.21,Breakout seen but no run-up trigger (pullback/run-up thresholds not met),2026-09-11 03:51:51 UTC
RVLV,,PASS,44,43.6,20.48,Breakout seen but no run-up trigger (pullback/run-up thresholds not met),2026-09-11 03:51:51 UTC
RVMD,,PASS,37,37.0,203.35,Breakout seen but no run-up trigger (pullback/run-up thresholds not met),2026-09-11 03:51:51 UTC
RVSB,,PASS,0,,5.32,Breakout seen but no run-up trigger (pullback/run-up thresholds not met),2026-09-11 03:51:51 UTC
RVSN,,PASS,50,49.6,3.91,Run-up triggered but EMA stack failed on run-up top (EMA10>EMA20>EMA50),2026-09-11 03:51:51 UTC
RVTY,,PASS,0,,120.94,Breakout seen but no run-up trigger (pullback/run-up thresholds not met),2026-09-11 03:51:51 UTC
RVYL,,PASS,0,,,**symbol** not found: RVYL. Please specify it correctly according to API Documentation.,2026-09-11 03:51:51 UTC
RWAY,,PASS,0,,6.51,Breakout seen but no run-up trigger (pullback/run-up thresholds not met),2026-09-11 03:51:51 UTC
RWAYI,,PASS,0,,24.9,Breakout seen but no run-up trigger (pullback/run-up thresholds not met),2026-09-11 03:51:51 UTC
RWT,,PASS,34,34.0,3.63,Breakout seen but no run-up trigger (pullback/run-up thresholds not met),2026-09-11 03:51:51 UTC
RWT-A,,PASS,0,,23.51,Breakout seen but no run-up trigger (pullback/run-up thresholds not met),2026-09-11 03:51:51 UTC
RWT.PR.A,,PASS,0,,23.51,Breakout seen but no run-up trigger (pullback/run-up thresholds not met),2026-09-11 03:51:51 UTC
RWTRP,,PASS,0,,24.26,Breakout seen but no run-up trigger (pullback/run-up thresholds not met),2026-09-11 03:51:51 UTC
RXO,,PASS,78,78.3,19.51,Breakout seen but no run-up trigger (pullback/run-up thresholds not met),2026-09-11 03:51:51 UTC
RXRX,,PASS,39,39.0,3.16,Breakout seen but no run-up trigger (pullback/run-up thresholds not met),2026-09-11 03:51:51 UTC
RXST,,PASS,33,33.0,5.96,Breakout seen but no run-up trigger (pullback/run-up thresholds not met),2026-09-11 03:51:51 UTC
RXT,,PASS,114,113.9,3.13,"Triangle occurred on 2026-06-29, not within last 5 bars",2026-09-11 03:51:51 UTC
RY,,PASS,0,,205.98,Breakout seen but no run-up trigger (pullback/run-up thresholds not met),2026-09-11 03:51:51 UTC
RYAAY,,PASS,0,,53.0,Breakout seen but no run-up trigger (pullback/run-up thresholds not met),2026-09-11 03:51:51 UTC
RYAM,,PASS,38,37.7,8.35,Breakout seen but no run-up trigger (pullback/run-up thresholds not met),2026-09-11 03:51:51 UTC
RYAN,,PASS,32,32.2,38.67,Breakout seen but no run-up trigger (pullback/run-up thresholds not met),2026-09-11 03:51:51 UTC
RYI,,PASS,0,,,**symbol** not found: RYI. Please specify it correctly according to API Documentation.,2026-09-11 03:51:51 UTC
RYM,,PASS,47,47.4,23.16,Breakout seen but no run-up trigger (pullback/run-up thresholds not met),2026-09-11 03:51:51 UTC
RYN,,PASS,0,,20.28,Breakout seen but no run-up trigger (pullback/run-up thresholds not met),2026-09-11 03:51:51 UTC
RYOJ,,PASS,80,79.9,4.7,"Triangle occurred on 2026-08-10, not within last 5 bars",2026-09-11 03:51:51 UTC
RYTM,,PASS,56,55.9,102.2,Breakout seen but no run-up trigger (pullback/run-up thresholds not met),2026-09-11 03:51:51 UTC
RYZ,,PASS,30,30.4,25.21,Breakout seen but no run-up trigger (pullback/run-up thresholds not met),2026-09-11 03:51:51 UTC
RZLT,,PASS,46,46.3,4.17,"Triangle occurred on 2026-07-06, not within last 5 bars",2026-09-11 03:51:51 UTC
RZLV,,PASS,50,50.2,2.3,Breakout seen but no run-up trigger (pullback/run-up thresholds not met),2026-09-11 03:51:51 UTC
S,,PASS,38,38.3,19.81,"Triangle occurred on 2026-08-19, not within last 5 bars",2026-09-11 03:51:51 UTC
SA,,WATCH,44,43.7,30.95,"Triangle on 2026-09-04 (last 5 bars) + higher low after; EMA20 touched 3 bars; breakout 2026-08-25, top 2026-08-25, pullback-trigger 2026-08-28",2026-09-11 03:51:51 UTC
SAAQ,,PASS,0,,10.1,Breakout seen but no run-up trigger (pullback/run-up thresholds not met),2026-09-11 03:51:51 UTC
SABR,,PASS,40,39.9,2.13,"Triangle occurred on 2026-08-20, not within last 5 bars",2026-09-11 03:51:51 UTC
SABS,,PASS,35,34.7,3.42,Run-up triggered but EMA stack failed on run-up top (EMA10>EMA20>EMA50),2026-09-11 03:51:51 UTC
SAC,,PASS,0,,10.11,Breakout seen but no run-up trigger (pullback/run-up thresholds not met),2026-09-11 03:51:51 UTC
SAC.UN,,PASS,0,,10.4,Breakout seen but no run-up trigger (pullback/run-up thresholds not met),2026-09-11 03:51:51 UTC
SACH-A,,PASS,0,,21.43,Breakout seen but no run-up trigger (pullback/run-up thresholds not met),2026-09-11 03:51:51 UTC
SAFE,,PASS,0,,14.36,Breakout seen but no run-up trigger (pullback/run-up thresholds not met),2026-09-11 03:51:51 UTC
SAFT,,PASS,0,,103.32,Breakout seen but no run-up trigger (pullback/run-up thresholds not met),2026-09-11 03:51:51 UTC
SAH,,PASS,35,34.7,76.52,Breakout seen but no run-up trigger (pullback/run-up thresholds not met),2026-09-11 03:51:51 UTC
SAIA,,PASS,44,43.8,346.0,Breakout seen but no run-up trigger (pullback/run-up thresholds not met),2026-09-11 03:51:51 UTC
SAIC,,PASS,42,41.7,128.76,Breakout seen but no run-up trigger (pullback/run-up thresholds not met),2026-09-11 03:51:51 UTC
SAIH,,PASS,57,56.8,23.64,"Triangle occurred on 2026-08-17, not within last 5 bars",2026-09-11 03:51:51 UTC
SAIL,,WATCH,50,49.9,17.64,"Triangle on 2026-09-03 (last 5 bars) + higher low after; EMA10 touched 3 bars; breakout 2026-08-27, top 2026-08-27, pullback-trigger 2026-08-28",2026-09-11 03:51:51 UTC
SAM,,PASS,0,,169.52,Breakout seen but no run-up trigger (pullback/run-up thresholds not met),2026-09-11 03:51:51 UTC
SAMG,,PASS,0,,10.0,Breakout seen but no run-up trigger (pullback/run-up thresholds not met),2026-09-11 03:51:51 UTC
SAN,,PASS,41,40.8,14.63,Breakout seen but no run-up trigger (pullback/run-up thresholds not met),2026-09-11 03:51:51 UTC
SANA,,PASS,61,61.3,3.09,Breakout seen but no run-up trigger (pullback/run-up thresholds not met),2026-09-11 03:51:51 UTC
SANG,,PASS,35,35.5,3.7,Breakout seen but no run-up trigger (pullback/run-up thresholds not met),2026-09-11 03:51:51 UTC
SANM,,PASS,35,35.2,203.31,"Triangle occurred on 2026-06-09, not within last 5 bars",2026-09-11 03:51:51 UTC
SAP,,PASS,0,,205.95,Breakout seen but no run-up trigger (pullback/run-up thresholds not met),2026-09-11 03:51:51 UTC
SAR,,PASS,0,,17.16,Breakout seen but no run-up trigger (pullback/run-up thresholds not met),2026-09-11 03:51:51 UTC
SARO,,PASS,0,,23.65,Breakout seen but no run-up trigger (pullback/run-up thresholds not met),2026-09-11 03:51:51 UTC
SATL,,PASS,89,89.3,4.7,Run-up triggered but EMA stack failed on run-up top (EMA10>EMA20>EMA50),2026-09-11 03:51:51 UTC
SATS,,PASS,32,32.0,91.85,"Triangle occurred on 2026-04-30, not within last 5 bars",2026-09-11 03:51:51 UTC
SB,,PASS,0,,8.38,Breakout seen but no run-up trigger (pullback/run-up thresholds not met),2026-09-11 03:51:51 UTC
SBAC,,PASS,38,38.2,181.42,Breakout seen but no run-up trigger (pullback/run-up thresholds not met),2026-09-11 03:51:51 UTC
SBC,,PASS,43,43.4,4.4,Breakout seen but no run-up trigger (pullback/run-up thresholds not met),2026-09-11 03:51:51 UTC
SBCF,,PASS,0,,33.86,Breakout seen but no run-up trigger (pullback/run-up thresholds not met),2026-09-11 03:51:51 UTC
SBDS,,PASS,74,74.2,3.34,Breakout seen but no run-up trigger (pullback/run-up thresholds not met),2026-09-11 03:51:51 UTC
SBET,,PASS,50,50.5,8.43,"Triangle occurred on 2025-07-23, not within last 5 bars",2026-09-11 03:51:51 UTC
SBFG,,PASS,0,,29.44,Breakout seen but no run-up trigger (pullback/run-up thresholds not met),2026-09-11 03:51:51 UTC
SBGI,,PASS,38,38.4,13.82,Breakout seen but no run-up trigger (pullback/run-up thresholds not met),2026-09-11 03:51:51 UTC
SBH,,PASS,31,30.6,15.8,Breakout seen but no run-up trigger (pullback/run-up thresholds not met),2026-09-11 03:51:51 UTC
SBLK,,PASS,0,,30.74,Breakout seen but no run-up trigger (pullback/run-up thresholds not met),2026-09-11 03:51:51 UTC
SBLX,,PASS,0,,,**symbol** not found: SBLX. Please specify it correctly according to API Documentation.,2026-09-11 03:51:51 UTC
SBMT,,PASS,0,,,Not enough daily data,2026-09-11 03:51:51 UTC
SBRA,,PASS,0,,20.83,Breakout seen but no run-up trigger (pullback/run-up thresholds not met),2026-09-11 03:51:51 UTC
SBS,,PASS,32,31.8,5.32,Breakout seen but no run-up trigger (pullback/run-up thresholds not met),2026-09-11 03:51:51 UTC
SBSI,,PASS,0,,32.09,Breakout seen but no run-up trigger (pullback/run-up thresholds not met),2026-09-11 03:51:51 UTC
SBSW,,PASS,62,62.1,12.57,"Triangle occurred on 2026-02-13, not within last 5 bars",2026-09-11 03:51:51 UTC
SBUX,,PASS,0,,99.22,Breakout seen but no run-up trigger (pullback/run-up thresholds not met),2026-09-11 03:51:51 UTC
SBXD,,PASS,0,,10.87,Breakout seen but no run-up trigger (pullback/run-up thresholds not met),2026-09-11 03:51:51 UTC
SBXD.UN,,PASS,0,,10.89,Breakout seen but no run-up trigger (pullback/run-up thresholds not met),2026-09-11 03:51:51 UTC
SBXE,,PASS,0,,10.1,Breakout seen but no run-up trigger (pullback/run-up thresholds not met),2026-09-11 03:51:51 UTC
SBXE.UN,,PASS,0,,10.3,Breakout seen but no run-up trigger (pullback/run-up thresholds not met),2026-09-11 03:51:51 UTC
SCCO,,PASS,31,31.4,194.14,Breakout seen but no run-up trigger (pullback/run-up thresholds not met),2026-09-11 03:51:51 UTC
SCHL,,PASS,32,32.0,35.27,Breakout seen but no run-up trigger (pullback/run-up thresholds not met),2026-09-11 03:51:51 UTC
SCHW,,PASS,0,,107.33,Breakout seen but no run-up trigger (pullback/run-up thresholds not met),2026-09-11 03:51:51 UTC
SCI,,PASS,0,,79.73,Breakout seen but no run-up trigger (pullback/run-up thresholds not met),2026-09-11 03:51:51 UTC
SCII,,PASS,0,,10.12,Breakout seen but no run-up trigger (pullback/run-up thresholds not met),2026-09-11 03:51:51 UTC
SCL,,PASS,35,35.0,61.66,Breakout seen but no run-up trigger (pullback/run-up thresholds not met),2026-09-11 03:51:51 UTC
SCLX,,PASS,146,145.6,5.05,"Triangle occurred on 2026-07-16, not within last 5 bars",2026-09-11 03:51:51 UTC
SCM,,PASS,31,31.3,8.19,Run-up triggered but EMA stack failed on run-up top (EMA10>EMA20>EMA50),2026-09-11 03:51:51 UTC
SCOR,,PASS,42,41.6,5.02,Breakout seen but no run-up trigger (pullback/run-up thresholds not met),2026-09-11 03:51:51 UTC
SCPQ,,PASS,0,,10.03,Breakout seen but no run-up trigger (pullback/run-up thresholds not met),2026-09-11 03:51:51 UTC
SCRM,,PASS,0,,,**symbol** not found: SCRM. Please specify it correctly according to API Documentation.,2026-09-11 03:51:51 UTC
SCSC,,PASS,46,46.4,55.53,Breakout seen but no run-up trigger (pullback/run-up thresholds not met),2026-09-11 03:51:51 UTC
SCVL,,PASS,32,32.4,12.28,Breakout seen but no run-up trigger (pullback/run-up thresholds not met),2026-09-11 03:51:51 UTC
SCWO,,PASS,52,51.5,3.2,"Triangle occurred on 2026-03-30, not within last 5 bars",2026-09-11 03:51:51 UTC
SCZM,,PASS,71,70.7,9.69,Breakout seen but no run-up trigger (pullback/run-up thresholds not met),2026-09-11 03:51:51 UTC
SD,,PASS,33,32.8,14.67,Breakout seen but no run-up trigger (pullback/run-up thresholds not met),2026-09-11 03:51:51 UTC
SDGR,,PASS,39,39.2,18.8,Breakout seen but no run-up trigger (pullback/run-up thresholds not met),2026-09-11 03:51:51 UTC
SDHC,,PASS,30,30.3,10.42,Breakout seen but no run-up trigger (pullback/run-up thresholds not met),2026-09-11 03:51:51 UTC
SDHI,,PASS,0,,10.56,Breakout seen but no run-up trigger (pullback/run-up thresholds not met),2026-09-11 03:51:51 UTC
SDM,,PASS,0,,,**symbol** not found: SDM. Please specify it correctly according to API Documentation.,2026-09-11 03:51:51 UTC
SDRL,,PASS,0,,48.46,Breakout seen but no run-up trigger (pullback/run-up thresholds not met),2026-09-11 03:51:51 UTC
SDST,,PASS,0,,0.17,Price below minimum ($2.00),2026-09-11 03:51:51 UTC
SE,,PASS,35,35.2,107.69,"Triangle occurred on 2026-08-20, not within last 5 bars",2026-09-11 03:51:51 UTC
SEAL.PR.A,,PASS,0,,25.96,Breakout seen but no run-up trigger (pullback/run-up thresholds not met),2026-09-11 03:51:51 UTC
SEAL.PR.B,,PASS,0,,25.68,Breakout seen but no run-up trigger (pullback/run-up thresholds not met),2026-09-11 03:51:51 UTC
SEAT,,PASS,53,53.2,4.71,"Triangle occurred on 2026-08-07, not within last 5 bars",2026-09-11 03:51:51 UTC
SEB,,PASS,32,31.8,4297.62,Breakout seen but no run-up trigger (pullback/run-up thresholds not met),2026-09-11 03:51:51 UTC
SEDG,,PASS,116,116.4,36.75,Breakout seen but no run-up trigger (pullback/run-up thresholds not met),2026-09-11 03:51:51 UTC
SEER,,PASS,0,,1.93,Price below minimum ($2.00),2026-09-11 03:51:51 UTC
SEG,,PASS,0,,25.85,Breakout seen but no run-up trigger (pullback/run-up thresholds not met),2026-09-11 03:51:51 UTC
SEGG,,PASS,111,111.5,3.04,"Triangle occurred on 2026-05-28, not within last 5 bars",2026-09-11 03:51:51 UTC
SEI,,PASS,45,45.0,64.15,Run-up triggered but EMA stack failed on run-up top (EMA10>EMA20>EMA50),2026-09-11 03:51:51 UTC
SEIC,,PASS,0,,106.77,Breakout seen but no run-up trigger (pullback/run-up thresholds not met),2026-09-11 03:51:51 UTC
SELF,,PASS,0,,5.15,Breakout seen but no run-up trigger (pullback/run-up thresholds not met),2026-09-11 03:51:51 UTC
SEM,,PASS,35,34.8,20.65,Breakout seen but no run-up trigger (pullback/run-up thresholds not met),2026-09-11 03:51:51 UTC
SEMR,,PASS,0,,,**symbol** SEMR is not available with your plan. You may select the appropriate plan at https://twelvedata.com/pricing,2026-09-11 03:51:51 UTC
SENEA,,PASS,34,33.8,186.19,Breakout seen but no run-up trigger (pullback/run-up thresholds not met),2026-09-11 03:51:51 UTC
SENEB,,PASS,0,,188.22,Breakout seen but no run-up trigger (pullback/run-up thresholds not met),2026-09-11 03:51:51 UTC
SENS,,PASS,32,32.3,8.79,"Triangle occurred on 2025-02-21, not within last 5 bars",2026-09-11 03:51:51 UTC
SEPN,,PASS,54,54.0,37.75,"Triangle occurred on 2026-08-24, not within last 5 bars",2026-09-11 03:51:51 UTC
SER,,PASS,46,45.8,2.5,"Triangle occurred on 2026-08-20, not within last 5 bars",2026-09-11 03:51:51 UTC
SERA,,PASS,32,32.2,2.05,"Triangle occurred on 2026-07-21, not within last 5 bars",2026-09-11 03:51:51 UTC
SERV,,PASS,34,34.2,4.42,Run-up triggered but EMA stack failed on run-up top (EMA10>EMA20>EMA50),2026-09-11 03:51:51 UTC
SEVN,,PASS,0,,7.34,Breakout seen but no run-up trigger (pullback/run-up thresholds not met),2026-09-11 03:51:51 UTC
SEZL,,PASS,80,80.4,118.41,"Triangle occurred on 2026-07-21, not within last 5 bars",2026-09-11 03:51:51 UTC
SF,,PASS,0,,79.69,Breakout seen but no run-up trigger (pullback/run-up thresholds not met),2026-09-11 03:51:51 UTC
SFBC,,PASS,0,,48.35,Breakout seen but no run-up trigger (pullback/run-up thresholds not met),2026-09-11 03:51:51 UTC
SFBS,,PASS,0,,42.34,Breakout seen but no run-up trigger (pullback/run-up thresholds not met),2026-09-11 03:51:51 UTC
SFD,,PASS,30,30.3,20.59,Breakout seen but no run-up trigger (pullback/run-up thresholds not met),2026-09-11 03:51:51 UTC
SFET,,PASS,0,,1.78,Price below minimum ($2.00),2026-09-11 03:51:51 UTC
SFHG,,PASS,137,137.4,2.31,"Triangle occurred on 2026-01-12, not within last 5 bars",2026-09-11 03:51:51 UTC
SFIX,,PASS,35,35.4,2.85,"Triangle occurred on 2026-07-07, not within last 5 bars",2026-09-11 03:51:51 UTC
SFL,,PASS,38,38.2,12.68,Breakout seen but no run-up trigger (pullback/run-up thresholds not met),2026-09-11 03:51:51 UTC
SFM,,PASS,0,,72.2,Breakout seen but no run-up trigger (pullback/run-up thresholds not met),2026-09-11 03:51:51 UTC
SFNC,,PASS,0,,23.13,Breakout seen but no run-up trigger (pullback/run-up thresholds not met),2026-09-11 03:51:51 UTC
SFST,,PASS,0,,63.42,Breakout seen but no run-up trigger (pullback/run-up thresholds not met),2026-09-11 03:51:51 UTC
SG,,PASS,43,43.2,6.76,Run-up triggered but EMA stack failed on run-up top (EMA10>EMA20>EMA50),2026-09-11 03:51:51 UTC
SGA,,PASS,0,,8.9,Breakout seen but no run-up trigger (pullback/run-up thresholds not met),2026-09-11 03:51:51 UTC
SGBX,,PASS,0,,0.88,Price below minimum ($2.00),2026-09-11 03:51:51 UTC
SGC,,PASS,41,40.9,12.29,Breakout seen but no run-up trigger (pullback/run-up thresholds not met),2026-09-11 03:51:51 UTC
SGHC,,PASS,40,40.3,13.64,Breakout seen but no run-up trigger (pullback/run-up thresholds not met),2026-09-11 03:51:51 UTC
SGHT,,PASS,70,70.3,8.01,Triangle on 2026-09-03 but no higher low after triangle (last 10 bars),2026-09-11 03:51:51 UTC
SGI,,PASS,0,,66.11,Breakout seen but no run-up trigger (pullback/run-up thresholds not met),2026-09-11 03:51:51 UTC
SGML,,PASS,150,150.1,10.07,Breakout seen but no run-up trigger (pullback/run-up thresholds not met),2026-09-11 03:51:51 UTC
SGMS,,PASS,31,30.7,87.14,Breakout seen but no run-up trigger (pullback/run-up thresholds not met),2026-09-11 03:51:51 UTC
SGMT,,PASS,72,71.5,11.06,"Triangle occurred on 2026-05-07, not within last 5 bars",2026-09-11 03:51:51 UTC
SGP,,PASS,42,42.1,27.31,Breakout seen but no run-up trigger (pullback/run-up thresholds not met),2026-09-11 03:51:51 UTC
SGRY,,PASS,32,31.8,14.12,Breakout seen but no run-up trigger (pullback/run-up thresholds not met),2026-09-11 03:51:51 UTC
SGU,,PASS,0,,12.78,Breakout seen but no run-up trigger (pullback/run-up thresholds not met),2026-09-11 03:51:51 UTC
SHAK,,PASS,39,39.0,61.7,Breakout seen but no run-up trigger (pullback/run-up thresholds not met),2026-09-11 03:51:51 UTC
SHAZ,,PASS,67,66.7,56.57,Run-up triggered but EMA stack failed on run-up top (EMA10>EMA20>EMA50),2026-09-11 03:51:51 UTC
SHBI,,PASS,32,32.4,23.4,Breakout seen but no run-up trigger (pullback/run-up thresholds not met),2026-09-11 03:51:51 UTC
SHC,,PASS,50,50.5,18.26,Breakout seen but no run-up trigger (pullback/run-up thresholds not met),2026-09-11 03:51:51 UTC
SHEL,,PASS,0,,95.96,Breakout seen but no run-up trigger (pullback/run-up thresholds not met),2026-09-11 03:51:51 UTC
SHEN,,PASS,37,36.8,11.98,Breakout seen but no run-up trigger (pullback/run-up thresholds not met),2026-09-11 03:51:51 UTC
SHG,,PASS,0,,81.23,Breakout seen but no run-up trigger (pullback/run-up thresholds not met),2026-09-11 03:51:51 UTC
SHIM,,PASS,42,42.3,3.44,Breakout seen but no run-up trigger (pullback/run-up thresholds not met),2026-09-11 03:51:51 UTC
SHIP,,PASS,32,32.1,18.24,Breakout seen but no run-up trigger (pullback/run-up thresholds not met),2026-09-11 03:51:51 UTC
SHLS,,PASS,71,70.6,7.11,Breakout seen but no run-up trigger (pullback/run-up thresholds not met),2026-09-11 03:51:51 UTC
SHMD,,PASS,61,60.8,3.23,Run-up triggered but EMA stack failed on run-up top (EMA10>EMA20>EMA50),2026-09-11 03:51:51 UTC
SHO,,PASS,0,,10.97,Breakout seen but no run-up trigger (pullback/run-up thresholds not met),2026-09-11 03:51:51 UTC
SHO-I,,PASS,0,,21.74,Breakout seen but no run-up trigger (pullback/run-up thresholds not met),2026-09-11 03:51:51 UTC
SHOO,,PASS,37,36.9,41.56,Breakout seen but no run-up trigger (pullback/run-up thresholds not met),2026-09-11 03:51:51 UTC
SHOP,,PASS,38,37.8,126.6,"Triangle occurred on 2026-08-20, not within last 5 bars",2026-09-11 03:51:51 UTC
SHOT,,PASS,45,45.3,9.86,Breakout seen but no run-up trigger (pullback/run-up thresholds not met),2026-09-11 03:51:51 UTC
SHW,,PASS,0,,317.44,Breakout seen but no run-up trigger (pullback/run-up thresholds not met),2026-09-11 03:51:51 UTC
SI,,PASS,30,30.4,19.11,Breakout seen but no run-up trigger (pullback/run-up thresholds not met),2026-09-11 03:51:51 UTC
SIBN,,PASS,38,38.1,18.3,Breakout seen but no run-up trigger (pullback/run-up thresholds not met),2026-09-11 03:51:51 UTC
SIDU,,PASS,61,60.8,2.0,Run-up triggered but EMA stack failed on run-up top (EMA10>EMA20>EMA50),2026-09-11 03:51:51 UTC
SIEB,,PASS,34,33.5,2.73,"Triangle occurred on 2025-12-26, not within last 5 bars",2026-09-11 03:51:51 UTC
SIF,,PASS,36,36.0,20.91,"Triangle occurred on 2026-07-10, not within last 5 bars",2026-09-11 03:51:51 UTC
SIFY,,PASS,33,32.7,14.19,Breakout seen but no run-up trigger (pullback/run-up thresholds not met),2026-09-11 03:51:51 UTC
SIG,,PASS,36,35.7,97.71,Breakout seen but no run-up trigger (pullback/run-up thresholds not met),2026-09-11 03:51:51 UTC
SIGA,,PASS,51,50.8,3.02,Breakout seen but no run-up trigger (pullback/run-up thresholds not met),2026-09-11 03:51:51 UTC
SIGI,,PASS,0,,90.56,Breakout seen but no run-up trigger (pullback/run-up thresholds not met),2026-09-11 03:51:51 UTC
SII,,PASS,38,38.1,126.34,"Triangle occurred on 2026-09-02, not within last 5 bars",2026-09-11 03:51:51 UTC
SILA,,PASS,0,,,**symbol** not found: SILA. Please specify it correctly according to API Documentation.,2026-09-11 03:51:51 UTC
SILC,,PASS,31,31.1,40.48,"Triangle occurred on 2026-08-24, not within last 5 bars",2026-09-11 03:51:51 UTC
SIM,,PASS,0,,26.5,Breakout seen but no run-up trigger (pullback/run-up thresholds not met),2026-09-11 03:51:51 UTC
SIMA,,PASS,0,,11.03,Breakout seen but no run-up trigger (pullback/run-up thresholds not met),2026-09-11 03:51:51 UTC
SIMO,,PASS,48,48.4,265.25,Breakout seen but no run-up trigger (pullback/run-up thresholds not met),2026-09-11 03:51:51 UTC
SINT,,PASS,0,,1.86,Price below minimum ($2.00),2026-09-11 03:51:51 UTC
SION,,PASS,52,51.7,7.62,Breakout seen but no run-up trigger (pullback/run-up thresholds not met),2026-09-11 03:51:51 UTC
SIRI,,PASS,30,30.0,28.88,Breakout seen but no run-up trigger (pullback/run-up thresholds not met),2026-09-11 03:51:51 UTC
SITC,,PASS,59,59.2,2.83,Breakout seen but no run-up trigger (pullback/run-up thresholds not met),2026-09-11 03:51:51 UTC
SITE,,PASS,0,,94.78,Breakout seen but no run-up trigger (pullback/run-up thresholds not met),2026-09-11 03:51:51 UTC
SITM,,PASS,66,66.2,602.27,Run-up triggered but EMA stack failed on run-up top (EMA10>EMA20>EMA50),2026-09-11 03:51:51 UTC
SJM,,PASS,0,,121.07,Breakout seen but no run-up trigger (pullback/run-up thresholds not met),2026-09-11 03:51:51 UTC
SKBL,,PASS,0,,,**symbol** not found: SKBL. Please specify it correctly according to API Documentation.,2026-09-11 03:51:51 UTC
SKE,,PASS,43,43.3,31.24,Triangle on 2026-09-08 but no higher low after triangle (last 10 bars),2026-09-11 03:51:51 UTC
SKIL,,PASS,65,64.9,4.19,"Triangle occurred on 2026-08-19, not within last 5 bars",2026-09-11 03:51:51 UTC
SKK,,PASS,90,90.3,4.49,"Triangle occurred on 2026-09-01, not within last 5 bars",2026-09-11 03:51:51 UTC
SKLZ,,PASS,0,,,**symbol** not found: SKLZ. Please specify it correctly according to API Documentation.,2026-09-11 03:51:51 UTC
SKM,,PASS,32,32.3,37.05,Breakout seen but no run-up trigger (pullback/run-up thresholds not met),2026-09-11 03:51:51 UTC
SKT,,PASS,0,,36.47,Breakout seen but no run-up trigger (pullback/run-up thresholds not met),2026-09-11 03:51:51 UTC
SKWD,,PASS,48,48.3,56.3,Breakout seen but no run-up trigger (pullback/run-up thresholds not met),2026-09-11 03:51:51 UTC
SKY,,PASS,32,32.4,81.75,Breakout seen but no run-up trigger (pullback/run-up thresholds not met),2026-09-11 03:51:51 UTC
SKYH,,PASS,49,49.5,10.27,Breakout seen but no run-up trigger (pullback/run-up thresholds not met),2026-09-11 03:51:51 UTC
SKYQ,,PASS,237,236.5,3.19,"Triangle occurred on 2026-07-31, not within last 5 bars",2026-09-11 03:51:51 UTC
SKYT,,PASS,0,,,**symbol** not found: SKYT. Please specify it correctly according to API Documentation.,2026-09-11 03:51:51 UTC
SKYW,,PASS,0,,95.78,Breakout seen but no run-up trigger (pullback/run-up thresholds not met),2026-09-11 03:51:51 UTC
SLAB,,PASS,38,38.3,219.15,Breakout seen but no run-up trigger (pullback/run-up thresholds not met),2026-09-11 03:51:51 UTC
SLB,,PASS,38,37.6,56.01,Breakout seen but no run-up trigger (pullback/run-up thresholds not met),2026-09-11 03:51:51 UTC
SLCR,,PASS,0,,1.36,Price below minimum ($2.00),2026-09-11 03:51:51 UTC
SLDB,,PASS,81,80.6,9.07,Breakout seen but no run-up trigger (pullback/run-up thresholds not met),2026-09-11 03:51:51 UTC
SLDE,,PASS,34,34.1,24.45,Breakout seen but no run-up trigger (pullback/run-up thresholds not met),2026-09-11 03:51:51 UTC
SLDP,,PASS,43,43.4,2.47,Breakout seen but no run-up trigger (pullback/run-up thresholds not met),2026-09-11 03:51:51 UTC
SLE,,PASS,188,187.9,4.57,Run-up triggered but EMA stack failed on run-up top (EMA10>EMA20>EMA50),2026-09-11 03:51:51 UTC
SLF,,PASS,0,,79.56,Breakout seen but no run-up trigger (pullback/run-up thresholds not met),2026-09-11 03:51:51 UTC
SLG,,PASS,35,34.6,51.63,Breakout seen but no run-up trigger (pullback/run-up thresholds not met),2026-09-11 03:51:51 UTC
SLGL,,PASS,58,57.8,66.79,Breakout seen but no run-up trigger (pullback/run-up thresholds not met),2026-09-11 03:51:51 UTC
SLGN,,PASS,32,32.1,38.57,Breakout seen but no run-up trigger (pullback/run-up thresholds not met),2026-09-11 03:51:51 UTC
SLI,,PASS,40,40.1,2.27,Run-up triggered but EMA stack failed on run-up top (EMA10>EMA20>EMA50),2026-09-11 03:51:51 UTC
SLM,,PASS,33,33.2,25.58,Breakout seen but no run-up trigger (pullback/run-up thresholds not met),2026-09-11 03:51:51 UTC
SLMT,,PASS,30,30.1,3.55,Breakout seen but no run-up trigger (pullback/run-up thresholds not met),2026-09-11 03:51:51 UTC
SLN,,PASS,70,70.3,13.31,"Triangle occurred on 2026-08-21, not within last 5 bars",2026-09-11 03:51:51 UTC
SLNG,,PASS,68,67.9,5.32,"Triangle occurred on 2026-08-24, not within last 5 bars",2026-09-11 03:51:51 UTC
SLNH,,PASS,0,,1.16,Price below minimum ($2.00),2026-09-11 03:51:51 UTC
SLNO,,PASS,0,,,**symbol** not found: SLNO. Please specify it correctly according to API Documentation.,2026-09-11 03:51:51 UTC
SLP,,PASS,35,34.5,18.42,Breakout seen but no run-up trigger (pullback/run-up thresholds not met),2026-09-11 03:51:51 UTC
SLRC,,PASS,0,,12.32,Breakout seen but no run-up trigger (pullback/run-up thresholds not met),2026-09-11 03:51:51 UTC
SLS,,PASS,44,44.4,13.49,"Triangle occurred on 2026-09-02, not within last 5 bars",2026-09-11 03:51:51 UTC
SLSR,,PASS,31,31.3,7.97,Breakout seen but no run-up trigger (pullback/run-up thresholds not met),2026-09-11 03:51:51 UTC
SLVM,,PASS,0,,35.03,Breakout seen but no run-up trigger (pullback/run-up thresholds not met),2026-09-11 03:51:51 UTC
SM,,PASS,36,35.6,38.18,Breakout seen but no run-up trigger (pullback/run-up thresholds not met),2026-09-11 03:51:51 UTC
SMA,,PASS,0,,32.05,Breakout seen but no run-up trigger (pullback/run-up thresholds not met),2026-09-11 03:51:51 UTC
SMBC,,PASS,0,,73.23,Breakout seen but no run-up trigger (pullback/run-up thresholds not met),2026-09-11 03:51:51 UTC
SMBK,,PASS,0,,51.55,Breakout seen but no run-up trigger (pullback/run-up thresholds not met),2026-09-11 03:51:51 UTC
SMC,,PASS,34,34.3,34.23,Breakout seen but no run-up trigger (pullback/run-up thresholds not met),2026-09-11 03:51:51 UTC
SMCI,,PASS,65,64.8,37.38,"Triangle occurred on 2026-09-01, not within last 5 bars",2026-09-11 03:51:51 UTC
SMFG,,PASS,0,,26.55,Breakout seen but no run-up trigger (pullback/run-up thresholds not met),2026-09-11 03:51:51 UTC
SMFR,,PASS,44,44.3,86.48,Breakout seen but no run-up trigger (pullback/run-up thresholds not met),2026-09-11 03:51:51 UTC
SMG,,PASS,41,40.6,56.16,"Triangle occurred on 2026-07-30, not within last 5 bars",2026-09-11 03:51:51 UTC
SMHI,,PASS,31,31.1,9.66,"Triangle occurred on 2026-08-26, not within last 5 bars",2026-09-11 03:51:51 UTC
SMID,,PASS,31,31.0,24.23,Breakout seen but no run-up trigger (pullback/run-up thresholds not met),2026-09-11 03:51:51 UTC
SMJF,,PASS,0,,1.04,Price below minimum ($2.00),2026-09-11 03:51:51 UTC
SMMT,,PASS,37,37.0,17.0,"Triangle occurred on 2026-04-30, not within last 5 bars",2026-09-11 03:51:51 UTC
SMP,,PASS,36,36.1,38.46,Breakout seen but no run-up trigger (pullback/run-up thresholds not met),2026-09-11 03:51:51 UTC
SMPL,,PASS,0,,10.24,Breakout seen but no run-up trigger (pullback/run-up thresholds not met),2026-09-11 03:51:51 UTC
SMR,,PASS,33,33.0,10.21,Breakout seen but no run-up trigger (pullback/run-up thresholds not met),2026-09-11 03:51:51 UTC
SMTC,,PASS,35,35.4,159.13,"Triangle occurred on 2026-06-08, not within last 5 bars",2026-09-11 03:51:51 UTC
SMTI,,PASS,33,32.6,35.03,Breakout seen but no run-up trigger (pullback/run-up thresholds not met),2026-09-11 03:51:51 UTC
SMWB,,PASS,53,52.8,8.1,Breakout seen but no run-up trigger (pullback/run-up thresholds not met),2026-09-11 03:51:51 UTC
SMX,,PASS,39,38.5,17.62,Run-up triggered but EMA stack failed on run-up top (EMA10>EMA20>EMA50),2026-09-11 03:51:51 UTC
SN,,PASS,35,34.8,162.58,Breakout seen but no run-up trigger (pullback/run-up thresholds not met),2026-09-11 03:51:51 UTC
SNA,,PASS,0,,374.83,Breakout seen but no run-up trigger (pullback/run-up thresholds not met),2026-09-11 03:51:51 UTC
SNAP,,PASS,36,36.0,5.52,Breakout seen but no run-up trigger (pullback/run-up thresholds not met),2026-09-11 03:51:51 UTC
SNBR,,PASS,0,,,**symbol** not found: SNBR. Please specify it correctly according to API Documentation.,2026-09-11 03:51:51 UTC
SNCY,,PASS,0,,,**symbol** not found: SNCY. Please specify it correctly according to API Documentation.,2026-09-11 03:51:51 UTC
SND,,PASS,36,35.7,5.2,"Triangle occurred on 2026-06-15, not within last 5 bars",2026-09-11 03:51:51 UTC
SNDA,,PASS,34,34.3,39.78,Breakout seen but no run-up trigger (pullback/run-up thresholds not met),2026-09-11 03:51:51 UTC
SNDK,,PASS,83,83.1,1692.59,Run-up triggered but EMA stack failed on run-up top (EMA10>EMA20>EMA50),2026-09-11 03:51:51 UTC
SNDR,,PASS,37,37.4,34.02,Breakout seen but no run-up trigger (pullback/run-up thresholds not met),2026-09-11 03:51:51 UTC
SNDX,,PASS,52,51.5,18.82,"Triangle occurred on 2026-07-20, not within last 5 bars",2026-09-11 03:51:51 UTC
SNES,,PASS,0,,0.89,Price below minimum ($2.00),2026-09-11 03:51:51 UTC
SNEX,,PASS,35,34.9,69.77,"Triangle occurred on 2026-07-01, not within last 5 bars",2026-09-11 03:51:51 UTC
SNFCA,,PASS,37,36.6,8.79,Breakout seen but no run-up trigger (pullback/run-up thresholds not met),2026-09-11 03:51:51 UTC
SNN,,PASS,0,,27.62,Breakout seen but no run-up trigger (pullback/run-up thresholds not met),2026-09-11 03:51:51 UTC
SNOW,,PASS,35,34.8,329.72,Breakout seen but no run-up trigger (pullback/run-up thresholds not met),2026-09-11 03:51:51 UTC
SNPS,,PASS,32,31.6,397.17,Breakout seen but no run-up trigger (pullback/run-up thresholds not met),2026-09-11 03:51:51 UTC
SNPX,,PASS,46,46.2,3.8,Run-up triggered but EMA stack failed on run-up top (EMA10>EMA20>EMA50),2026-09-11 03:51:51 UTC
SNRE,,PASS,0,,,**symbol** not found: SNRE. Please specify it correctly according to API Documentation.,2026-09-11 03:51:51 UTC
SNSE,,PASS,39,39.1,39.0,"Triangle occurred on 2026-07-29, not within last 5 bars",2026-09-11 03:51:51 UTC
SNT,,PASS,0,,1.66,Price below minimum ($2.00),2026-09-11 03:51:51 UTC
SNTG,,PASS,0,,1.75,Price below minimum ($2.00),2026-09-11 03:51:51 UTC
SNWV,,PASS,39,38.6,4.0,Breakout seen but no run-up trigger (pullback/run-up thresholds not met),2026-09-11 03:51:51 UTC
SNX,,PASS,34,33.8,255.54,Breakout seen but no run-up trigger (pullback/run-up thresholds not met),2026-09-11 03:51:51 UTC
SNY,,PASS,0,,42.72,Breakout seen but no run-up trigger (pullback/run-up thresholds not met),2026-09-11 03:51:51 UTC
SO,,PASS,0,,87.75,Breakout seen but no run-up trigger (pullback/run-up thresholds not met),2026-09-11 03:51:51 UTC
SOBO,,PASS,34,34.3,36.39,Breakout seen but no run-up trigger (pullback/run-up thresholds not met),2026-09-11 03:51:51 UTC
SOC,,PASS,33,32.6,4.92,Run-up triggered but EMA stack failed on run-up top (EMA10>EMA20>EMA50),2026-09-11 03:51:51 UTC
SOCA,,PASS,0,,10.35,Breakout seen but no run-up trigger (pullback/run-up thresholds not met),2026-09-11 03:51:51 UTC
SOFI,,PASS,32,32.3,17.21,"Triangle occurred on 2026-07-15, not within last 5 bars",2026-09-11 03:51:51 UTC
SOGP,,PASS,34,34.0,11.87,"Triangle occurred on 2026-08-31, not within last 5 bars",2026-09-11 03:51:51 UTC
SOHU,,PASS,50,50.2,13.5,Breakout seen but no run-up trigger (pullback/run-up thresholds not met),2026-09-11 03:51:51 UTC
SOI,,PASS,45,45.0,64.15,Run-up triggered but EMA stack failed on run-up top (EMA10>EMA20>EMA50),2026-09-11 03:51:51 UTC
SOLS,,PASS,39,39.2,61.56,Breakout seen but no run-up trigger (pullback/run-up thresholds not met),2026-09-11 03:51:51 UTC
SOLV,,PASS,33,33.4,87.65,Breakout seen but no run-up trigger (pullback/run-up thresholds not met),2026-09-11 03:51:51 UTC
SON,,PASS,0,,48.43,Breakout seen but no run-up trigger (pullback/run-up thresholds not met),2026-09-11 03:51:51 UTC
SONM,,PASS,72,72.2,3.17,"Triangle occurred on 2026-06-08, not within last 5 bars",2026-09-11 03:51:51 UTC
SONO,,PASS,38,37.9,14.63,Breakout seen but no run-up trigger (pullback/run-up thresholds not met),2026-09-11 03:51:51 UTC
SONY,,PASS,0,,23.52,Breakout seen but no run-up trigger (pullback/run-up thresholds not met),2026-09-11 03:51:51 UTC
SOPH,,PASS,31,31.3,7.61,Breakout seen but no run-up trigger (pullback/run-up thresholds not met),2026-09-11 03:51:51 UTC
SORA,,PASS,68,68.2,2.22,"Triangle occurred on 2026-05-08, not within last 5 bars",2026-09-11 03:51:51 UTC
SORN,,PASS,0,,10.0,Breakout seen but no run-up trigger (pullback/run-up thresholds not met),2026-09-11 03:51:51 UTC
SOTK,,PASS,48,47.7,4.51,Breakout seen but no run-up trigger (pullback/run-up thresholds not met),2026-09-11 03:51:51 UTC
SOUL,,PASS,0,,10.46,Breakout seen but no run-up trigger (pullback/run-up thresholds not met),2026-09-11 03:51:51 UTC
SOUL.UN,,PASS,0,,10.58,Breakout seen but no run-up trigger (pullback/run-up thresholds not met),2026-09-11 03:51:51 UTC
SOUN,,PASS,45,45.0,6.28,Run-up triggered but EMA stack failed on run-up top (EMA10>EMA20>EMA50),2026-09-11 03:51:51 UTC
SOWG,,PASS,39,38.7,3.42,Triangle on 2026-09-08 but no higher low after triangle (last 10 bars),2026-09-11 03:51:51 UTC
SPAI,,PASS,50,50.2,4.58,"Triangle occurred on 2026-08-24, not within last 5 bars",2026-09-11 03:51:51 UTC
SPB,,PASS,0,,85.62,Breakout seen but no run-up trigger (pullback/run-up thresholds not met),2026-09-11 03:51:51 UTC
SPCB,,PASS,40,39.7,9.85,"Triangle occurred on 2026-05-19, not within last 5 bars",2026-09-11 03:51:51 UTC
SPCE,,PASS,41,41.0,2.91,Run-up triggered but EMA stack failed on run-up top (EMA10>EMA20>EMA50),2026-09-11 03:51:51 UTC
SPE.PR.C,,PASS,0,,24.86,Breakout seen but no run-up trigger (pullback/run-up thresholds not met),2026-09-11 03:51:51 UTC
SPEG,,PASS,0,,10.38,Breakout seen but no run-up trigger (pullback/run-up thresholds not met),2026-09-11 03:51:51 UTC
SPFI,,PASS,30,30.3,44.64,Breakout seen but no run-up trigger (pullback/run-up thresholds not met),2026-09-11 03:51:51 UTC
SPG,,PASS,0,,204.67,Breakout seen but no run-up trigger (pullback/run-up thresholds not met),2026-09-11 03:51:51 UTC
SPGI,,PASS,0,,410.42,Breakout seen but no run-up trigger (pullback/run-up thresholds not met),2026-09-11 03:51:51 UTC
SPHL,,PASS,346,346.3,2.39,"Triangle occurred on 2026-06-09, not within last 5 bars",2026-09-11 03:51:51 UTC
SPHR,,PASS,36,36.1,141.84,"Triangle occurred on 2026-08-20, not within last 5 bars",2026-09-11 03:51:51 UTC
SPIR,,PASS,63,62.7,11.28,"Triangle occurred on 2026-06-02, not within last 5 bars",2026-09-11 03:51:51 UTC
SPKL,,PASS,0,,11.58,Breakout seen but no run-up trigger (pullback/run-up thresholds not met),2026-09-11 03:51:51 UTC
SPNT,,PASS,0,,24.36,Breakout seen but no run-up trigger (pullback/run-up thresholds not met),2026-09-11 03:51:51 UTC
SPOK,,PASS,0,,10.63,Breakout seen but no run-up trigger (pullback/run-up thresholds not met),2026-09-11 03:51:51 UTC
SPOT,,PASS,32,32.1,521.73,Breakout seen but no run-up trigger (pullback/run-up thresholds not met),2026-09-11 03:51:51 UTC
SPPL,,PASS,0,,1.74,Price below minimum ($2.00),2026-09-11 03:51:51 UTC
SPRB,,PASS,43,43.3,54.35,"Triangle occurred on 2026-09-02, not within last 5 bars",2026-09-11 03:51:51 UTC
SPRC,,PASS,150,150.2,4.95,Run-up triggered but EMA stack failed on run-up top (EMA10>EMA20>EMA50),2026-09-11 03:51:51 UTC
SPRO,,PASS,0,,1.12,Price below minimum ($2.00),2026-09-11 03:51:51 UTC
SPRU,,PASS,0,,1.7,Price below minimum ($2.00),2026-09-11 03:51:51 UTC
SPRY,,PASS,42,42.1,5.06,"Triangle occurred on 2026-08-13, not within last 5 bars",2026-09-11 03:51:51 UTC
SPSC,,PASS,34,33.5,77.23,Breakout seen but no run-up trigger (pullback/run-up thresholds not met),2026-09-11 03:51:51 UTC
SPT,,PASS,45,44.8,10.61,Breakout seen but no run-up trigger (pullback/run-up thresholds not met),2026-09-11 03:51:51 UTC
SPTX,,PASS,0,,,Not enough daily data,2026-09-11 03:51:51 UTC
SPXC,,PASS,30,30.1,186.95,Breakout seen but no run-up trigger (pullback/run-up thresholds not met),2026-09-11 03:51:51 UTC
SQ,,PASS,35,34.7,79.07,Breakout seen but no run-up trigger (pullback/run-up thresholds not met),2026-09-11 03:51:51 UTC
SQFT,,PASS,0,,1.34,Price below minimum ($2.00),2026-09-11 03:51:51 UTC
SQM,,PASS,42,42.3,72.49,Breakout seen but no run-up trigger (pullback/run-up thresholds not met),2026-09-11 03:51:51 UTC
SQNS,,PASS,46,46.3,2.94,"Triangle occurred on 2026-06-04, not within last 5 bars",2026-09-11 03:51:51 UTC
SR,,PASS,0,,81.47,Breakout seen but no run-up trigger (pullback/run-up thresholds not met),2026-09-11 03:51:51 UTC
SRAD,,PASS,39,39.3,12.7,Run-up triggered but EMA stack failed on run-up top (EMA10>EMA20>EMA50),2026-09-11 03:51:51 UTC
SRBK,,PASS,0,,19.64,Breakout seen but no run-up trigger (pullback/run-up thresholds not met),2026-09-11 03:51:51 UTC
SRCE,,PASS,0,,86.69,Breakout seen but no run-up trigger (pullback/run-up thresholds not met),2026-09-11 03:51:51 UTC
SRE,,PASS,0,,84.0,Breakout seen but no run-up trigger (pullback/run-up thresholds not met),2026-09-11 03:51:51 UTC
SRG,,PASS,0,,1.91,Price below minimum ($2.00),2026-09-11 03:51:51 UTC
SRI,,PASS,30,30.3,7.18,"Triangle occurred on 2026-06-02, not within last 5 bars",2026-09-11 03:51:51 UTC
SRL,,PASS,67,66.8,5.64,Breakout seen but no run-up trigger (pullback/run-up thresholds not met),2026-09-11 03:51:51 UTC
SRM,,PASS,0,,1.54,Price below minimum ($2.00),2026-09-11 03:51:51 UTC
SRPT,,PASS,32,32.0,20.52,Triangle on 2026-09-10 but no higher low after triangle (last 10 bars),2026-09-11 03:51:51 UTC
SRRK,,PASS,35,35.1,55.67,"Triangle occurred on 2026-09-02, not within last 5 bars",2026-09-11 03:51:51 UTC
SRTA,,PASS,43,42.8,5.13,Breakout seen but no run-up trigger (pullback/run-up thresholds not met),2026-09-11 03:51:51 UTC
SRTS,,WATCH,33,32.9,3.12,"Triangle on 2026-09-03 (last 5 bars) + higher low after; EMA10 touched 3 bars; breakout 2026-08-28, top 2026-08-31, pullback-trigger 2026-09-01",2026-09-11 03:51:51 UTC
SRZN,,PASS,51,50.8,19.45,Run-up triggered but EMA stack failed on run-up top (EMA10>EMA20>EMA50),2026-09-11 03:51:51 UTC
SSAC,,PASS,0,,10.09,Breakout seen but no run-up trigger (pullback/run-up thresholds not met),2026-09-11 03:51:51 UTC
SSB,,PASS,0,,105.84,Breakout seen but no run-up trigger (pullback/run-up thresholds not met),2026-09-11 03:51:51 UTC
SSBI,,PASS,34,34.0,12.25,Breakout seen but no run-up trigger (pullback/run-up thresholds not met),2026-09-11 03:51:51 UTC
SSD,,PASS,0,,172.43,Breakout seen but no run-up trigger (pullback/run-up thresholds not met),2026-09-11 03:51:51 UTC
SSEA,,PASS,0,,10.31,Breakout seen but no run-up trigger (pullback/run-up thresholds not met),2026-09-11 03:51:51 UTC
SSIC,,PASS,0,,10.18,Breakout seen but no run-up trigger (pullback/run-up thresholds not met),2026-09-11 03:51:51 UTC
SSII,,PASS,85,84.5,3.3,Breakout seen but no run-up trigger (pullback/run-up thresholds not met),2026-09-11 03:51:51 UTC
SSL,,PASS,32,31.6,14.65,Breakout seen but no run-up trigger (pullback/run-up thresholds not met),2026-09-11 03:51:51 UTC
SSM,,PASS,0,,1.97,Price below minimum ($2.00),2026-09-11 03:51:51 UTC
SSNC,,PASS,0,,78.92,Breakout seen but no run-up trigger (pullback/run-up thresholds not met),2026-09-11 03:51:51 UTC
SSNT,,PASS,41,40.9,12.29,Breakout seen but no run-up trigger (pullback/run-up thresholds not met),2026-09-11 03:51:51 UTC
SSP,,PASS,54,53.6,3.1,"Triangle occurred on 2026-04-28, not within last 5 bars",2026-09-11 03:51:51 UTC
SSRM,,PASS,63,63.1,36.21,Triangle on 2026-09-09 but no higher low after triangle (last 10 bars),2026-09-11 03:51:51 UTC
SSSS,,PASS,0,,,**symbol** not found: SSSS. Please specify it correctly according to API Documentation.,2026-09-11 03:51:51 UTC
SST,,PASS,211,211.4,3.84,"Triangle occurred on 2025-09-23, not within last 5 bars",2026-09-11 03:51:51 UTC
SSTI,,PASS,37,37.5,5.64,"Triangle occurred on 2026-07-10, not within last 5 bars",2026-09-11 03:51:51 UTC
SSTK,,PASS,41,41.4,5.05,Breakout seen but no run-up trigger (pullback/run-up thresholds not met),2026-09-11 03:51:51 UTC
SSYS,,PASS,36,35.9,7.57,"Triangle occurred on 2026-06-16, not within last 5 bars",2026-09-11 03:51:51 UTC
ST,,PASS,34,34.4,42.19,Breakout seen but no run-up trigger (pullback/run-up thresholds not met),2026-09-11 03:51:51 UTC
STAA,,PASS,36,36.0,23.42,"Triangle occurred on 2026-06-01, not within last 5 bars",2026-09-11 03:51:51 UTC
STAG,,PASS,0,,36.87,Breakout seen but no run-up trigger (pullback/run-up thresholds not met),2026-09-11 03:51:51 UTC
STBA,,PASS,0,,50.13,Breakout seen but no run-up trigger (pullback/run-up thresholds not met),2026-09-11 03:51:51 UTC
STC,,PASS,0,,66.56,Breakout seen but no run-up trigger (pullback/run-up thresholds not met),2026-09-11 03:51:51 UTC
STE,,PASS,0,,212.45,Breakout seen but no run-up trigger (pullback/run-up thresholds not met),2026-09-11 03:51:51 UTC
STEL,,PASS,49,49.4,597.0,"Triangle occurred on 2026-07-06, not within last 5 bars",2026-09-11 03:51:51 UTC
STEM,,PASS,65,64.7,5.12,Run-up triggered but EMA stack failed on run-up top (EMA10>EMA20>EMA50),2026-09-11 03:51:51 UTC
STEP,,PASS,0,,49.34,Breakout seen but no run-up trigger (pullback/run-up thresholds not met),2026-09-11 03:51:51 UTC
STFS,,PASS,233,233.2,4.12,"Triangle occurred on 2026-07-14, not within last 5 bars",2026-09-11 03:51:51 UTC
STG,,PASS,109,108.8,2.96,Run-up triggered but EMA stack failed on run-up top (EMA10>EMA20>EMA50),2026-09-11 03:51:51 UTC
STGW,,PASS,38,37.8,8.57,"Triangle occurred on 2026-08-19, not within last 5 bars",2026-09-11 03:51:51 UTC
STHO,,PASS,31,30.6,9.53,Breakout seen but no run-up trigger (pullback/run-up thresholds not met),2026-09-11 03:51:51 UTC
STI,,PASS,53,53.0,7.1,Run-up triggered but EMA stack failed on run-up top (EMA10>EMA20>EMA50),2026-09-11 03:51:51 UTC
STKE,,PASS,0,,1.19,Price below minimum ($2.00),2026-09-11 03:51:51 UTC
STKH,,PASS,483,483.3,2.31,Run-up triggered but EMA stack failed on run-up top (EMA10>EMA20>EMA50),2026-09-11 03:51:51 UTC
STKL,,PASS,0,,,**symbol** not found: STKL. Please specify it correctly according to API Documentation.,2026-09-11 03:51:51 UTC
STKS,,PASS,0,,1.56,Price below minimum ($2.00),2026-09-11 03:51:51 UTC
STLA,,PASS,41,40.6,5.28,Breakout seen but no run-up trigger (pullback/run-up thresholds not met),2026-09-11 03:51:51 UTC
STLD,,PASS,50,50.3,237.08,Breakout seen but no run-up trigger (pullback/run-up thresholds not met),2026-09-11 03:51:51 UTC
STM,,PASS,38,37.8,50.74,"Triangle occurred on 2026-06-11, not within last 5 bars",2026-09-11 03:51:51 UTC
STN,,PASS,0,,70.04,Breakout seen but no run-up trigger (pullback/run-up thresholds not met),2026-09-11 03:51:51 UTC
STNE,,PASS,47,47.3,10.3,Breakout seen but no run-up trigger (pullback/run-up thresholds not met),2026-09-11 03:51:51 UTC
STNG,,PASS,45,44.5,84.51,Breakout seen but no run-up trigger (pullback/run-up thresholds not met),2026-09-11 03:51:51 UTC
STOK,,PASS,31,30.5,29.34,Breakout seen but no run-up trigger (pullback/run-up thresholds not met),2026-09-11 03:51:51 UTC
STRA,,PASS,0,,81.03,Breakout seen but no run-up trigger (pullback/run-up thresholds not met),2026-09-11 03:51:51 UTC
STRL,,PASS,43,43.2,484.86,"Triangle occurred on 2026-06-09, not within last 5 bars",2026-09-11 03:51:51 UTC
STRO,,PASS,40,39.6,17.83,"Triangle occurred on 2026-07-06, not within last 5 bars",2026-09-11 03:51:51 UTC
STRR,,PASS,32,32.2,10.45,Breakout seen but no run-up trigger (pullback/run-up thresholds not met),2026-09-11 03:51:51 UTC
STRS,,PASS,30,30.2,18.75,Breakout seen but no run-up trigger (pullback/run-up thresholds not met),2026-09-11 03:51:51 UTC
STRT,,PASS,45,44.9,71.08,Breakout seen but no run-up trigger (pullback/run-up thresholds not met),2026-09-11 03:51:51 UTC
STRW,,PASS,0,,13.92,Breakout seen but no run-up trigger (pullback/run-up thresholds not met),2026-09-11 03:51:51 UTC
STRZ,,PASS,31,31.2,25.32,"Triangle occurred on 2026-07-13, not within last 5 bars",2026-09-11 03:51:51 UTC
STSS,,PASS,0,,,**symbol** not found: STSS. Please specify it correctly according to API Documentation.,2026-09-11 03:51:51 UTC
STT,,PASS,0,,191.3,Breakout seen but no run-up trigger (pullback/run-up thresholds not met),2026-09-11 03:51:51 UTC
STTK,,PASS,123,122.5,6.15,Breakout seen but no run-up trigger (pullback/run-up thresholds not met),2026-09-11 03:51:51 UTC
STUB,,PASS,31,30.7,5.95,Breakout seen but no run-up trigger (pullback/run-up thresholds not met),2026-09-11 03:51:51 UTC
STVN,,PASS,42,42.3,20.95,Breakout seen but no run-up trigger (pullback/run-up thresholds not met),2026-09-11 03:51:51 UTC
STWD,,PASS,0,,15.62,Breakout seen but no run-up trigger (pullback/run-up thresholds not met),2026-09-11 03:51:51 UTC
STX,,PASS,33,33.1,862.33,"Triangle occurred on 2026-08-21, not within last 5 bars",2026-09-11 03:51:51 UTC
STXS,,PASS,0,,1.3,Price below minimum ($2.00),2026-09-11 03:51:51 UTC
STZ,,PASS,0,,123.81,Breakout seen but no run-up trigger (pullback/run-up thresholds not met),2026-09-11 03:51:51 UTC
SU,,PASS,0,,68.93,Breakout seen but no run-up trigger (pullback/run-up thresholds not met),2026-09-11 03:51:51 UTC
SUGP,,PASS,0,,0.62,Price below minimum ($2.00),2026-09-11 03:51:51 UTC
SUI,,PASS,0,,114.93,Breakout seen but no run-up trigger (pullback/run-up thresholds not met),2026-09-11 03:51:51 UTC
SUIG,,PASS,0,,0.99,Price below minimum ($2.00),2026-09-11 03:51:51 UTC
SUJA,,PASS,0,,,Not enough daily data,2026-09-11 03:51:51 UTC
SUMA,,PASS,0,,,Not enough daily data,2026-09-11 03:51:51 UTC
SUNB,,PASS,0,,73.18,Breakout seen but no run-up trigger (pullback/run-up thresholds not met),2026-09-11 03:51:51 UTC
SUNS,,PASS,0,,7.28,Breakout seen but no run-up trigger (pullback/run-up thresholds not met),2026-09-11 03:51:51 UTC
SUPN,,PASS,33,32.9,41.69,Breakout seen but no run-up trigger (pullback/run-up thresholds not met),2026-09-11 03:51:51 UTC
SUPV,,PASS,38,37.8,8.73,Breakout seen but no run-up trigger (pullback/run-up thresholds not met),2026-09-11 03:51:51 UTC
SUPX,,PASS,76,76.2,8.17,Run-up triggered but EMA stack failed on run-up top (EMA10>EMA20>EMA50),2026-09-11 03:51:51 UTC
SUZ,,PASS,0,,9.43,Breakout seen but no run-up trigger (pullback/run-up thresholds not met),2026-09-11 03:51:51 UTC
SVA,,PASS,0,,0.14,Price below minimum ($2.00),2026-09-11 03:51:51 UTC
SVAC,,PASS,0,,11.0,Breakout seen but no run-up trigger (pullback/run-up thresholds not met),2026-09-11 03:51:51 UTC
SVAQ,,PASS,0,,10.07,Breakout seen but no run-up trigger (pullback/run-up thresholds not met),2026-09-11 03:51:51 UTC
SVC,,PASS,453,453.4,6.87,"Triangle occurred on 2026-07-30, not within last 5 bars",2026-09-11 03:51:51 UTC
SVCC,,PASS,0,,10.68,Breakout seen but no run-up trigger (pullback/run-up thresholds not met),2026-09-11 03:51:51 UTC
SVCO,,PASS,34,34.3,6.51,"Triangle occurred on 2026-05-12, not within last 5 bars",2026-09-11 03:51:51 UTC
SVFD,,PASS,0,,1.69,Price below minimum ($2.00),2026-09-11 03:51:51 UTC
SVII,,PASS,0,,,**symbol** not found: SVII. Please specify it correctly according to API Documentation.,2026-09-11 03:51:51 UTC
SVIV,,PASS,0,,10.18,Breakout seen but no run-up trigger (pullback/run-up thresholds not met),2026-09-11 03:51:51 UTC
SVM,,PASS,46,45.7,12.12,Breakout seen but no run-up trigger (pullback/run-up thresholds not met),2026-09-11 03:51:51 UTC
SVRA,,PASS,37,36.9,5.32,"Triangle occurred on 2026-07-16, not within last 5 bars",2026-09-11 03:51:51 UTC
SVRE,,PASS,65,65.4,2.41,"Triangle occurred on 2026-05-14, not within last 5 bars",2026-09-11 03:51:51 UTC
SVRN,,PASS,76,75.7,10.39,"Triangle occurred on 2025-07-03, not within last 5 bars",2026-09-11 03:51:51 UTC
SVV,,PASS,45,44.9,9.64,"Triangle occurred on 2026-08-14, not within last 5 bars",2026-09-11 03:51:51 UTC
SW,,PASS,0,,42.21,Breakout seen but no run-up trigger (pullback/run-up thresholds not met),2026-09-11 03:51:51 UTC
SWAG,,PASS,0,,1.71,Price below minimum ($2.00),2026-09-11 03:51:51 UTC
SWBI,,PASS,34,34.2,13.29,Breakout seen but no run-up trigger (pullback/run-up thresholds not met),2026-09-11 03:51:51 UTC
SWIM,,PASS,49,48.7,6.33,"Triangle occurred on 2026-08-19, not within last 5 bars",2026-09-11 03:51:51 UTC
SWIN,,PASS,0,,17.07,Breakout seen but no run-up trigger (pullback/run-up thresholds not met),2026-09-11 03:51:51 UTC
SWK,,PASS,0,,89.23,Breakout seen but no run-up trigger (pullback/run-up thresholds not met),2026-09-11 03:51:51 UTC
SWKS,,PASS,38,38.4,84.03,Breakout seen but no run-up trigger (pullback/run-up thresholds not met),2026-09-11 03:51:51 UTC
SWMR,,PASS,216,215.5,35.99,"Triangle occurred on 2026-06-09, not within last 5 bars",2026-09-11 03:51:51 UTC
SWVL,,PASS,300,300.0,7.94,Breakout seen but no run-up trigger (pullback/run-up thresholds not met),2026-09-11 03:51:51 UTC
SWX,,PASS,0,,86.9,Breakout seen but no run-up trigger (pullback/run-up thresholds not met),2026-09-11 03:51:51 UTC
SXC,,PASS,33,32.8,10.13,Breakout seen but no run-up trigger (pullback/run-up thresholds not met),2026-09-11 03:51:51 UTC
SXI,,PASS,32,31.6,266.87,Breakout seen but no run-up trigger (pullback/run-up thresholds not met),2026-09-11 03:51:51 UTC
SXT,,PASS,43,42.7,131.06,Breakout seen but no run-up trigger (pullback/run-up thresholds not met),2026-09-11 03:51:51 UTC
SXTC,,PASS,0,,1.93,Price below minimum ($2.00),2026-09-11 03:51:51 UTC
SY,,PASS,39,38.5,2.62,"Triangle occurred on 2026-02-18, not within last 5 bars",2026-09-11 03:51:51 UTC
SYBT,,PASS,0,,78.95,Breakout seen but no run-up trigger (pullback/run-up thresholds not met),2026-09-11 03:51:51 UTC
SYF,,PASS,0,,75.44,Breakout seen but no run-up trigger (pullback/run-up thresholds not met),2026-09-11 03:51:51 UTC
SYF.PR.B,,PASS,0,,26.11,Breakout seen but no run-up trigger (pullback/run-up thresholds not met),2026-09-11 03:51:51 UTC
SYK,,PASS,0,,270.01,Breakout seen but no run-up trigger (pullback/run-up thresholds not met),2026-09-11 03:51:51 UTC
SYM,,PASS,31,30.6,41.1,Breakout seen but no run-up trigger (pullback/run-up thresholds not met),2026-09-11 03:51:51 UTC
SYNA,,PASS,31,31.1,93.47,"Triangle occurred on 2026-06-08, not within last 5 bars",2026-09-11 03:51:51 UTC
SYPR,,PASS,0,,1.84,Price below minimum ($2.00),2026-09-11 03:51:51 UTC
SYRE,,PASS,44,44.0,88.71,Breakout seen but no run-up trigger (pullback/run-up thresholds not met),2026-09-11 03:51:51 UTC
SYY,,PASS,0,,82.31,Breakout seen but no run-up trigger (pullback/run-up thresholds not met),2026-09-11 03:51:51 UTC
SZZL,,PASS,0,,10.46,Breakout seen but no run-up trigger (pullback/run-up thresholds not met),2026-09-11 03:51:51 UTC
T,,PASS,0,,25.55,Breakout seen but no run-up trigger (pullback/run-up thresholds not met),2026-09-11 03:51:51 UTC
TAC,,PASS,32,32.2,12.18,Breakout seen but no run-up trigger (pullback/run-up thresholds not met),2026-09-11 03:51:51 UTC
TACH,,PASS,0,,10.5,Breakout seen but no run-up trigger (pullback/run-up thresholds not met),2026-09-11 03:51:51 UTC
TACO,,PASS,0,,10.48,Breakout seen but no run-up trigger (pullback/run-up thresholds not met),2026-09-11 03:51:51 UTC
TACT,,PASS,37,36.5,5.29,"Triangle occurred on 2026-07-07, not within last 5 bars",2026-09-11 03:51:51 UTC
TAK,,PASS,0,,18.11,Breakout seen but no run-up trigger (pullback/run-up thresholds not met),2026-09-11 03:51:51 UTC
TAL,,PASS,31,30.8,11.5,Breakout seen but no run-up trigger (pullback/run-up thresholds not met),2026-09-11 03:51:51 UTC
TALK,,PASS,41,40.8,5.25,Breakout seen but no run-up trigger (pullback/run-up thresholds not met),2026-09-11 03:51:51 UTC
TALO,,PASS,33,32.7,17.54,"Triangle occurred on 2026-08-27, not within last 5 bars",2026-09-11 03:51:51 UTC
TAOX,,PASS,46,46.2,3.8,Run-up triggered but EMA stack failed on run-up top (EMA10>EMA20>EMA50),2026-09-11 03:51:51 UTC
TAP,,PASS,0,,38.44,Breakout seen but no run-up trigger (pullback/run-up thresholds not met),2026-09-11 03:51:51 UTC
TAP.A,,PASS,0,,42.14,Breakout seen but no run-up trigger (pullback/run-up thresholds not met),2026-09-11 03:51:51 UTC
TARA,,PASS,57,57.2,3.79,Breakout seen but no run-up trigger (pullback/run-up thresholds not met),2026-09-11 03:51:51 UTC
TARS,,PASS,32,31.8,81.12,"Triangle occurred on 2025-10-24, not within last 5 bars",2026-09-11 03:51:51 UTC
TASK,,PASS,41,41.0,7.64,Breakout seen but no run-up trigger (pullback/run-up thresholds not met),2026-09-11 03:51:51 UTC
TATT,,PASS,49,49.3,37.85,Breakout seen but no run-up trigger (pullback/run-up thresholds not met),2026-09-11 03:51:51 UTC
TAVI,,PASS,0,,10.74,Breakout seen but no run-up trigger (pullback/run-up thresholds not met),2026-09-11 03:51:51 UTC
TAYD,,PASS,30,30.4,59.38,Breakout seen but no run-up trigger (pullback/run-up thresholds not met),2026-09-11 03:51:51 UTC
TBBB,,PASS,30,30.1,51.34,Breakout seen but no run-up trigger (pullback/run-up thresholds not met),2026-09-11 03:51:51 UTC
TBBK,,PASS,43,43.1,50.3,Breakout seen but no run-up trigger (pullback/run-up thresholds not met),2026-09-11 03:51:51 UTC
TBCH,,PASS,32,31.9,11.84,Breakout seen but no run-up trigger (pullback/run-up thresholds not met),2026-09-11 03:51:51 UTC
TBI,,PASS,55,54.5,9.06,Breakout seen but no run-up trigger (pullback/run-up thresholds not met),2026-09-11 03:51:51 UTC
TBLA,,PASS,30,30.1,3.73,"Triangle occurred on 2026-07-21, not within last 5 bars",2026-09-11 03:51:51 UTC
TBN,,PASS,75,75.0,39.33,Breakout seen but no run-up trigger (pullback/run-up thresholds not met),2026-09-11 03:51:51 UTC
TBPH,,PASS,36,35.9,17.02,Breakout seen but no run-up trigger (pullback/run-up thresholds not met),2026-09-11 03:51:51 UTC
TBRG,,PASS,0,,3.56,Breakout seen but no run-up trigger (pullback/run-up thresholds not met),2026-09-11 03:51:51 UTC
TC,,PASS,0,,1.98,Price below minimum ($2.00),2026-09-11 03:51:51 UTC
TCBI,,PASS,0,,98.9,Breakout seen but no run-up trigger (pullback/run-up thresholds not met),2026-09-11 03:51:51 UTC
TCBK,,PASS,0,,53.67,Breakout seen but no run-up trigger (pullback/run-up thresholds not met),2026-09-11 03:51:51 UTC
TCBS,,PASS,0,,17.41,Breakout seen but no run-up trigger (pullback/run-up thresholds not met),2026-09-11 03:51:51 UTC
TCBX,,PASS,0,,45.11,Breakout seen but no run-up trigger (pullback/run-up thresholds not met),2026-09-11 03:51:51 UTC
TCGL,,PASS,0,,,**symbol** not found: TCGL. Please specify it correctly according to API Documentation.,2026-09-11 03:51:51 UTC
TCI,,PASS,40,39.8,39.17,"Triangle occurred on 2026-07-14, not within last 5 bars",2026-09-11 03:51:51 UTC
TCJH,,PASS,0,,1.98,Price below minimum ($2.00),2026-09-11 03:51:51 UTC
TCMD,,PASS,40,39.9,22.32,Breakout seen but no run-up trigger (pullback/run-up thresholds not met),2026-09-11 03:51:51 UTC
TCOM,,PASS,51,50.8,38.7,Breakout seen but no run-up trigger (pullback/run-up thresholds not met),2026-09-11 03:51:51 UTC
TCPC,,WATCH,37,37.1,4.01,"Triangle on 2026-09-03 (last 5 bars) + higher low after; EMA10 touched 3 bars; breakout 2026-08-13, top 2026-08-13, pullback-trigger 2026-08-20",2026-09-11 03:51:51 UTC
TCRT,,PASS,0,,1.56,Price below minimum ($2.00),2026-09-11 03:51:51 UTC
TCX,,PASS,90,90.2,10.91,Run-up triggered but EMA stack failed on run-up top (EMA10>EMA20>EMA50),2026-09-11 03:51:51 UTC
TD,,PASS,0,,120.14,Breakout seen but no run-up trigger (pullback/run-up thresholds not met),2026-09-11 03:51:51 UTC
TDAC,,PASS,0,,10.9,Breakout seen but no run-up trigger (pullback/run-up thresholds not met),2026-09-11 03:51:51 UTC
TDAY,,PASS,0,,6.29,Breakout seen but no run-up trigger (pullback/run-up thresholds not met),2026-09-11 03:51:51 UTC
TDC,,PASS,62,62.3,27.36,Breakout seen but no run-up trigger (pullback/run-up thresholds not met),2026-09-11 03:51:51 UTC
TDG,,PASS,0,,1126.88,Breakout seen but no run-up trigger (pullback/run-up thresholds not met),2026-09-11 03:51:51 UTC
TDOC,,PASS,44,43.6,6.09,Breakout seen but no run-up trigger (pullback/run-up thresholds not met),2026-09-11 03:51:51 UTC
TDS,,PASS,54,53.6,37.44,Breakout seen but no run-up trigger (pullback/run-up thresholds not met),2026-09-11 03:51:51 UTC
TDTH,,PASS,0,,1.65,Price below minimum ($2.00),2026-09-11 03:51:51 UTC
TDUP,,PASS,53,52.9,2.6,"Triangle occurred on 2026-07-10, not within last 5 bars",2026-09-11 03:51:51 UTC
TDW,,PASS,37,36.8,91.99,Breakout seen but no run-up trigger (pullback/run-up thresholds not met),2026-09-11 03:51:51 UTC
TDWD,,PASS,0,,10.1,Breakout seen but no run-up trigger (pullback/run-up thresholds not met),2026-09-11 03:51:51 UTC
TDY,,PASS,0,,596.5,Breakout seen but no run-up trigger (pullback/run-up thresholds not met),2026-09-11 03:51:51 UTC
TE,,PASS,137,137.5,4.58,"Triangle occurred on 2026-06-16, not within last 5 bars",2026-09-11 03:51:51 UTC
TEAM,,PASS,147,146.6,179.57,Triangle on 2026-09-10 but no higher low after triangle (last 10 bars),2026-09-11 03:51:51 UTC
TECH,,PASS,0,,72.08,Breakout seen but no run-up trigger (pullback/run-up thresholds not met),2026-09-11 03:51:51 UTC
TECK,,PASS,42,42.0,65.9,Breakout seen but no run-up trigger (pullback/run-up thresholds not met),2026-09-11 03:51:51 UTC
TECX,,PASS,43,42.6,28.61,"Triangle occurred on 2026-08-28, not within last 5 bars",2026-09-11 03:51:51 UTC
TEL,,PASS,0,,204.63,Breakout seen but no run-up trigger (pullback/run-up thresholds not met),2026-09-11 03:51:51 UTC
TELFY,,PASS,0,,4.19,Breakout seen but no run-up trigger (pullback/run-up thresholds not met),2026-09-11 03:51:51 UTC
TEM,,PASS,48,47.8,58.74,"Triangle occurred on 2026-09-01, not within last 5 bars",2026-09-11 03:51:51 UTC
TEN,,PASS,46,46.2,44.71,Breakout seen but no run-up trigger (pullback/run-up thresholds not met),2026-09-11 03:51:51 UTC
TENB,,PASS,68,68.4,32.03,"Triangle occurred on 2026-07-20, not within last 5 bars",2026-09-11 03:51:51 UTC
TENX,,PASS,0,,1.95,Price below minimum ($2.00),2026-09-11 03:51:51 UTC
TEO,,PASS,32,32.5,13.54,Breakout seen but no run-up trigger (pullback/run-up thresholds not met),2026-09-11 03:51:51 UTC
TER,,PASS,36,36.1,370.19,Breakout seen but no run-up trigger (pullback/run-up thresholds not met),2026-09-11 03:51:51 UTC
TERN,,PASS,0,,0.93,Price below minimum ($2.00),2026-09-11 03:51:51 UTC
TEVA,,PASS,39,39.2,36.35,Breakout seen but no run-up trigger (pullback/run-up thresholds not met),2026-09-11 03:51:51 UTC
TEX,,PASS,43,43.3,59.64,Breakout seen but no run-up trigger (pullback/run-up thresholds not met),2026-09-11 03:51:51 UTC
TFC,,PASS,0,,50.33,Breakout seen but no run-up trigger (pullback/run-up thresholds not met),2026-09-11 03:51:51 UTC
TFII,,PASS,53,53.1,131.13,Breakout seen but no run-up trigger (pullback/run-up thresholds not met),2026-09-11 03:51:51 UTC
TFIN,,PASS,32,31.9,66.92,Breakout seen but no run-up trigger (pullback/run-up thresholds not met),2026-09-11 03:51:51 UTC
TFIN.PR.,,PASS,0,,22.25,Breakout seen but no run-up trigger (pullback/run-up thresholds not met),2026-09-11 03:51:51 UTC
TFPM,,PASS,31,31.0,32.96,Breakout seen but no run-up trigger (pullback/run-up thresholds not met),2026-09-11 03:51:51 UTC
TFSL,,PASS,0,,17.08,Breakout seen but no run-up trigger (pullback/run-up thresholds not met),2026-09-11 03:51:51 UTC
TFX,,PASS,33,32.8,132.0,Breakout seen but no run-up trigger (pullback/run-up thresholds not met),2026-09-11 03:51:51 UTC
TG,,PASS,38,38.4,7.4,Breakout seen but no run-up trigger (pullback/run-up thresholds not met),2026-09-11 03:51:51 UTC
TGB,,PASS,35,35.4,8.02,Breakout seen but no run-up trigger (pullback/run-up thresholds not met),2026-09-11 03:51:51 UTC
TGEN,,PASS,52,52.2,3.03,Run-up triggered but EMA stack failed on run-up top (EMA10>EMA20>EMA50),2026-09-11 03:51:51 UTC
TGL,,PASS,34,33.8,2.98,Run-up triggered but EMA stack failed on run-up top (EMA10>EMA20>EMA50),2026-09-11 03:51:51 UTC
TGLS,,PASS,0,,38.31,Breakout seen but no run-up trigger (pullback/run-up thresholds not met),2026-09-11 03:51:51 UTC
TGS,,PASS,31,30.5,30.74,Breakout seen but no run-up trigger (pullback/run-up thresholds not met),2026-09-11 03:51:51 UTC
TGT,,PASS,0,,155.73,Breakout seen but no run-up trigger (pullback/run-up thresholds not met),2026-09-11 03:51:51 UTC
TGTX,,PASS,57,57.3,55.39,Breakout seen but no run-up trigger (pullback/run-up thresholds not met),2026-09-11 03:51:51 UTC
TH,,PASS,31,30.7,19.12,Breakout seen but no run-up trigger (pullback/run-up thresholds not met),2026-09-11 03:51:51 UTC
THAR,,PASS,34,33.5,2.15,Run-up triggered but EMA stack failed on run-up top (EMA10>EMA20>EMA50),2026-09-11 03:51:51 UTC
THC,,PASS,36,36.4,263.46,Breakout seen but no run-up trigger (pullback/run-up thresholds not met),2026-09-11 03:51:51 UTC
THCH,,PASS,0,,1.36,Price below minimum ($2.00),2026-09-11 03:51:51 UTC
THCP,,PASS,0,,1.95,Price below minimum ($2.00),2026-09-11 03:51:51 UTC
THFF,,PASS,0,,77.8,Breakout seen but no run-up trigger (pullback/run-up thresholds not met),2026-09-11 03:51:51 UTC
THG,,PASS,0,,224.01,Breakout seen but no run-up trigger (pullback/run-up thresholds not met),2026-09-11 03:51:51 UTC
THM,,PASS,78,77.7,2.42,"Triangle occurred on 2026-08-27, not within last 5 bars",2026-09-11 03:51:51 UTC
THO,,PASS,0,,72.01,Breakout seen but no run-up trigger (pullback/run-up thresholds not met),2026-09-11 03:51:51 UTC
THR,,PASS,0,,0.65,Price below minimum ($2.00),2026-09-11 03:51:51 UTC
THRM,,PASS,38,38.3,38.33,"Triangle occurred on 2026-08-04, not within last 5 bars",2026-09-11 03:51:51 UTC
THRY,,PASS,0,,1.83,Price below minimum ($2.00),2026-09-11 03:51:51 UTC
TIC,,PASS,53,52.8,9.27,"Triangle occurred on 2026-08-19, not within last 5 bars",2026-09-11 03:51:51 UTC
TIGO,,PASS,0,,96.47,Breakout seen but no run-up trigger (pullback/run-up thresholds not met),2026-09-11 03:51:51 UTC
TIGR,,PASS,35,35.2,4.9,Breakout seen but no run-up trigger (pullback/run-up thresholds not met),2026-09-11 03:51:51 UTC
TII,,PASS,33,33.3,2.98,Breakout seen but no run-up trigger (pullback/run-up thresholds not met),2026-09-11 03:51:51 UTC
TIL,,PASS,42,42.0,7.36,Breakout seen but no run-up trigger (pullback/run-up thresholds not met),2026-09-11 03:51:51 UTC
TILE,,PASS,0,,33.85,Breakout seen but no run-up trigger (pullback/run-up thresholds not met),2026-09-11 03:51:51 UTC
TIMB,,PASS,37,36.6,19.18,Breakout seen but no run-up trigger (pullback/run-up thresholds not met),2026-09-11 03:51:51 UTC
TIPT,,PASS,0,,17.85,Breakout seen but no run-up trigger (pullback/run-up thresholds not met),2026-09-11 03:51:51 UTC
TISI,,PASS,42,42.0,26.52,Breakout seen but no run-up trigger (pullback/run-up thresholds not met),2026-09-11 03:51:51 UTC
TITN,,PASS,62,62.3,23.64,"Triangle occurred on 2026-06-11, not within last 5 bars",2026-09-11 03:51:51 UTC
TJGC,,PASS,191,190.7,10.67,"Triangle occurred on 2026-06-15, not within last 5 bars",2026-09-11 03:51:51 UTC
TJX,,PASS,0,,126.42,Breakout seen but no run-up trigger (pullback/run-up thresholds not met),2026-09-11 03:51:51 UTC
TK,,PASS,45,45.5,14.1,Breakout seen but no run-up trigger (pullback/run-up thresholds not met),2026-09-11 03:51:51 UTC
TKC,,PASS,0,,5.27,Breakout seen but no run-up trigger (pullback/run-up thresholds not met),2026-09-11 03:51:51 UTC
TKLF,,PASS,0,,1.73,Price below minimum ($2.00),2026-09-11 03:51:51 UTC
TKNO,,PASS,66,65.8,6.91,"Triangle occurred on 2026-09-01, not within last 5 bars",2026-09-11 03:51:51 UTC
TKO,,PASS,0,,189.64,Breakout seen but no run-up trigger (pullback/run-up thresholds not met),2026-09-11 03:51:51 UTC
TKR,,PASS,37,36.6,118.16,"Triangle occurred on 2026-07-07, not within last 5 bars",2026-09-11 03:51:51 UTC
TLF,,PASS,32,32.5,2.6,Breakout seen but no run-up trigger (pullback/run-up thresholds not met),2026-09-11 03:51:51 UTC
TLIH,,PASS,66,66.3,5.79,Breakout seen but no run-up trigger (pullback/run-up thresholds not met),2026-09-11 03:51:51 UTC
TLK,,PASS,0,,14.99,Breakout seen but no run-up trigger (pullback/run-up thresholds not met),2026-09-11 03:51:51 UTC
TLN,,PASS,37,36.7,311.54,"Triangle occurred on 2026-06-30, not within last 5 bars",2026-09-11 03:51:51 UTC
TLNC,,PASS,0,,10.27,Breakout seen but no run-up trigger (pullback/run-up thresholds not met),2026-09-11 03:51:51 UTC
TLNE,,PASS,0,,,**symbol** not found: TLNE. Please specify it correctly according to API Documentation.,2026-09-11 03:51:51 UTC
TLRY,,PASS,47,46.9,4.14,Run-up triggered but EMA stack failed on run-up top (EMA10>EMA20>EMA50),2026-09-11 03:51:51 UTC
TLS,,PASS,34,34.1,4.68,"Triangle occurred on 2026-06-11, not within last 5 bars",2026-09-11 03:51:51 UTC
TLSI,,PASS,48,47.8,4.7,"Triangle occurred on 2026-08-18, not within last 5 bars",2026-09-11 03:51:51 UTC
TLX,,PASS,41,40.7,11.9,Breakout seen but no run-up trigger (pullback/run-up thresholds not met),2026-09-11 03:51:51 UTC
TLYS,,PASS,40,39.8,4.29,"Triangle occurred on 2026-06-23, not within last 5 bars",2026-09-11 03:51:51 UTC
TM,,PASS,0,,192.48,Breakout seen but no run-up trigger (pullback/run-up thresholds not met),2026-09-11 03:51:51 UTC
TMC,,PASS,47,47.4,4.01,"Triangle occurred on 2026-09-02, not within last 5 bars",2026-09-11 03:51:51 UTC
TMCI,,PASS,38,38.4,4.35,"Triangle occurred on 2026-08-10, not within last 5 bars",2026-09-11 03:51:51 UTC
TMCR,,PASS,0,,,Not enough daily data,2026-09-11 03:51:51 UTC
TMDX,,PASS,40,40.0,85.04,"Triangle occurred on 2026-08-28, not within last 5 bars",2026-09-11 03:51:51 UTC
TME,,PASS,32,32.3,7.9,Breakout seen but no run-up trigger (pullback/run-up thresholds not met),2026-09-11 03:51:51 UTC
TMHC,,PASS,0,,,**symbol** not found: TMHC. Please specify it correctly according to API Documentation.,2026-09-11 03:51:51 UTC
TMO,,PASS,0,,603.18,Breakout seen but no run-up trigger (pullback/run-up thresholds not met),2026-09-11 03:51:51 UTC
TMP,,PASS,31,31.1,98.3,Breakout seen but no run-up trigger (pullback/run-up thresholds not met),2026-09-11 03:51:51 UTC
TMQ,,PASS,39,39.2,3.31,Run-up triggered but EMA stack failed on run-up top (EMA10>EMA20>EMA50),2026-09-11 03:51:51 UTC
TMTS,,PASS,0,,,Not enough daily data,2026-09-11 03:51:51 UTC
TMUS,,PASS,0,,177.16,Breakout seen but no run-up trigger (pullback/run-up thresholds not met),2026-09-11 03:51:51 UTC
TNC,,PASS,39,39.1,69.0,Breakout seen but no run-up trigger (pullback/run-up thresholds not met),2026-09-11 03:51:51 UTC
TNDM,,PASS,47,47.5,18.31,"Triangle occurred on 2026-08-24, not within last 5 bars",2026-09-11 03:51:51 UTC
TNET,,PASS,37,37.4,66.21,"Triangle occurred on 2026-08-10, not within last 5 bars",2026-09-11 03:51:51 UTC
TNGX,,PASS,77,77.0,23.37,"Triangle occurred on 2026-06-25, not within last 5 bars",2026-09-11 03:51:51 UTC
TNK,,PASS,35,35.0,98.25,Breakout seen but no run-up trigger (pullback/run-up thresholds not met),2026-09-11 03:51:51 UTC
TNL,,PASS,0,,65.36,Breakout seen but no run-up trigger (pullback/run-up thresholds not met),2026-09-11 03:51:51 UTC
TNP,,PASS,46,46.2,44.71,Breakout seen but no run-up trigger (pullback/run-up thresholds not met),2026-09-11 03:51:51 UTC
TNXP,,PASS,34,33.5,12.28,Breakout seen but no run-up trigger (pullback/run-up thresholds not met),2026-09-11 03:51:51 UTC
TOI,,PASS,36,35.8,6.2,"Triangle occurred on 2026-08-26, not within last 5 bars",2026-09-11 03:51:51 UTC
TOL,,PASS,0,,132.48,Breakout seen but no run-up trigger (pullback/run-up thresholds not met),2026-09-11 03:51:51 UTC
TONX,,PASS,41,41.0,3.0,"Triangle occurred on 2026-06-05, not within last 5 bars",2026-09-11 03:51:51 UTC
TOPW,,PASS,0,,33.16,Breakout seen but no run-up trigger (pullback/run-up thresholds not met),2026-09-11 03:51:51 UTC
TORO,,PASS,107,107.0,6.78,Breakout seen but no run-up trigger (pullback/run-up thresholds not met),2026-09-11 03:51:51 UTC
TOST,,PASS,31,31.1,31.94,Breakout seen but no run-up trigger (pullback/run-up thresholds not met),2026-09-11 03:51:51 UTC
TOUR,,PASS,38,38.1,5.11,Run-up triggered but EMA stack failed on run-up top (EMA10>EMA20>EMA50),2026-09-11 03:51:51 UTC
TOWN,,PASS,0,,37.09,Breakout seen but no run-up trigger (pullback/run-up thresholds not met),2026-09-11 03:51:51 UTC
TOYO,,PASS,42,41.7,4.38,Run-up triggered but EMA stack failed on run-up top (EMA10>EMA20>EMA50),2026-09-11 03:51:51 UTC
TPB,,PASS,45,45.2,71.95,Breakout seen but no run-up trigger (pullback/run-up thresholds not met),2026-09-11 03:51:51 UTC
TPC,,PASS,0,,,Data not found,2026-09-11 03:51:51 UTC
TPCS,,PASS,43,43.1,5.66,"Triangle occurred on 2026-08-28, not within last 5 bars",2026-09-11 03:51:51 UTC
TPG,,PASS,35,35.3,46.93,Triangle on 2026-09-03 but no higher low after triangle (last 10 bars),2026-09-11 03:51:51 UTC
TPH,,PASS,0,,,**symbol** not found: TPH. Please specify it correctly according to API Documentation.,2026-09-11 03:51:51 UTC
TPL,,PASS,68,67.5,366.1,Breakout seen but no run-up trigger (pullback/run-up thresholds not met),2026-09-11 03:51:51 UTC
TPR,,PASS,0,,115.87,Breakout seen but no run-up trigger (pullback/run-up thresholds not met),2026-09-11 03:51:51 UTC
TPST,,PASS,0,,0.8,Price below minimum ($2.00),2026-09-11 03:51:51 UTC
TPVG,,PASS,0,,5.14,Breakout seen but no run-up trigger (pullback/run-up thresholds not met),2026-09-11 03:51:51 UTC
TPX,,PASS,0,,68.23,Breakout seen but no run-up trigger (pullback/run-up thresholds not met),2026-09-11 03:51:51 UTC
TR,,PASS,0,,38.36,Breakout seen but no run-up trigger (pullback/run-up thresholds not met),2026-09-11 03:51:51 UTC
TRAD,,PASS,0,,,Not enough daily data,2026-09-11 03:51:51 UTC
TRAD.UN,,PASS,0,,12.4,Breakout seen but no run-up trigger (pullback/run-up thresholds not met),2026-09-11 03:51:51 UTC
TRAK,,PASS,43,43.2,7.89,Breakout seen but no run-up trigger (pullback/run-up thresholds not met),2026-09-11 03:51:51 UTC
TRAW,,PASS,0,,0.53,Price below minimum ($2.00),2026-09-11 03:51:51 UTC
TRAX,,PASS,0,,,Not enough daily data,2026-09-11 03:51:51 UTC
TRAXV,,PASS,0,,,**symbol** not found: TRAXV. Please specify it correctly according to API Documentation.,2026-09-11 03:51:51 UTC
TRC,,PASS,0,,16.12,Breakout seen but no run-up trigger (pullback/run-up thresholds not met),2026-09-11 03:51:51 UTC
TRDA,,PASS,37,36.8,6.42,Run-up triggered but EMA stack failed on run-up top (EMA10>EMA20>EMA50),2026-09-11 03:51:51 UTC
TREE,,PASS,32,32.4,26.89,"Triangle occurred on 2026-01-29, not within last 5 bars",2026-09-11 03:51:51 UTC
TREX,,PASS,0,,43.67,Breakout seen but no run-up trigger (pullback/run-up thresholds not met),2026-09-11 03:51:51 UTC
TRGP,,PASS,0,,291.91,Breakout seen but no run-up trigger (pullback/run-up thresholds not met),2026-09-11 03:51:51 UTC
TRGS,,PASS,0,,,Not enough daily data,2026-09-11 03:51:51 UTC
TRI,,PASS,34,34.1,95.71,Breakout seen but no run-up trigger (pullback/run-up thresholds not met),2026-09-11 03:51:51 UTC
TRIN,,PASS,0,,17.82,Breakout seen but no run-up trigger (pullback/run-up thresholds not met),2026-09-11 03:51:51 UTC
TRIP,,PASS,57,57.1,8.83,Breakout seen but no run-up trigger (pullback/run-up thresholds not met),2026-09-11 03:51:51 UTC
TRMB,,PASS,0,,56.84,Breakout seen but no run-up trigger (pullback/run-up thresholds not met),2026-09-11 03:51:51 UTC
TRMD,,PASS,45,45.2,34.6,Breakout seen but no run-up trigger (pullback/run-up thresholds not met),2026-09-11 03:51:51 UTC
TRMK,,PASS,0,,47.45,Breakout seen but no run-up trigger (pullback/run-up thresholds not met),2026-09-11 03:51:51 UTC
TRN,,PASS,35,34.7,28.36,Breakout seen but no run-up trigger (pullback/run-up thresholds not met),2026-09-11 03:51:51 UTC
TRNO,,PASS,0,,65.02,Breakout seen but no run-up trigger (pullback/run-up thresholds not met),2026-09-11 03:51:51 UTC
TRNS,,PASS,44,43.8,82.36,"Triangle occurred on 2026-06-25, not within last 5 bars",2026-09-11 03:51:51 UTC
TRON,,PASS,0,,1.54,Price below minimum ($2.00),2026-09-11 03:51:51 UTC
TROO,,PASS,209,209.2,2.11,"Triangle occurred on 2026-05-19, not within last 5 bars",2026-09-11 03:51:51 UTC
TROW,,PASS,0,,107.55,Breakout seen but no run-up trigger (pullback/run-up thresholds not met),2026-09-11 03:51:51 UTC
TROX,,PASS,61,60.8,4.59,Breakout seen but no run-up trigger (pullback/run-up thresholds not met),2026-09-11 03:51:51 UTC
TRP,,PASS,0,,61.91,Breakout seen but no run-up trigger (pullback/run-up thresholds not met),2026-09-11 03:51:51 UTC
TRS,,PASS,32,32.2,38.22,Breakout seen but no run-up trigger (pullback/run-up thresholds not met),2026-09-11 03:51:51 UTC
TRST,,PASS,0,,58.42,Breakout seen but no run-up trigger (pullback/run-up thresholds not met),2026-09-11 03:51:51 UTC
TRT,,PASS,224,223.9,10.03,"Triangle occurred on 2026-05-21, not within last 5 bars",2026-09-11 03:51:51 UTC
TRTN.PR.F,,PASS,0,,23.89,Breakout seen but no run-up trigger (pullback/run-up thresholds not met),2026-09-11 03:51:51 UTC
TRTX,,PASS,0,,7.48,Breakout seen but no run-up trigger (pullback/run-up thresholds not met),2026-09-11 03:51:51 UTC
TRTX-C,,PASS,0,,18.4,Breakout seen but no run-up trigger (pullback/run-up thresholds not met),2026-09-11 03:51:51 UTC
TRU,,PASS,33,32.5,76.95,Breakout seen but no run-up trigger (pullback/run-up thresholds not met),2026-09-11 03:51:51 UTC
TRUG,,PASS,0,,0.37,Price below minimum ($2.00),2026-09-11 03:51:51 UTC
TRUP,,PASS,38,38.1,25.0,Breakout seen but no run-up trigger (pullback/run-up thresholds not met),2026-09-11 03:51:51 UTC
TRV,,PASS,0,,367.56,Breakout seen but no run-up trigger (pullback/run-up thresholds not met),2026-09-11 03:51:51 UTC
TRVG,,PASS,42,42.0,5.65,Triangle on 2026-09-10 but no higher low after triangle (last 10 bars),2026-09-11 03:51:51 UTC
TRVI,,PASS,46,45.9,15.91,Breakout seen but no run-up trigger (pullback/run-up thresholds not met),2026-09-11 03:51:51 UTC
TS,,PASS,0,,56.92,Breakout seen but no run-up trigger (pullback/run-up thresholds not met),2026-09-11 03:51:51 UTC
TSAT,,PASS,80,80.3,47.14,"Triangle occurred on 2026-08-17, not within last 5 bars",2026-09-11 03:51:51 UTC
TSBK,,PASS,0,,46.55,Breakout seen but no run-up trigger (pullback/run-up thresholds not met),2026-09-11 03:51:51 UTC
TSCO,,PASS,0,,33.52,Breakout seen but no run-up trigger (pullback/run-up thresholds not met),2026-09-11 03:51:51 UTC
TSEM,,PASS,52,52.5,208.07,"Triangle occurred on 2026-06-25, not within last 5 bars",2026-09-11 03:51:51 UTC
TSHA,,PASS,34,34.3,5.16,Breakout seen but no run-up trigger (pullback/run-up thresholds not met),2026-09-11 03:51:51 UTC
TSLA,,PASS,36,35.7,363.56,Breakout seen but no run-up trigger (pullback/run-up thresholds not met),2026-09-11 03:51:51 UTC
TSLX,,PASS,0,,17.78,Breakout seen but no run-up trigger (pullback/run-up thresholds not met),2026-09-11 03:51:51 UTC
TSM,,PASS,0,,428.03,Breakout seen but no run-up trigger (pullback/run-up thresholds not met),2026-09-11 03:51:51 UTC
TSN,,PASS,0,,52.46,Breakout seen but no run-up trigger (pullback/run-up thresholds not met),2026-09-11 03:51:51 UTC
TSQ,,PASS,52,52.0,5.26,"Triangle occurred on 2026-04-30, not within last 5 bars",2026-09-11 03:51:51 UTC
TSSI,,PASS,48,48.3,8.92,Run-up triggered but EMA stack failed on run-up top (EMA10>EMA20>EMA50),2026-09-11 03:51:51 UTC
TT,,PASS,0,,439.83,Breakout seen but no run-up trigger (pullback/run-up thresholds not met),2026-09-11 03:51:51 UTC
TTAM,,PASS,0,,14.68,Breakout seen but no run-up trigger (pullback/run-up thresholds not met),2026-09-11 03:51:51 UTC
TTAN,,PASS,40,40.1,56.01,Breakout seen but no run-up trigger (pullback/run-up thresholds not met),2026-09-11 03:51:51 UTC
TTC,,PASS,0,,92.72,Breakout seen but no run-up trigger (pullback/run-up thresholds not met),2026-09-11 03:51:51 UTC
TTD,,PASS,56,56.1,13.97,Breakout seen but no run-up trigger (pullback/run-up thresholds not met),2026-09-11 03:51:51 UTC
TTE,,PASS,32,32.3,91.23,Breakout seen but no run-up trigger (pullback/run-up thresholds not met),2026-09-11 03:51:51 UTC
TTEC,,PASS,0,,1.27,Price below minimum ($2.00),2026-09-11 03:51:51 UTC
TTEK,,PASS,0,,35.71,Breakout seen but no run-up trigger (pullback/run-up thresholds not met),2026-09-11 03:51:51 UTC
TTGT,,PASS,32,31.5,3.81,Breakout seen but no run-up trigger (pullback/run-up thresholds not met),2026-09-11 03:51:51 UTC
TTI,,PASS,36,35.7,6.82,Breakout seen but no run-up trigger (pullback/run-up thresholds not met),2026-09-11 03:51:51 UTC
TTMI,,PASS,38,37.9,122.34,"Triangle occurred on 2026-06-25, not within last 5 bars",2026-09-11 03:51:51 UTC
TTRX,,PASS,60,59.9,13.38,"Triangle occurred on 2026-08-04, not within last 5 bars",2026-09-11 03:51:51 UTC
TTWO,,PASS,0,,216.96,Breakout seen but no run-up trigger (pullback/run-up thresholds not met),2026-09-11 03:51:51 UTC
TU,,PASS,0,,9.09,Breakout seen but no run-up trigger (pullback/run-up thresholds not met),2026-09-11 03:51:51 UTC
TUGC,,PASS,57,56.8,23.64,"Triangle occurred on 2026-08-17, not within last 5 bars",2026-09-11 03:51:51 UTC
TULP,,PASS,59,58.8,3.4,"Triangle occurred on 2026-02-05, not within last 5 bars",2026-09-11 03:51:51 UTC
TUSK,,PASS,43,42.6,3.11,"Triangle occurred on 2026-08-20, not within last 5 bars",2026-09-11 03:51:51 UTC
TUYA,,PASS,0,,1.82,Price below minimum ($2.00),2026-09-11 03:51:51 UTC
TV,,PASS,42,42.4,2.37,Breakout seen but no run-up trigger (pullback/run-up thresholds not met),2026-09-11 03:51:51 UTC
TVA,,PASS,0,,10.55,Breakout seen but no run-up trigger (pullback/run-up thresholds not met),2026-09-11 03:51:51 UTC
TVAI,,PASS,0,,10.38,Breakout seen but no run-up trigger (pullback/run-up thresholds not met),2026-09-11 03:51:51 UTC
TVGN,,PASS,87,87.2,7.29,Breakout seen but no run-up trigger (pullback/run-up thresholds not met),2026-09-11 03:51:51 UTC
TVRD,,PASS,0,,1.83,Price below minimum ($2.00),2026-09-11 03:51:51 UTC
TVTX,,PASS,42,41.8,67.51,Breakout seen but no run-up trigger (pullback/run-up thresholds not met),2026-09-11 03:51:51 UTC
TW,,PASS,0,,102.47,Breakout seen but no run-up trigger (pullback/run-up thresholds not met),2026-09-11 03:51:51 UTC
TWFG,,PASS,0,,26.94,Breakout seen but no run-up trigger (pullback/run-up thresholds not met),2026-09-11 03:51:51 UTC
TWG,,PASS,0,,0.39,Price below minimum ($2.00),2026-09-11 03:51:51 UTC
TWI,,PASS,37,36.8,7.36,Breakout seen but no run-up trigger (pullback/run-up thresholds not met),2026-09-11 03:51:51 UTC
TWIN,,PASS,51,50.7,24.34,Breakout seen but no run-up trigger (pullback/run-up thresholds not met),2026-09-11 03:51:51 UTC
TWLO,,PASS,38,38.1,231.13,"Triangle occurred on 2026-08-19, not within last 5 bars",2026-09-11 03:51:51 UTC
TWO,,PASS,30,30.0,12.18,Breakout seen but no run-up trigger (pullback/run-up thresholds not met),2026-09-11 03:51:51 UTC
TWST,,PASS,35,34.8,126.85,Triangle on 2026-09-10 but no higher low after triangle (last 10 bars),2026-09-11 03:51:51 UTC
TX,,PASS,34,33.8,57.61,"Triangle occurred on 2026-08-31, not within last 5 bars",2026-09-11 03:51:51 UTC
TXG,,PASS,35,34.8,66.38,Breakout seen but no run-up trigger (pullback/run-up thresholds not met),2026-09-11 03:51:51 UTC
TXMD,,PASS,34,34.4,2.1,Breakout seen but no run-up trigger (pullback/run-up thresholds not met),2026-09-11 03:51:51 UTC
TXN,,PASS,36,36.0,258.82,Breakout seen but no run-up trigger (pullback/run-up thresholds not met),2026-09-11 03:51:51 UTC
TXNM,,PASS,0,,57.86,Breakout seen but no run-up trigger (pullback/run-up thresholds not met),2026-09-11 03:51:51 UTC
TXRH,,PASS,0,,181.05,Breakout seen but no run-up trigger (pullback/run-up thresholds not met),2026-09-11 03:51:51 UTC
TXT,,PASS,0,,79.2,Breakout seen but no run-up trigger (pullback/run-up thresholds not met),2026-09-11 03:51:51 UTC
TYGO,,PASS,0,,1.03,Price below minimum ($2.00),2026-09-11 03:51:51 UTC
TYL,,PASS,31,31.3,335.48,Run-up triggered but no 3-consecutive EMA touch afterwards,2026-09-11 03:51:51 UTC
TYRA,,PASS,30,30.1,23.54,Breakout seen but no run-up trigger (pullback/run-up thresholds not met),2026-09-11 03:51:51 UTC
TZOO,,PASS,33,33.3,5.89,Breakout seen but no run-up trigger (pullback/run-up thresholds not met),2026-09-11 03:51:51 UTC
U,,PASS,74,74.1,42.07,"Triangle occurred on 2026-08-27, not within last 5 bars",2026-09-11 03:51:51 UTC
UA,,PASS,36,35.9,4.84,Breakout seen but no run-up trigger (pullback/run-up thresholds not met),2026-09-11 03:51:51 UTC
UAA,,PASS,38,37.7,4.97,Breakout seen but no run-up trigger (pullback/run-up thresholds not met),2026-09-11 03:51:51 UTC
UAC,,PASS,0,,9.97,Breakout seen but no run-up trigger (pullback/run-up thresholds not met),2026-09-11 03:51:51 UTC
UAC.UN,,PASS,0,,,Not enough daily data,2026-09-11 03:51:51 UTC
UAL,,PASS,36,36.4,106.49,"Triangle occurred on 2026-07-20, not within last 5 bars",2026-09-11 03:51:51 UTC
UAMY,,PASS,45,45.2,4.93,Run-up triggered but EMA stack failed on run-up top (EMA10>EMA20>EMA50),2026-09-11 03:51:51 UTC
UBCP,,PASS,0,,15.66,Breakout seen but no run-up trigger (pullback/run-up thresholds not met),2026-09-11 03:51:51 UTC
UBER,,PASS,0,,72.56,Breakout seen but no run-up trigger (pullback/run-up thresholds not met),2026-09-11 03:51:51 UTC
UBOH,,PASS,36,36.4,39.35,Breakout seen but no run-up trigger (pullback/run-up thresholds not met),2026-09-11 03:51:51 UTC
UBS,,PASS,0,,54.01,Breakout seen but no run-up trigger (pullback/run-up thresholds not met),2026-09-11 03:51:51 UTC
UBSI,,PASS,0,,47.33,Breakout seen but no run-up trigger (pullback/run-up thresholds not met),2026-09-11 03:51:51 UTC
UBXG,,PASS,0,,,**symbol** not found: UBXG. Please specify it correctly according to API Documentation.,2026-09-11 03:51:51 UTC
UCB,,PASS,32,32.0,35.15,Breakout seen but no run-up trigger (pullback/run-up thresholds not met),2026-09-11 03:51:51 UTC
UCBI,,PASS,32,32.0,35.15,Breakout seen but no run-up trigger (pullback/run-up thresholds not met),2026-09-11 03:51:51 UTC
UCFI,,PASS,85,85.4,5.51,Run-up triggered but EMA stack failed on run-up top (EMA10>EMA20>EMA50),2026-09-11 03:51:51 UTC
UCTT,,PASS,36,36.0,71.13,"Triangle occurred on 2026-07-23, not within last 5 bars",2026-09-11 03:51:51 UTC
UDMY,,PASS,0,,,**symbol** not found: UDMY. Please specify it correctly according to API Documentation.,2026-09-11 03:51:51 UTC
UDR,,PASS,0,,35.14,Breakout seen but no run-up trigger (pullback/run-up thresholds not met),2026-09-11 03:51:51 UTC
UE,,PASS,0,,20.7,Breakout seen but no run-up trigger (pullback/run-up thresholds not met),2026-09-11 03:51:51 UTC
UEC,,WATCH,31,30.6,11.02,"Triangle on 2026-09-03 (last 5 bars) + higher low after; EMA20 touched 3 bars; breakout 2026-08-25, top 2026-08-26, pullback-trigger 2026-08-28",2026-09-11 03:51:51 UTC
UEIC,,PASS,58,58.5,4.62,"Triangle occurred on 2026-08-17, not within last 5 bars",2026-09-11 03:51:51 UTC
UFCS,,PASS,0,,54.76,Breakout seen but no run-up trigger (pullback/run-up thresholds not met),2026-09-11 03:51:51 UTC
UFI,,PASS,42,42.4,6.73,"Triangle occurred on 2026-08-27, not within last 5 bars",2026-09-11 03:51:51 UTC
UFPI,,PASS,0,,80.2,Breakout seen but no run-up trigger (pullback/run-up thresholds not met),2026-09-11 03:51:51 UTC
UFPT,,PASS,46,45.5,277.4,"Triangle occurred on 2026-08-26, not within last 5 bars",2026-09-11 03:51:51 UTC
UG,,PASS,0,,7.19,Breakout seen but no run-up trigger (pullback/run-up thresholds not met),2026-09-11 03:51:51 UTC
UGI,,PASS,31,31.5,38.0,Breakout seen but no run-up trigger (pullback/run-up thresholds not met),2026-09-11 03:51:51 UTC
UGP,,PASS,0,,7.56,Breakout seen but no run-up trigger (pullback/run-up thresholds not met),2026-09-11 03:51:51 UTC
UGRO,,PASS,0,,,Data not found,2026-09-11 03:51:51 UTC
UHAL,,PASS,0,,63.34,Breakout seen but no run-up trigger (pullback/run-up thresholds not met),2026-09-11 03:51:51 UTC
UHAL.B,,PASS,0,,56.24,Breakout seen but no run-up trigger (pullback/run-up thresholds not met),2026-09-11 03:51:51 UTC
UHS,,PASS,0,,172.72,Breakout seen but no run-up trigger (pullback/run-up thresholds not met),2026-09-11 03:51:51 UTC
UHT,,PASS,0,,41.12,Breakout seen but no run-up trigger (pullback/run-up thresholds not met),2026-09-11 03:51:51 UTC
UI,,PASS,53,52.8,536.84,"Triangle occurred on 2026-05-06, not within last 5 bars",2026-09-11 03:51:51 UTC
UIS,,PASS,79,79.1,2.41,"Triangle occurred on 2026-06-09, not within last 5 bars",2026-09-11 03:51:51 UTC
UK,,PASS,32,31.9,2.04,Run-up triggered but EMA stack failed on run-up top (EMA10>EMA20>EMA50),2026-09-11 03:51:51 UTC
UL,,PASS,0,,61.63,Breakout seen but no run-up trigger (pullback/run-up thresholds not met),2026-09-11 03:51:51 UTC
ULBI,,PASS,48,48.4,5.65,"Triangle occurred on 2026-08-24, not within last 5 bars",2026-09-11 03:51:51 UTC
ULCC,,PASS,54,54.2,5.53,"Triangle occurred on 2026-08-12, not within last 5 bars",2026-09-11 03:51:51 UTC
ULH,,PASS,56,55.6,18.66,"Triangle occurred on 2026-08-24, not within last 5 bars",2026-09-11 03:51:51 UTC
ULS,,PASS,0,,71.1,Breakout seen but no run-up trigger (pullback/run-up thresholds not met),2026-09-11 03:51:51 UTC
ULTA,,PASS,35,34.9,535.63,Breakout seen but no run-up trigger (pullback/run-up thresholds not met),2026-09-11 03:51:51 UTC
ULY,,PASS,0,,,**symbol** not found: ULY. Please specify it correctly according to API Documentation.,2026-09-11 03:51:51 UTC
UMAC,,PASS,104,103.5,23.53,"Triangle occurred on 2026-08-21, not within last 5 bars",2026-09-11 03:51:51 UTC
UMBF,,PASS,0,,139.37,Breakout seen but no run-up trigger (pullback/run-up thresholds not met),2026-09-11 03:51:51 UTC
UMC,,PASS,51,51.2,22.12,Breakout seen but no run-up trigger (pullback/run-up thresholds not met),2026-09-11 03:51:51 UTC
UMH,,PASS,0,,15.54,Breakout seen but no run-up trigger (pullback/run-up thresholds not met),2026-09-11 03:51:51 UTC
UNB,,PASS,32,32.3,23.9,Breakout seen but no run-up trigger (pullback/run-up thresholds not met),2026-09-11 03:51:51 UTC
UNCY,,PASS,30,30.3,5.31,Breakout seen but no run-up trigger (pullback/run-up thresholds not met),2026-09-11 03:51:51 UTC
UNF,,PASS,48,48.0,270.77,Breakout seen but no run-up trigger (pullback/run-up thresholds not met),2026-09-11 03:51:51 UTC
UNFI,,PASS,51,50.8,44.11,Breakout seen but no run-up trigger (pullback/run-up thresholds not met),2026-09-11 03:51:51 UTC
UNH,,PASS,35,34.9,388.28,Breakout seen but no run-up trigger (pullback/run-up thresholds not met),2026-09-11 03:51:51 UTC
UNIT,,PASS,62,61.8,9.87,Breakout seen but no run-up trigger (pullback/run-up thresholds not met),2026-09-11 03:51:51 UTC
UNM,,PASS,0,,94.31,Breakout seen but no run-up trigger (pullback/run-up thresholds not met),2026-09-11 03:51:51 UTC
UNP,,PASS,0,,285.78,Breakout seen but no run-up trigger (pullback/run-up thresholds not met),2026-09-11 03:51:51 UTC
UNTY,,PASS,31,31.1,59.09,Breakout seen but no run-up trigger (pullback/run-up thresholds not met),2026-09-11 03:51:51 UTC
UONE,,PASS,103,102.7,4.66,Run-up triggered but EMA stack failed on run-up top (EMA10>EMA20>EMA50),2026-09-11 03:51:51 UTC
UONEK,,PASS,55,54.7,4.41,Run-up triggered but EMA stack failed on run-up top (EMA10>EMA20>EMA50),2026-09-11 03:51:51 UTC
UP,,PASS,111,111.5,3.91,Run-up triggered but EMA stack failed on run-up top (EMA10>EMA20>EMA50),2026-09-11 03:51:51 UTC
UPB,,PASS,37,36.8,5.75,Run-up triggered but EMA stack failed on run-up top (EMA10>EMA20>EMA50),2026-09-11 03:51:51 UTC
UPBD,,PASS,33,33.3,18.2,Breakout seen but no run-up trigger (pullback/run-up thresholds not met),2026-09-11 03:51:51 UTC
UPC,,PASS,583,582.9,3.88,"Triangle occurred on 2026-07-06, not within last 5 bars",2026-09-11 03:51:51 UTC
UPS,,PASS,0,,99.97,Breakout seen but no run-up trigger (pullback/run-up thresholds not met),2026-09-11 03:51:51 UTC
UPST,,PASS,35,35.5,25.1,Breakout seen but no run-up trigger (pullback/run-up thresholds not met),2026-09-11 03:51:51 UTC
UPWK,,PASS,37,37.0,8.41,Breakout seen but no run-up trigger (pullback/run-up thresholds not met),2026-09-11 03:51:51 UTC
URBN,,PASS,33,33.3,75.6,Breakout seen but no run-up trigger (pullback/run-up thresholds not met),2026-09-11 03:51:51 UTC
URG,,PASS,0,,1.34,Price below minimum ($2.00),2026-09-11 03:51:51 UTC
URGN,,PASS,39,38.5,42.24,"Triangle occurred on 2026-08-26, not within last 5 bars",2026-09-11 03:51:51 UTC
URI,,PASS,32,32.3,989.08,Breakout seen but no run-up trigger (pullback/run-up thresholds not met),2026-09-11 03:51:51 UTC
UROY,,PASS,66,66.4,4.5,Breakout seen but no run-up trigger (pullback/run-up thresholds not met),2026-09-11 03:51:51 UTC
USAR,,PASS,59,58.5,16.04,Run-up triggered but EMA stack failed on run-up top (EMA10>EMA20>EMA50),2026-09-11 03:51:51 UTC
USAS,,PASS,49,48.9,5.09,Breakout seen but no run-up trigger (pullback/run-up thresholds not met),2026-09-11 03:51:51 UTC
USAU,,PASS,40,40.5,15.07,Run-up triggered but EMA stack failed on run-up top (EMA10>EMA20>EMA50),2026-09-11 03:51:51 UTC
USB,,PASS,0,,62.41,Breakout seen but no run-up trigger (pullback/run-up thresholds not met),2026-09-11 03:51:51 UTC
USB.PR.S,,PASS,0,,16.55,Breakout seen but no run-up trigger (pullback/run-up thresholds not met),2026-09-11 03:51:51 UTC
USCB,,PASS,51,50.8,22.99,Breakout seen but no run-up trigger (pullback/run-up thresholds not met),2026-09-11 03:51:51 UTC
USEA,,PASS,56,56.2,2.97,Breakout seen but no run-up trigger (pullback/run-up thresholds not met),2026-09-11 03:51:51 UTC
USFD,,PASS,0,,96.06,Breakout seen but no run-up trigger (pullback/run-up thresholds not met),2026-09-11 03:51:51 UTC
USGO,,PASS,43,43.1,8.26,Run-up triggered but EMA stack failed on run-up top (EMA10>EMA20>EMA50),2026-09-11 03:51:51 UTC
USIO,,PASS,61,61.1,2.53,"Triangle occurred on 2026-08-19, not within last 5 bars",2026-09-11 03:51:51 UTC
USLM,,PASS,38,38.1,115.89,Breakout seen but no run-up trigger (pullback/run-up thresholds not met),2026-09-11 03:51:51 UTC
USM,,PASS,0,,38.05,Breakout seen but no run-up trigger (pullback/run-up thresholds not met),2026-09-11 03:51:51 UTC
USNA,,PASS,36,36.3,14.83,Breakout seen but no run-up trigger (pullback/run-up thresholds not met),2026-09-11 03:51:51 UTC
USPH,,PASS,0,,77.71,Breakout seen but no run-up trigger (pullback/run-up thresholds not met),2026-09-11 03:51:51 UTC
UTHR,,PASS,44,43.9,503.86,Breakout seen but no run-up trigger (pullback/run-up thresholds not met),2026-09-11 03:51:51 UTC
UTI,,PASS,42,42.1,20.6,"Triangle occurred on 2026-07-31, not within last 5 bars",2026-09-11 03:51:51 UTC
UTL,,PASS,0,,53.13,Breakout seen but no run-up trigger (pullback/run-up thresholds not met),2026-09-11 03:51:51 UTC
UTMD,,PASS,0,,69.64,Breakout seen but no run-up trigger (pullback/run-up thresholds not met),2026-09-11 03:51:51 UTC
UTSI,,PASS,35,35.4,2.3,"Triangle occurred on 2026-06-22, not within last 5 bars",2026-09-11 03:51:51 UTC
UTZ,,PASS,0,,14.23,Breakout seen but no run-up trigger (pullback/run-up thresholds not met),2026-09-11 03:51:51 UTC
UUU,,WATCH,93,92.6,5.3,"Triangle on 2026-09-03 (last 5 bars) + higher low after; EMA10 touched 3 bars; breakout 2026-08-20, top 2026-08-24, pullback-trigger 2026-08-25",2026-09-11 03:51:51 UTC
UUUU,,PASS,44,43.8,13.63,Breakout seen but no run-up trigger (pullback/run-up thresholds not met),2026-09-11 03:51:51 UTC
UVE,,PASS,0,,44.22,Breakout seen but no run-up trigger (pullback/run-up thresholds not met),2026-09-11 03:51:51 UTC
UVSP,,PASS,0,,42.57,Breakout seen but no run-up trigger (pullback/run-up thresholds not met),2026-09-11 03:51:51 UTC
UVV,,PASS,0,,45.33,Breakout seen but no run-up trigger (pullback/run-up thresholds not met),2026-09-11 03:51:51 UTC
UWMC,,PASS,0,,1.34,Price below minimum ($2.00),2026-09-11 03:51:51 UTC
UXIN,,PASS,0,,1.26,Price below minimum ($2.00),2026-09-11 03:51:51 UTC
UYSC,,PASS,0,,10.93,Breakout seen but no run-up trigger (pullback/run-up thresholds not met),2026-09-11 03:51:51 UTC
V,,PASS,0,,367.21,Breakout seen but no run-up trigger (pullback/run-up thresholds not met),2026-09-11 03:51:51 UTC
VABK,,PASS,0,,47.9,Breakout seen but no run-up trigger (pullback/run-up thresholds not met),2026-09-11 03:51:51 UTC
VAC,,PASS,42,41.9,101.09,"Triangle occurred on 2026-08-20, not within last 5 bars",2026-09-11 03:51:51 UTC
VACH,,PASS,0,,,**symbol** not found: VACH. Please specify it correctly according to API Documentation.,2026-09-11 03:51:51 UTC
VACI,,PASS,0,,6.52,Breakout seen but no run-up trigger (pullback/run-up thresholds not met),2026-09-11 03:51:51 UTC
VACI.UN,,PASS,0,,9.9,Breakout seen but no run-up trigger (pullback/run-up thresholds not met),2026-09-11 03:51:51 UTC
VAL,,PASS,73,73.0,85.71,Breakout seen but no run-up trigger (pullback/run-up thresholds not met),2026-09-11 03:51:51 UTC
VALE,,PASS,35,34.7,15.28,Breakout seen but no run-up trigger (pullback/run-up thresholds not met),2026-09-11 03:51:51 UTC
VALN,,PASS,49,48.6,6.69,Run-up triggered but EMA stack failed on run-up top (EMA10>EMA20>EMA50),2026-09-11 03:51:51 UTC
VALU,,PASS,0,,37.76,Breakout seen but no run-up trigger (pullback/run-up thresholds not met),2026-09-11 03:51:51 UTC
VATE,,PASS,38,38.1,7.08,Breakout seen but no run-up trigger (pullback/run-up thresholds not met),2026-09-11 03:51:51 UTC
VBIX,,PASS,0,,,**symbol** not found: VBIX. Please specify it correctly according to API Documentation.,2026-09-11 03:51:51 UTC
VBNK,,PASS,47,47.2,22.3,Breakout seen but no run-up trigger (pullback/run-up thresholds not met),2026-09-11 03:51:51 UTC
VC,,PASS,31,30.8,100.56,Breakout seen but no run-up trigger (pullback/run-up thresholds not met),2026-09-11 03:51:51 UTC
VCEL,,PASS,52,52.3,37.87,"Triangle occurred on 2026-07-23, not within last 5 bars",2026-09-11 03:51:51 UTC
VCTR,,PASS,0,,111.06,Breakout seen but no run-up trigger (pullback/run-up thresholds not met),2026-09-11 03:51:51 UTC
VCYT,,PASS,32,32.3,42.03,"Triangle occurred on 2026-07-07, not within last 5 bars",2026-09-11 03:51:51 UTC
VECA,,PASS,0,,,Not enough daily data,2026-09-11 03:51:51 UTC
VECA.UN,,PASS,0,,,Not enough daily data,2026-09-11 03:51:51 UTC
VECO,,PASS,57,57.3,43.9,"Triangle occurred on 2026-06-25, not within last 5 bars",2026-09-11 03:51:51 UTC
VEEE,,PASS,1056,1056.2,9.75,"Triangle occurred on 2026-08-17, not within last 5 bars",2026-09-11 03:51:51 UTC
VEEV,,PASS,65,65.3,260.98,"Triangle occurred on 2026-08-26, not within last 5 bars",2026-09-11 03:51:51 UTC
VEL,,PASS,0,,18.12,Breakout seen but no run-up trigger (pullback/run-up thresholds not met),2026-09-11 03:51:51 UTC
VELO,,PASS,110,109.5,10.44,Run-up triggered but EMA stack failed on run-up top (EMA10>EMA20>EMA50),2026-09-11 03:51:51 UTC
VENA,,PASS,79,79.4,3.67,"Triangle occurred on 2026-06-08, not within last 5 bars",2026-09-11 03:51:51 UTC
VENU,,PASS,0,,1.75,Price below minimum ($2.00),2026-09-11 03:51:51 UTC
VEON,,PASS,36,35.6,69.16,Breakout seen but no run-up trigger (pullback/run-up thresholds not met),2026-09-11 03:51:51 UTC
VERA,,PASS,46,45.6,33.6,Breakout seen but no run-up trigger (pullback/run-up thresholds not met),2026-09-11 03:51:51 UTC
VERB,,PASS,41,41.0,3.0,"Triangle occurred on 2026-06-05, not within last 5 bars",2026-09-11 03:51:51 UTC
VERI,,PASS,0,,0.88,Price below minimum ($2.00),2026-09-11 03:51:51 UTC
VERU,,PASS,34,33.8,2.5,Run-up triggered but EMA stack failed on run-up top (EMA10>EMA20>EMA50),2026-09-11 03:51:51 UTC
VERX,,PASS,0,,12.27,Breakout seen but no run-up trigger (pullback/run-up thresholds not met),2026-09-11 03:51:51 UTC
VET,,PASS,33,32.6,13.39,Breakout seen but no run-up trigger (pullback/run-up thresholds not met),2026-09-11 03:51:51 UTC
VFC,,PASS,39,39.1,12.62,Breakout seen but no run-up trigger (pullback/run-up thresholds not met),2026-09-11 03:51:51 UTC
VFF,,PASS,149,149.3,2.86,Breakout seen but no run-up trigger (pullback/run-up thresholds not met),2026-09-11 03:51:51 UTC
VFS,,PASS,76,75.5,3.01,Breakout seen but no run-up trigger (pullback/run-up thresholds not met),2026-09-11 03:51:51 UTC
VG,,PASS,43,43.1,15.5,Breakout seen but no run-up trigger (pullback/run-up thresholds not met),2026-09-11 03:51:51 UTC
VGAS,,PASS,0,,1.3,Price below minimum ($2.00),2026-09-11 03:51:51 UTC
VGNT,,PASS,0,,,Not enough daily data,2026-09-11 03:51:51 UTC
VGZ,,PASS,56,55.8,2.19,"Triangle occurred on 2026-08-28, not within last 5 bars",2026-09-11 03:51:51 UTC
VHC,,PASS,41,40.6,11.57,"Triangle occurred on 2026-08-18, not within last 5 bars",2026-09-11 03:51:51 UTC
VHCP,,PASS,0,,10.1,Breakout seen but no run-up trigger (pullback/run-up thresholds not met),2026-09-11 03:51:51 UTC
VHI,,PASS,32,31.7,18.15,Breakout seen but no run-up trigger (pullback/run-up thresholds not met),2026-09-11 03:51:51 UTC
VIA,,PASS,60,59.7,26.36,Breakout seen but no run-up trigger (pullback/run-up thresholds not met),2026-09-11 03:51:51 UTC
VIAV,,PASS,49,48.6,37.4,Run-up triggered but EMA stack failed on run-up top (EMA10>EMA20>EMA50),2026-09-11 03:51:51 UTC
VICI,,PASS,0,,24.73,Breakout seen but no run-up trigger (pullback/run-up thresholds not met),2026-09-11 03:51:51 UTC
VICR,,PASS,48,47.8,178.05,Breakout seen but no run-up trigger (pullback/run-up thresholds not met),2026-09-11 03:51:51 UTC
VIK,,PASS,0,,84.01,Breakout seen but no run-up trigger (pullback/run-up thresholds not met),2026-09-11 03:51:51 UTC
VINP,,PASS,0,,9.55,Breakout seen but no run-up trigger (pullback/run-up thresholds not met),2026-09-11 03:51:51 UTC
VIPS,,PASS,45,45.4,12.58,Breakout seen but no run-up trigger (pullback/run-up thresholds not met),2026-09-11 03:51:51 UTC
VIR,,PASS,32,32.3,10.58,"Triangle occurred on 2026-03-16, not within last 5 bars",2026-09-11 03:51:51 UTC
VIRC,,PASS,0,,6.15,Breakout seen but no run-up trigger (pullback/run-up thresholds not met),2026-09-11 03:51:51 UTC
VIRI,,PASS,0,,1.88,Price below minimum ($2.00),2026-09-11 03:51:51 UTC
VIRT,,PASS,33,33.4,61.57,Breakout seen but no run-up trigger (pullback/run-up thresholds not met),2026-09-11 03:51:51 UTC
VISL,,PASS,56,55.9,3.33,"Triangle occurred on 2026-06-01, not within last 5 bars",2026-09-11 03:51:51 UTC
VISN,,PASS,0,,6.4,Breakout seen but no run-up trigger (pullback/run-up thresholds not met),2026-09-11 03:51:51 UTC
VIST,,PASS,43,42.8,78.95,Breakout seen but no run-up trigger (pullback/run-up thresholds not met),2026-09-11 03:51:51 UTC
VITL,,PASS,35,34.8,9.79,Breakout seen but no run-up trigger (pullback/run-up thresholds not met),2026-09-11 03:51:51 UTC
VIV,,PASS,0,,11.92,Breakout seen but no run-up trigger (pullback/run-up thresholds not met),2026-09-11 03:51:51 UTC
VIVO,,PASS,63,63.0,4.02,Run-up triggered but EMA stack failed on run-up top (EMA10>EMA20>EMA50),2026-09-11 03:51:51 UTC
VKTX,,PASS,58,57.5,32.13,"Triangle occurred on 2026-07-14, not within last 5 bars",2026-09-11 03:51:51 UTC
VLCN,,PASS,40,39.9,3.02,Run-up triggered but EMA stack failed on run-up top (EMA10>EMA20>EMA50),2026-09-11 03:51:51 UTC
VLGEA,,PASS,0,,43.13,Breakout seen but no run-up trigger (pullback/run-up thresholds not met),2026-09-11 03:51:51 UTC
VLN,,PASS,0,,1.65,Price below minimum ($2.00),2026-09-11 03:51:51 UTC
VLO,,PASS,38,37.6,385.43,Breakout seen but no run-up trigger (pullback/run-up thresholds not met),2026-09-11 03:51:51 UTC
VLON,,PASS,0,,1.94,Price below minimum ($2.00),2026-09-11 03:51:51 UTC
VLRS,,PASS,36,36.2,6.47,"Triangle occurred on 2026-07-07, not within last 5 bars",2026-09-11 03:51:51 UTC
VLTO,,PASS,0,,93.45,Breakout seen but no run-up trigger (pullback/run-up thresholds not met),2026-09-11 03:51:51 UTC
VLY,,PASS,0,,13.85,Breakout seen but no run-up trigger (pullback/run-up thresholds not met),2026-09-11 03:51:51 UTC
VMC,,PASS,0,,250.6,Breakout seen but no run-up trigger (pullback/run-up thresholds not met),2026-09-11 03:51:51 UTC
VMD,,PASS,31,30.8,8.75,Breakout seen but no run-up trigger (pullback/run-up thresholds not met),2026-09-11 03:51:51 UTC
VMET,,PASS,51,50.9,9.79,Breakout seen but no run-up trigger (pullback/run-up thresholds not met),2026-09-11 03:51:51 UTC
VMI,,PASS,34,34.0,477.03,Breakout seen but no run-up trigger (pullback/run-up thresholds not met),2026-09-11 03:51:51 UTC
VNCE,,PASS,41,40.6,5.03,Triangle on 2026-09-09 but no higher low after triangle (last 10 bars),2026-09-11 03:51:51 UTC
VNDA,,PASS,96,96.3,5.04,Breakout seen but no run-up trigger (pullback/run-up thresholds not met),2026-09-11 03:51:51 UTC
VNET,,PASS,50,49.9,6.38,Run-up triggered but EMA stack failed on run-up top (EMA10>EMA20>EMA50),2026-09-11 03:51:51 UTC
VNME,,PASS,0,,10.27,Breakout seen but no run-up trigger (pullback/run-up thresholds not met),2026-09-11 03:51:51 UTC
VNO,,PASS,31,30.8,34.37,Breakout seen but no run-up trigger (pullback/run-up thresholds not met),2026-09-11 03:51:51 UTC
VNO-O,,PASS,0,,14.08,Breakout seen but no run-up trigger (pullback/run-up thresholds not met),2026-09-11 03:51:51 UTC
VNOM,,PASS,0,,44.84,Breakout seen but no run-up trigger (pullback/run-up thresholds not met),2026-09-11 03:51:51 UTC
VNRX,,PASS,0,,0.34,Price below minimum ($2.00),2026-09-11 03:51:51 UTC
VNT,,PASS,32,32.4,31.26,Breakout seen but no run-up trigger (pullback/run-up thresholds not met),2026-09-11 03:51:51 UTC
VOD,,PASS,0,,17.33,Breakout seen but no run-up trigger (pullback/run-up thresholds not met),2026-09-11 03:51:51 UTC
VOR,,PASS,46,46.0,22.34,Breakout seen but no run-up trigger (pullback/run-up thresholds not met),2026-09-11 03:51:51 UTC
VOXR,,PASS,33,33.3,5.74,Breakout seen but no run-up trigger (pullback/run-up thresholds not met),2026-09-11 03:51:51 UTC
VOYA,,PASS,30,30.1,102.67,Breakout seen but no run-up trigger (pullback/run-up thresholds not met),2026-09-11 03:51:51 UTC
VOYG,,PASS,103,103.5,32.97,"Triangle occurred on 2026-08-27, not within last 5 bars",2026-09-11 03:51:51 UTC
VPG,,PASS,35,35.0,61.72,"Triangle occurred on 2026-07-23, not within last 5 bars",2026-09-11 03:51:51 UTC
VRA,,PASS,43,42.9,3.05,Run-up triggered but EMA stack failed on run-up top (EMA10>EMA20>EMA50),2026-09-11 03:51:51 UTC
VRCA,,PASS,32,32.1,4.95,Run-up triggered but EMA stack failed on run-up top (EMA10>EMA20>EMA50),2026-09-11 03:51:51 UTC
VRDN,,PASS,35,34.7,22.29,Breakout seen but no run-up trigger (pullback/run-up thresholds not met),2026-09-11 03:51:51 UTC
VRE,,PASS,0,,30.37,Breakout seen but no run-up trigger (pullback/run-up thresholds not met),2026-09-11 03:51:51 UTC
VREX,,PASS,77,76.8,18.47,Breakout seen but no run-up trigger (pullback/run-up thresholds not met),2026-09-11 03:51:51 UTC
VRM,,PASS,72,71.9,10.26,Run-up triggered but EMA stack failed on run-up top (EMA10>EMA20>EMA50),2026-09-11 03:51:51 UTC
VRMTF,,PASS,0,,,**symbol** not found: VRMTF. Please specify it correctly according to API Documentation.,2026-09-11 03:51:51 UTC
VRNS,,PASS,56,56.0,45.5,Breakout seen but no run-up trigger (pullback/run-up thresholds not met),2026-09-11 03:51:51 UTC
VRRM,,PASS,55,55.0,3.65,Run-up triggered but EMA stack failed on run-up top (EMA10>EMA20>EMA50),2026-09-11 03:51:51 UTC
VRSK,,PASS,0,,175.86,Breakout seen but no run-up trigger (pullback/run-up thresholds not met),2026-09-11 03:51:51 UTC
VRSN,,PASS,0,,288.85,Breakout seen but no run-up trigger (pullback/run-up thresholds not met),2026-09-11 03:51:51 UTC
VRT,,PASS,30,30.3,248.13,"Triangle occurred on 2026-07-02, not within last 5 bars",2026-09-11 03:51:51 UTC
VRTS,,PASS,0,,151.82,Breakout seen but no run-up trigger (pullback/run-up thresholds not met),2026-09-11 03:51:51 UTC
VRTX,,PASS,0,,514.56,Breakout seen but no run-up trigger (pullback/run-up thresholds not met),2026-09-11 03:51:51 UTC
VSAT,,PASS,59,59.3,74.18,Breakout seen but no run-up trigger (pullback/run-up thresholds not met),2026-09-11 03:51:51 UTC
VSCO,,PASS,0,,,**symbol** not found: VSCO. Please specify it correctly according to API Documentation.,2026-09-11 03:51:51 UTC
VSEC,,PASS,35,35.3,192.64,"Triangle occurred on 2026-08-27, not within last 5 bars",2026-09-11 03:51:51 UTC
VSECU,,PASS,41,41.0,49.73,Breakout seen but no run-up trigger (pullback/run-up thresholds not met),2026-09-11 03:51:51 UTC
VSH,,PASS,92,91.7,31.29,"Triangle occurred on 2026-06-10, not within last 5 bars",2026-09-11 03:51:51 UTC
VSNT,,PASS,32,32.4,37.36,Breakout seen but no run-up trigger (pullback/run-up thresholds not met),2026-09-11 03:51:51 UTC
VST,,PASS,48,48.2,147.05,Breakout seen but no run-up trigger (pullback/run-up thresholds not met),2026-09-11 03:51:51 UTC
VSTM,,PASS,42,41.9,7.62,Breakout seen but no run-up trigger (pullback/run-up thresholds not met),2026-09-11 03:51:51 UTC
VSTS,,PASS,42,41.6,13.04,Breakout seen but no run-up trigger (pullback/run-up thresholds not met),2026-09-11 03:51:51 UTC
VTEX,,PASS,49,49.1,3.55,Breakout seen but no run-up trigger (pullback/run-up thresholds not met),2026-09-11 03:51:51 UTC
VTIX,,PASS,0,,1.07,Price below minimum ($2.00),2026-09-11 03:51:51 UTC
VTMX,,PASS,0,,33.56,Breakout seen but no run-up trigger (pullback/run-up thresholds not met),2026-09-11 03:51:51 UTC
VTOL,,PASS,0,,42.75,Breakout seen but no run-up trigger (pullback/run-up thresholds not met),2026-09-11 03:51:51 UTC
VTR,,PASS,0,,90.44,Breakout seen but no run-up trigger (pullback/run-up thresholds not met),2026-09-11 03:51:51 UTC
VTRS,,PASS,31,31.1,16.38,Breakout seen but no run-up trigger (pullback/run-up thresholds not met),2026-09-11 03:51:51 UTC
VTS,,PASS,0,,18.64,Breakout seen but no run-up trigger (pullback/run-up thresholds not met),2026-09-11 03:51:51 UTC
VTSI,,PASS,63,63.3,2.95,Breakout seen but no run-up trigger (pullback/run-up thresholds not met),2026-09-11 03:51:51 UTC
VTVT,,PASS,31,30.9,31.86,Breakout seen but no run-up trigger (pullback/run-up thresholds not met),2026-09-11 03:51:51 UTC
VUZI,,PASS,60,59.5,2.54,Run-up triggered but EMA stack failed on run-up top (EMA10>EMA20>EMA50),2026-09-11 03:51:51 UTC
VVPR,,PASS,63,63.0,4.02,Run-up triggered but EMA stack failed on run-up top (EMA10>EMA20>EMA50),2026-09-11 03:51:51 UTC
VVV,,PASS,0,,30.21,Breakout seen but no run-up trigger (pullback/run-up thresholds not met),2026-09-11 03:51:51 UTC
VVX,,PASS,34,34.1,72.56,Breakout seen but no run-up trigger (pullback/run-up thresholds not met),2026-09-11 03:51:51 UTC
VWAV,,PASS,0,,0.49,Price below minimum ($2.00),2026-09-11 03:51:51 UTC
VYGR,,PASS,68,68.1,3.19,Breakout seen but no run-up trigger (pullback/run-up thresholds not met),2026-09-11 03:51:51 UTC
VYX,,PASS,34,34.1,8.07,Breakout seen but no run-up trigger (pullback/run-up thresholds not met),2026-09-11 03:51:51 UTC
VZ,,PASS,0,,49.97,Breakout seen but no run-up trigger (pullback/run-up thresholds not met),2026-09-11 03:51:51 UTC
VZLA,,PASS,31,31.1,4.0,Breakout seen but no run-up trigger (pullback/run-up thresholds not met),2026-09-11 03:51:51 UTC
W,,PASS,50,49.8,97.45,"Triangle occurred on 2026-08-24, not within last 5 bars",2026-09-11 03:51:51 UTC
WAB,,PASS,0,,280.27,Breakout seen but no run-up trigger (pullback/run-up thresholds not met),2026-09-11 03:51:51 UTC
WABC,,PASS,0,,59.11,Breakout seen but no run-up trigger (pullback/run-up thresholds not met),2026-09-11 03:51:51 UTC
WAFD,,PASS,0,,34.1,Breakout seen but no run-up trigger (pullback/run-up thresholds not met),2026-09-11 03:51:51 UTC
WAFU,,PASS,0,,1.37,Price below minimum ($2.00),2026-09-11 03:51:51 UTC
WAI,,PASS,0,,,**symbol** not found: WAI. Please specify it correctly according to API Documentation.,2026-09-11 03:51:51 UTC
WAL,,PASS,0,,79.28,Breakout seen but no run-up trigger (pullback/run-up thresholds not met),2026-09-11 03:51:51 UTC
WASH,,PASS,0,,39.85,Breakout seen but no run-up trigger (pullback/run-up thresholds not met),2026-09-11 03:51:51 UTC
WAT,,PASS,0,,401.64,Breakout seen but no run-up trigger (pullback/run-up thresholds not met),2026-09-11 03:51:51 UTC
WATT,,PASS,63,62.9,11.23,"Triangle occurred on 2026-05-07, not within last 5 bars",2026-09-11 03:51:51 UTC
WAVD,,PASS,79,79.4,9.51,Breakout seen but no run-up trigger (pullback/run-up thresholds not met),2026-09-11 03:51:51 UTC
WAVE,,PASS,35,35.5,5.69,"Triangle occurred on 2026-05-27, not within last 5 bars",2026-09-11 03:51:51 UTC
WAY,,PASS,33,33.4,23.06,Run-up triggered but no 3-consecutive EMA touch afterwards,2026-09-11 03:51:51 UTC
WB,,PASS,76,76.4,6.61,Breakout seen but no run-up trigger (pullback/run-up thresholds not met),2026-09-11 03:51:51 UTC
WBD,,PASS,33,32.8,28.2,Breakout seen but no run-up trigger (pullback/run-up thresholds not met),2026-09-11 03:51:51 UTC
WBI,,PASS,0,,32.72,Breakout seen but no run-up trigger (pullback/run-up thresholds not met),2026-09-11 03:51:51 UTC
WBS,,PASS,0,,77.57,Breakout seen but no run-up trigger (pullback/run-up thresholds not met),2026-09-11 03:51:51 UTC
WBS.PR.G,,PASS,0,,23.77,Breakout seen but no run-up trigger (pullback/run-up thresholds not met),2026-09-11 03:51:51 UTC
WBTN,,PASS,38,37.5,10.32,Run-up triggered but EMA stack failed on run-up top (EMA10>EMA20>EMA50),2026-09-11 03:51:51 UTC
WBX,,PASS,142,142.3,3.28,Breakout seen but no run-up trigger (pullback/run-up thresholds not met),2026-09-11 03:51:51 UTC
WCC,,PASS,31,31.2,344.0,Breakout seen but no run-up trigger (pullback/run-up thresholds not met),2026-09-11 03:51:51 UTC
WCN,,PASS,0,,159.44,Breakout seen but no run-up trigger (pullback/run-up thresholds not met),2026-09-11 03:51:51 UTC
WCT,,PASS,150,150.0,7.37,Breakout seen but no run-up trigger (pullback/run-up thresholds not met),2026-09-11 03:51:51 UTC
WD,,PASS,0,,40.33,Breakout seen but no run-up trigger (pullback/run-up thresholds not met),2026-09-11 03:51:51 UTC
WDAY,,PASS,79,79.0,185.09,"Triangle occurred on 2026-08-28, not within last 5 bars",2026-09-11 03:51:51 UTC
WDC,,PASS,66,66.3,460.93,"Triangle occurred on 2026-06-30, not within last 5 bars",2026-09-11 03:51:51 UTC
WDFC,,PASS,44,44.4,199.04,Breakout seen but no run-up trigger (pullback/run-up thresholds not met),2026-09-11 03:51:51 UTC
WDS,,PASS,0,,23.89,Breakout seen but no run-up trigger (pullback/run-up thresholds not met),2026-09-11 03:51:51 UTC
WEAV,,PASS,54,54.1,7.3,Breakout seen but no run-up trigger (pullback/run-up thresholds not met),2026-09-11 03:51:51 UTC
WEC,,PASS,0,,105.35,Breakout seen but no run-up trigger (pullback/run-up thresholds not met),2026-09-11 03:51:51 UTC
WELL,,PASS,0,,235.71,Breakout seen but no run-up trigger (pullback/run-up thresholds not met),2026-09-11 03:51:51 UTC
WEN,,PASS,32,32.5,7.44,Breakout seen but no run-up trigger (pullback/run-up thresholds not met),2026-09-11 03:51:51 UTC
WENC,,PASS,0,,,Not enough daily data,2026-09-11 03:51:51 UTC
WENC.UN,,PASS,0,,,Not enough daily data,2026-09-11 03:51:51 UTC
WENN,,PASS,0,,10.39,Breakout seen but no run-up trigger (pullback/run-up thresholds not met),2026-09-11 03:51:51 UTC
WERN,,PASS,36,35.9,38.59,Breakout seen but no run-up trigger (pullback/run-up thresholds not met),2026-09-11 03:51:51 UTC
WEST,,PASS,35,35.1,7.71,"Triangle occurred on 2026-07-20, not within last 5 bars",2026-09-11 03:51:51 UTC
WETF,,PASS,42,42.3,24.26,Breakout seen but no run-up trigger (pullback/run-up thresholds not met),2026-09-11 03:51:51 UTC
WETH,,PASS,0,,1.2,Price below minimum ($2.00),2026-09-11 03:51:51 UTC
WEX,,PASS,33,33.0,190.03,Breakout seen but no run-up trigger (pullback/run-up thresholds not met),2026-09-11 03:51:51 UTC
WEYS,,PASS,32,31.6,44.61,"Triangle occurred on 2026-08-20, not within last 5 bars",2026-09-11 03:51:51 UTC
WF,,PASS,39,38.6,74.56,Breakout seen but no run-up trigger (pullback/run-up thresholds not met),2026-09-11 03:51:51 UTC
WFC,,PASS,35,34.9,89.45,Breakout seen but no run-up trigger (pullback/run-up thresholds not met),2026-09-11 03:51:51 UTC
WFCF,,WATCH,48,47.8,13.2,"Triangle on 2026-09-09 (last 5 bars) + higher low after; EMA50 touched 3 bars; breakout 2026-08-07, top 2026-09-01, pullback-trigger 2026-09-02",2026-09-11 03:51:51 UTC
WFF,,PASS,0,,1.86,Price below minimum ($2.00),2026-09-11 03:51:51 UTC
WFG,,PASS,0,,67.43,Breakout seen but no run-up trigger (pullback/run-up thresholds not met),2026-09-11 03:51:51 UTC
WFRD,,PASS,30,30.1,89.92,Breakout seen but no run-up trigger (pullback/run-up thresholds not met),2026-09-11 03:51:51 UTC
WGO,,PASS,32,31.5,28.19,Breakout seen but no run-up trigger (pullback/run-up thresholds not met),2026-09-11 03:51:51 UTC
WGS,,PASS,44,44.3,83.96,Breakout seen but no run-up trigger (pullback/run-up thresholds not met),2026-09-11 03:51:51 UTC
WH,,PASS,0,,68.62,Breakout seen but no run-up trigger (pullback/run-up thresholds not met),2026-09-11 03:51:51 UTC
WHD,,PASS,43,42.6,68.4,"Triangle occurred on 2026-08-26, not within last 5 bars",2026-09-11 03:51:51 UTC
WHF,,PASS,0,,6.98,Breakout seen but no run-up trigger (pullback/run-up thresholds not met),2026-09-11 03:51:51 UTC
WHG,,PASS,30,30.4,18.67,"Triangle occurred on 2026-07-10, not within last 5 bars",2026-09-11 03:51:51 UTC
WHR,,PASS,31,30.7,35.89,Breakout seen but no run-up trigger (pullback/run-up thresholds not met),2026-09-11 03:51:51 UTC
WHR-A,,PASS,0,,31.59,Breakout seen but no run-up trigger (pullback/run-up thresholds not met),2026-09-11 03:51:51 UTC
WHWK,,PASS,50,50.0,4.07,Triangle on 2026-09-03 but no higher low after triangle (last 10 bars),2026-09-11 03:51:51 UTC
WILC,,PASS,55,55.0,27.75,"Triangle occurred on 2026-07-01, not within last 5 bars",2026-09-11 03:51:51 UTC
WIMI,,PASS,0,,1.04,Price below minimum ($2.00),2026-09-11 03:51:51 UTC
WINA,,PASS,0,,310.05,Breakout seen but no run-up trigger (pullback/run-up thresholds not met),2026-09-11 03:51:51 UTC
WING,,PASS,0,,110.52,Breakout seen but no run-up trigger (pullback/run-up thresholds not met),2026-09-11 03:51:51 UTC
WINV,,PASS,58,58.2,12.55,Breakout seen but no run-up trigger (pullback/run-up thresholds not met),2026-09-11 03:51:51 UTC
WISH,,PASS,33,32.7,14.05,Breakout seen but no run-up trigger (pullback/run-up thresholds not met),2026-09-11 03:51:51 UTC
WIT,,PASS,0,,1.67,Price below minimum ($2.00),2026-09-11 03:51:51 UTC
WIX,,PASS,88,87.5,75.52,"Triangle occurred on 2025-09-29, not within last 5 bars",2026-09-11 03:51:51 UTC
WK,,PASS,49,48.8,71.33,Breakout seen but no run-up trigger (pullback/run-up thresholds not met),2026-09-11 03:51:51 UTC
WKC,,PASS,31,30.8,35.35,Breakout seen but no run-up trigger (pullback/run-up thresholds not met),2026-09-11 03:51:51 UTC
WKEY,,PASS,34,33.5,6.3,"Triangle occurred on 2026-06-03, not within last 5 bars",2026-09-11 03:51:51 UTC
WKHS,,WATCH,36,35.9,3.04,"Triangle on 2026-09-08 (last 5 bars) + higher low after; EMA50 touched 3 bars; breakout 2026-09-01, top 2026-09-01, pullback-trigger 2026-09-02",2026-09-11 03:51:51 UTC
WLAC,,PASS,0,,,**symbol** not found: WLAC. Please specify it correctly according to API Documentation.,2026-09-11 03:51:51 UTC
WLDN,,PASS,32,32.1,81.93,Run-up triggered but EMA stack failed on run-up top (EMA10>EMA20>EMA50),2026-09-11 03:51:51 UTC
WLFC,,PASS,45,45.2,56.19,"Triangle occurred on 2026-07-13, not within last 5 bars",2026-09-11 03:51:51 UTC
WLII,,PASS,0,,,Not enough daily data,2026-09-11 03:51:51 UTC
WLK,,PASS,39,39.2,71.62,Breakout seen but no run-up trigger (pullback/run-up thresholds not met),2026-09-11 03:51:51 UTC
WLTH,,PASS,79,78.7,10.88,Breakout seen but no run-up trigger (pullback/run-up thresholds not met),2026-09-11 03:51:51 UTC
WLTW,,PASS,48,48.3,315.41,Breakout seen but no run-up trigger (pullback/run-up thresholds not met),2026-09-11 03:51:51 UTC
WLY,,PASS,0,,47.24,Breakout seen but no run-up trigger (pullback/run-up thresholds not met),2026-09-11 03:51:51 UTC
WLYB,,PASS,0,,48.38,Breakout seen but no run-up trigger (pullback/run-up thresholds not met),2026-09-11 03:51:51 UTC
WM,,PASS,0,,214.77,Breakout seen but no run-up trigger (pullback/run-up thresholds not met),2026-09-11 03:51:51 UTC
WMB,,PASS,0,,72.82,Breakout seen but no run-up trigger (pullback/run-up thresholds not met),2026-09-11 03:51:51 UTC
WMG,,PASS,31,30.9,27.84,Breakout seen but no run-up trigger (pullback/run-up thresholds not met),2026-09-11 03:51:51 UTC
WMK,,PASS,0,,71.18,Breakout seen but no run-up trigger (pullback/run-up thresholds not met),2026-09-11 03:51:51 UTC
WMS,,PASS,0,,127.16,Breakout seen but no run-up trigger (pullback/run-up thresholds not met),2026-09-11 03:51:51 UTC
WMT,,PASS,0,,105.73,Breakout seen but no run-up trigger (pullback/run-up thresholds not met),2026-09-11 03:51:51 UTC
WNC,,PASS,99,98.6,12.62,Breakout seen but no run-up trigger (pullback/run-up thresholds not met),2026-09-11 03:51:51 UTC
WNEB,,PASS,0,,13.68,Breakout seen but no run-up trigger (pullback/run-up thresholds not met),2026-09-11 03:51:51 UTC
WNW,,PASS,37,37.2,2.31,"Triangle occurred on 2026-05-04, not within last 5 bars",2026-09-11 03:51:51 UTC
WOLF,,PASS,76,76.1,25.17,Run-up triggered but EMA stack failed on run-up top (EMA10>EMA20>EMA50),2026-09-11 03:51:51 UTC
WOOF,,PASS,69,68.7,2.43,Breakout seen but no run-up trigger (pullback/run-up thresholds not met),2026-09-11 03:51:51 UTC
WOR,,PASS,46,46.4,57.61,Breakout seen but no run-up trigger (pullback/run-up thresholds not met),2026-09-11 03:51:51 UTC
WPAC,,PASS,0,,10.05,Breakout seen but no run-up trigger (pullback/run-up thresholds not met),2026-09-11 03:51:51 UTC
WPAC.UN,,PASS,0,,10.36,Breakout seen but no run-up trigger (pullback/run-up thresholds not met),2026-09-11 03:51:51 UTC
WPC,,PASS,0,,69.55,Breakout seen but no run-up trigger (pullback/run-up thresholds not met),2026-09-11 03:51:51 UTC
WPM,,PASS,54,54.2,150.98,"Triangle occurred on 2026-04-23, not within last 5 bars",2026-09-11 03:51:51 UTC
WPP,,WATCH,55,55.4,24.77,"Triangle on 2026-09-08 (last 5 bars) + higher low after; EMA10 touched 3 bars; breakout 2026-08-07, top 2026-08-07, pullback-trigger 2026-08-17",2026-09-11 03:51:51 UTC
WPRT,,PASS,0,,1.76,Price below minimum ($2.00),2026-09-11 03:51:51 UTC
WRB,,PASS,0,,70.05,Breakout seen but no run-up trigger (pullback/run-up thresholds not met),2026-09-11 03:51:51 UTC
WRBY,,PASS,32,31.6,24.3,"Triangle occurred on 2026-08-10, not within last 5 bars",2026-09-11 03:51:51 UTC
WRD,,PASS,38,38.2,5.7,Breakout seen but no run-up trigger (pullback/run-up thresholds not met),2026-09-11 03:51:51 UTC
WRE,,PASS,0,,1.66,Price below minimum ($2.00),2026-09-11 03:51:51 UTC
WRLD,,PASS,38,38.1,190.0,"Triangle occurred on 2026-07-13, not within last 5 bars",2026-09-11 03:51:51 UTC
WRN,,PASS,40,39.6,2.39,Breakout seen but no run-up trigger (pullback/run-up thresholds not met),2026-09-11 03:51:51 UTC
WS,,PASS,34,34.5,33.75,Breakout seen but no run-up trigger (pullback/run-up thresholds not met),2026-09-11 03:51:51 UTC
WSBC,,PASS,0,,40.25,Breakout seen but no run-up trigger (pullback/run-up thresholds not met),2026-09-11 03:51:51 UTC
WSBF,,PASS,0,,21.36,Breakout seen but no run-up trigger (pullback/run-up thresholds not met),2026-09-11 03:51:51 UTC
WSBK,,PASS,0,,12.96,Breakout seen but no run-up trigger (pullback/run-up thresholds not met),2026-09-11 03:51:51 UTC
WSC,,PASS,32,32.1,18.68,Breakout seen but no run-up trigger (pullback/run-up thresholds not met),2026-09-11 03:51:51 UTC
WSE,,PASS,337,336.8,11.93,Breakout seen but no run-up trigger (pullback/run-up thresholds not met),2026-09-11 03:51:51 UTC
WSFS,,PASS,34,34.4,79.94,Breakout seen but no run-up trigger (pullback/run-up thresholds not met),2026-09-11 03:51:51 UTC
WSHP,,PASS,76,75.8,5.23,Run-up triggered but EMA stack failed on run-up top (EMA10>EMA20>EMA50),2026-09-11 03:51:51 UTC
WSM,,PASS,41,41.3,223.74,Breakout seen but no run-up trigger (pullback/run-up thresholds not met),2026-09-11 03:51:51 UTC
WSO,,PASS,0,,310.9,Breakout seen but no run-up trigger (pullback/run-up thresholds not met),2026-09-11 03:51:51 UTC
WSO.B,,PASS,0,,312.46,Breakout seen but no run-up trigger (pullback/run-up thresholds not met),2026-09-11 03:51:51 UTC
WSR,,PASS,0,,0.58,Price below minimum ($2.00),2026-09-11 03:51:51 UTC
WST,,PASS,41,40.7,344.25,Breakout seen but no run-up trigger (pullback/run-up thresholds not met),2026-09-11 03:51:51 UTC
WT,,PASS,42,42.3,24.26,Breakout seen but no run-up trigger (pullback/run-up thresholds not met),2026-09-11 03:51:51 UTC
WTBA,,PASS,0,,29.2,Breakout seen but no run-up trigger (pullback/run-up thresholds not met),2026-09-11 03:51:51 UTC
WTF,,PASS,36,36.3,2.6,"Triangle occurred on 2026-04-23, not within last 5 bars",2026-09-11 03:51:51 UTC
WTFC,,PASS,39,38.9,150.75,Breakout seen but no run-up trigger (pullback/run-up thresholds not met),2026-09-11 03:51:51 UTC
WTG,,PASS,0,,10.59,Breakout seen but no run-up trigger (pullback/run-up thresholds not met),2026-09-11 03:51:51 UTC
WTI,,PASS,49,49.4,4.19,Breakout seen but no run-up trigger (pullback/run-up thresholds not met),2026-09-11 03:51:51 UTC
WTM,,PASS,0,,2075.99,Breakout seen but no run-up trigger (pullback/run-up thresholds not met),2026-09-11 03:51:51 UTC
WTRG,,PASS,0,,41.8,Breakout seen but no run-up trigger (pullback/run-up thresholds not met),2026-09-11 03:51:51 UTC
WTS,,PASS,0,,350.26,Breakout seen but no run-up trigger (pullback/run-up thresholds not met),2026-09-11 03:51:51 UTC
WTTR,,PASS,36,35.8,20.36,Breakout seen but no run-up trigger (pullback/run-up thresholds not met),2026-09-11 03:51:51 UTC
WTW,,PASS,0,,315.41,Breakout seen but no run-up trigger (pullback/run-up thresholds not met),2026-09-11 03:51:51 UTC
WU,,PASS,0,,6.89,Breakout seen but no run-up trigger (pullback/run-up thresholds not met),2026-09-11 03:51:51 UTC
WULF,,PASS,39,39.1,16.14,Breakout seen but no run-up trigger (pullback/run-up thresholds not met),2026-09-11 03:51:51 UTC
WVE,,PASS,214,213.6,4.67,Breakout seen but no run-up trigger (pullback/run-up thresholds not met),2026-09-11 03:51:51 UTC
WVFC,,PASS,37,36.6,20.5,Breakout seen but no run-up trigger (pullback/run-up thresholds not met),2026-09-11 03:51:51 UTC
WVVI,,PASS,94,94.2,2.18,Breakout seen but no run-up trigger (pullback/run-up thresholds not met),2026-09-11 03:51:51 UTC
WW,,PASS,44,44.3,14.78,"Triangle occurred on 2026-08-12, not within last 5 bars",2026-09-11 03:51:51 UTC
WWD,,PASS,34,33.8,332.76,"Triangle occurred on 2026-07-01, not within last 5 bars",2026-09-11 03:51:51 UTC
WWW,,PASS,32,32.4,19.29,"Triangle occurred on 2026-09-01, not within last 5 bars",2026-09-11 03:51:51 UTC
WY,,PASS,0,,21.99,Breakout seen but no run-up trigger (pullback/run-up thresholds not met),2026-09-11 03:51:51 UTC
WYFI,,PASS,115,115.1,18.53,"Triangle occurred on 2026-06-29, not within last 5 bars",2026-09-11 03:51:51 UTC
WYNN,,PASS,35,34.6,88.42,Breakout seen but no run-up trigger (pullback/run-up thresholds not met),2026-09-11 03:51:51 UTC
WYY,,PASS,132,132.1,10.71,"Triangle occurred on 2026-07-06, not within last 5 bars",2026-09-11 03:51:51 UTC
XBIO,,PASS,55,55.3,4.07,Triangle on 2026-09-10 but no higher low after triangle (last 10 bars),2026-09-11 03:51:51 UTC
XBIT,,PASS,65,64.6,2.17,Breakout seen but no run-up trigger (pullback/run-up thresholds not met),2026-09-11 03:51:51 UTC
XBP,,PASS,33,33.3,2.82,Run-up triggered but EMA stack failed on run-up top (EMA10>EMA20>EMA50),2026-09-11 03:51:51 UTC
XCBE,,PASS,0,,10.01,Breakout seen but no run-up trigger (pullback/run-up thresholds not met),2026-09-11 03:51:51 UTC
XCUR,,PASS,0,,1.37,Price below minimum ($2.00),2026-09-11 03:51:51 UTC
XE,,PASS,0,,,Not enough daily data,2026-09-11 03:51:51 UTC
XEL,,PASS,0,,75.41,Breakout seen but no run-up trigger (pullback/run-up thresholds not met),2026-09-11 03:51:51 UTC
XELB,,PASS,0,,0.89,Price below minimum ($2.00),2026-09-11 03:51:51 UTC
XENE,,PASS,43,42.7,58.8,"Triangle occurred on 2026-07-21, not within last 5 bars",2026-09-11 03:51:51 UTC
XERS,,PASS,55,55.2,7.67,Breakout seen but no run-up trigger (pullback/run-up thresholds not met),2026-09-11 03:51:51 UTC
XFLH,,PASS,0,,10.0,Breakout seen but no run-up trigger (pullback/run-up thresholds not met),2026-09-11 03:51:51 UTC
XFLH.UN,,PASS,0,,10.14,Breakout seen but no run-up trigger (pullback/run-up thresholds not met),2026-09-11 03:51:51 UTC
XFOR,,PASS,35,35.4,3.4,"Triangle occurred on 2026-08-17, not within last 5 bars",2026-09-11 03:51:51 UTC
XGN,,PASS,74,73.6,6.97,Breakout seen but no run-up trigger (pullback/run-up thresholds not met),2026-09-11 03:51:51 UTC
XHR,,PASS,32,31.8,17.6,Breakout seen but no run-up trigger (pullback/run-up thresholds not met),2026-09-11 03:51:51 UTC
XIFR,,PASS,30,30.4,11.48,Breakout seen but no run-up trigger (pullback/run-up thresholds not met),2026-09-11 03:51:51 UTC
XLO,,PASS,34,33.8,8.93,Breakout seen but no run-up trigger (pullback/run-up thresholds not met),2026-09-11 03:51:51 UTC
XMAX,,PASS,259,259.4,8.54,Breakout seen but no run-up trigger (pullback/run-up thresholds not met),2026-09-11 03:51:51 UTC
XMTR,,PASS,125,125.3,84.85,Breakout seen but no run-up trigger (pullback/run-up thresholds not met),2026-09-11 03:51:51 UTC
XNCR,,PASS,61,60.5,24.26,"Triangle occurred on 2026-09-01, not within last 5 bars",2026-09-11 03:51:51 UTC
XNDU,,PASS,0,,,Not enough daily data,2026-09-11 03:51:51 UTC
XNET,,PASS,39,39.2,4.89,Breakout seen but no run-up trigger (pullback/run-up thresholds not met),2026-09-11 03:51:51 UTC
XOM,,PASS,33,32.7,165.23,Breakout seen but no run-up trigger (pullback/run-up thresholds not met),2026-09-11 03:51:51 UTC
XOMA,,PASS,0,,,**symbol** not found: XOMA. Please specify it correctly according to API Documentation.,2026-09-11 03:51:51 UTC
XOS,,PASS,158,157.8,2.79,"Triangle occurred on 2026-06-10, not within last 5 bars",2026-09-11 03:51:51 UTC
XP,,PASS,35,34.8,19.97,"Triangle occurred on 2026-02-03, not within last 5 bars",2026-09-11 03:51:51 UTC
XPDB,,PASS,61,60.7,4.26,"Triangle occurred on 2026-08-18, not within last 5 bars",2026-09-11 03:51:51 UTC
XPEL,,PASS,58,57.7,48.06,Breakout seen but no run-up trigger (pullback/run-up thresholds not met),2026-09-11 03:51:51 UTC
XPER,,PASS,32,31.8,5.71,Breakout seen but no run-up trigger (pullback/run-up thresholds not met),2026-09-11 03:51:51 UTC
XPEV,,PASS,33,33.2,10.34,Breakout seen but no run-up trigger (pullback/run-up thresholds not met),2026-09-11 03:51:51 UTC
XPO,,PASS,41,41.1,182.34,Breakout seen but no run-up trigger (pullback/run-up thresholds not met),2026-09-11 03:51:51 UTC
XPOF,,PASS,34,34.4,4.04,Run-up triggered but EMA stack failed on run-up top (EMA10>EMA20>EMA50),2026-09-11 03:51:51 UTC
XPRO,,PASS,34,33.8,17.57,"Triangle occurred on 2026-08-28, not within last 5 bars",2026-09-11 03:51:51 UTC
XRAY,,PASS,35,34.7,10.5,Breakout seen but no run-up trigger (pullback/run-up thresholds not met),2026-09-11 03:51:51 UTC
XRN,,PASS,450,450.0,36.62,Breakout seen but no run-up trigger (pullback/run-up thresholds not met),2026-09-11 03:51:51 UTC
XRN-B,,PASS,0,,25.19,Breakout seen but no run-up trigger (pullback/run-up thresholds not met),2026-09-11 03:51:51 UTC
XRPN,,PASS,0,,10.55,Breakout seen but no run-up trigger (pullback/run-up thresholds not met),2026-09-11 03:51:51 UTC
XRTX,,PASS,41,40.8,2.11,Run-up triggered but EMA stack failed on run-up top (EMA10>EMA20>EMA50),2026-09-11 03:51:51 UTC
XRX,,PASS,51,50.6,3.17,Breakout seen but no run-up trigger (pullback/run-up thresholds not met),2026-09-11 03:51:51 UTC
XSLL,,PASS,0,,10.0,Breakout seen but no run-up trigger (pullback/run-up thresholds not met),2026-09-11 03:51:51 UTC
XTIA,,PASS,0,,1.04,Price below minimum ($2.00),2026-09-11 03:51:51 UTC
XTLB,,PASS,41,40.8,2.52,"Triangle occurred on 2026-08-20, not within last 5 bars",2026-09-11 03:51:51 UTC
XWIN,,PASS,0,,,**symbol** not found: XWIN. Please specify it correctly according to API Documentation.,2026-09-11 03:51:51 UTC
XXI,,PASS,61,60.7,5.45,Run-up triggered but EMA stack failed on run-up top (EMA10>EMA20>EMA50),2026-09-11 03:51:51 UTC
XYF,,PASS,41,41.3,5.18,Breakout seen but no run-up trigger (pullback/run-up thresholds not met),2026-09-11 03:51:51 UTC
XYL,,PASS,0,,106.55,Breakout seen but no run-up trigger (pullback/run-up thresholds not met),2026-09-11 03:51:51 UTC
XYZ,,PASS,35,34.7,79.07,Breakout seen but no run-up trigger (pullback/run-up thresholds not met),2026-09-11 03:51:51 UTC
XZO,,PASS,49,48.9,15.78,Breakout seen but no run-up trigger (pullback/run-up thresholds not met),2026-09-11 03:51:51 UTC
YALA,,PASS,80,80.2,5.44,Breakout seen but no run-up trigger (pullback/run-up thresholds not met),2026-09-11 03:51:51 UTC
YB,,PASS,33,33.4,13.64,Breakout seen but no run-up trigger (pullback/run-up thresholds not met),2026-09-11 03:51:51 UTC
YCY,,PASS,0,,10.26,Breakout seen but no run-up trigger (pullback/run-up thresholds not met),2026-09-11 03:51:51 UTC
YCY.UN,,PASS,0,,10.29,Breakout seen but no run-up trigger (pullback/run-up thresholds not met),2026-09-11 03:51:51 UTC
YDDL,,PASS,0,,1.65,Price below minimum ($2.00),2026-09-11 03:51:51 UTC
YDES,,PASS,130,130.4,3.9,"Triangle occurred on 2026-08-28, not within last 5 bars",2026-09-11 03:51:51 UTC
YELP,,PASS,0,,20.95,Breakout seen but no run-up trigger (pullback/run-up thresholds not met),2026-09-11 03:51:51 UTC
YETI,,PASS,31,31.3,39.47,Breakout seen but no run-up trigger (pullback/run-up thresholds not met),2026-09-11 03:51:51 UTC
YEXT,,PASS,41,40.8,6.28,Triangle on 2026-09-09 but no higher low after triangle (last 10 bars),2026-09-11 03:51:51 UTC
YHGJ,,PASS,34,33.8,2.65,Breakout seen but no run-up trigger (pullback/run-up thresholds not met),2026-09-11 03:51:51 UTC
YHNA,,PASS,0,,11.1,Breakout seen but no run-up trigger (pullback/run-up thresholds not met),2026-09-11 03:51:51 UTC
YI,,PASS,133,133.2,3.45,"Triangle occurred on 2026-03-13, not within last 5 bars",2026-09-11 03:51:51 UTC
YJ,,PASS,0,,1.91,Price below minimum ($2.00),2026-09-11 03:51:51 UTC
YMM,,PASS,30,30.2,8.14,Breakout seen but no run-up trigger (pullback/run-up thresholds not met),2026-09-11 03:51:51 UTC
ZEPP,,PASS,45,45.1,4.95,Run-up triggered but EMA stack failed on run-up top (EMA10>EMA20>EMA50),2026-09-11 03:51:51 UTC
ZETA,,PASS,57,56.7,30.56,Breakout seen but no run-up trigger (pullback/run-up thresholds not met),2026-09-11 03:51:51 UTC
ZG,,PASS,31,31.0,31.88,"Triangle occurred on 2026-08-28, not within last 5 bars",2026-09-11 03:51:51 UTC
ZGM,,PASS,0,,,**symbol** not found: ZGM. Please specify it correctly according to API Documentation.,2026-09-11 03:51:51 UTC
ZGN,,PASS,38,37.9,11.63,Breakout seen but no run-up trigger (pullback/run-up thresholds not met),2026-09-11 03:51:51 UTC
ZH,,PASS,40,39.5,2.81,Breakout seen but no run-up trigger (pullback/run-up thresholds not met),2026-09-11 03:51:51 UTC
ZIM,,PASS,49,49.3,29.47,Breakout seen but no run-up trigger (pullback/run-up thresholds not met),2026-09-11 03:51:51 UTC
ZION,,PASS,0,,68.29,Breakout seen but no run-up trigger (pullback/run-up thresholds not met),2026-09-11 03:51:51 UTC
ZIP,,PASS,41,41.0,3.69,"Triangle occurred on 2026-08-17, not within last 5 bars",2026-09-11 03:51:51 UTC
ZIVO,,PASS,69,69.4,3.6,"Triangle occurred on 2024-11-29, not within last 5 bars",2026-09-11 03:51:51 UTC
ZJK,,PASS,58,58.5,2.16,Run-up triggered but EMA stack failed on run-up top (EMA10>EMA20>EMA50),2026-09-11 03:51:51 UTC
ZJYL,,PASS,96,95.8,2.06,Run-up triggered but EMA stack failed on run-up top (EMA10>EMA20>EMA50),2026-09-11 03:51:51 UTC
ZKH,,PASS,58,58.3,2.9,"Triangle occurred on 2026-08-04, not within last 5 bars",2026-09-11 03:51:51 UTC
ZKIN,,PASS,0,,1.24,Price below minimum ($2.00),2026-09-11 03:51:51 UTC
ZKP,,PASS,0,,10.03,Breakout seen but no run-up trigger (pullback/run-up thresholds not met),2026-09-11 03:51:51 UTC
ZLAB,,PASS,53,53.5,24.17,"Triangle occurred on 2026-05-15, not within last 5 bars",2026-09-11 03:51:51 UTC
ZM,,PASS,33,33.1,95.46,"Triangle occurred on 2026-08-25, not within last 5 bars",2026-09-11 03:51:51 UTC
ZNB,,PASS,0,,1.47,Price below minimum ($2.00),2026-09-11 03:51:51 UTC
ZNTL,,PASS,47,47.3,3.59,"Triangle occurred on 2026-07-14, not within last 5 bars",2026-09-11 03:51:51 UTC
ZS,,PASS,37,37.2,163.48,"Triangle occurred on 2026-08-24, not within last 5 bars",2026-09-11 03:51:51 UTC
ZSQR,,PASS,73,73.1,3.16,"Triangle occurred on 2026-06-25, not within last 5 bars",2026-09-11 03:51:51 UTC
ZSTK,,PASS,727,726.7,4.9,Run-up triggered but EMA stack failed on run-up top (EMA10>EMA20>EMA50),2026-09-11 03:51:51 UTC
ZTG,,PASS,0,,0.77,Price below minimum ($2.00),2026-09-11 03:51:51 UTC
ZTO,,PASS,0,,20.85,Breakout seen but no run-up trigger (pullback/run-up thresholds not met),2026-09-11 03:51:51 UTC
ZTS,,PASS,0,,72.86,Breakout seen but no run-up trigger (pullback/run-up thresholds not met),2026-09-11 03:51:51 UTC
ZTST,,PASS,0,,12345.0,Breakout seen but no run-up trigger (pullback/run-up thresholds not met),2026-09-11 03:51:51 UTC
ZUMZ,,PASS,48,47.6,16.71,Breakout seen but no run-up trigger (pullback/run-up thresholds not met),2026-09-11 03:51:51 UTC
ZURA,,WATCH,30,30.3,5.38,"Triangle on 2026-09-04 (last 5 bars) + higher low after; EMA10 touched 3 bars; breakout 2026-08-24, top 2026-08-24, pullback-trigger 2026-08-25",2026-09-11 03:51:51 UTC
ZVIA,,PASS,0,,1.24,Price below minimum ($2.00),2026-09-11 03:51:51 UTC
ZVRA,,PASS,43,42.6,12.06,Breakout seen but no run-up trigger (pullback/run-up thresholds not met),2026-09-11 03:51:51 UTC
ZVZZT,,PASS,1381,1381.0,34.72,"Triangle occurred on 2026-07-08, not within last 5 bars",2026-09-11 03:51:51 UTC
ZWS,,PASS,0,,45.52,Breakout seen but no run-up trigger (pullback/run-up thresholds not met),2026-09-11 03:51:51 UTC
ZYME,,PASS,42,42.3,26.43,Breakout seen but no run-up trigger (pullback/run-up thresholds not met),2026-09-11 03:51:51 UTC
